transaction_id,timestamp,minute_offset,payment_method,bank,region,merchant_id,amount,success,failure_reason
TXN0000643,2026-08-30 05:27:01+00:00,0,UPI,KOTAK,West,M003,1219.51,1,NONE
TXN0002299,2026-08-30 05:27:02+00:00,0,UPI,SBI,North,M006,4756.49,1,NONE
TXN0004206,2026-08-30 05:27:03+00:00,0,UPI,ICICI,Central,M004,1714.12,1,NONE
TXN0001684,2026-08-30 05:27:03+00:00,0,UPI,ICICI,North,M003,3001.88,1,NONE
TXN0003871,2026-08-30 05:27:04+00:00,0,UPI,AXIS,South,M002,779.78,1,NONE
TXN0005739,2026-08-30 05:27:08+00:00,0,UPI,SBI,East,M002,5300.81,1,NONE
TXN0000587,2026-08-30 05:27:10+00:00,0,CARD,HDFC,Central,M006,1677.34,0,INSUFFICIENT_FUNDS
TXN0001639,2026-08-30 05:27:15+00:00,0,UPI,HDFC,West,M005,1195.77,1,NONE
TXN0003869,2026-08-30 05:27:17+00:00,0,WALLET,SBI,East,M004,988.85,1,NONE
TXN0005389,2026-08-30 05:27:17+00:00,0,NETBANKING,SBI,West,M004,1287.58,0,INSUFFICIENT_FUNDS
TXN0003870,2026-08-30 05:27:20+00:00,0,UPI,ICICI,Central,M002,1021.22,1,NONE
TXN0006088,2026-08-30 05:27:23+00:00,0,CARD,ICICI,South,M006,1176.02,1,NONE
TXN0005229,2026-08-30 05:27:25+00:00,0,CARD,ICICI,West,M001,2214.16,1,NONE
TXN0007069,2026-08-30 05:27:27+00:00,0,WALLET,HDFC,North,M002,536.46,1,NONE
TXN0003336,2026-08-30 05:27:29+00:00,0,CARD,KOTAK,East,M001,5001.71,1,NONE
TXN0001527,2026-08-30 05:27:30+00:00,0,UPI,AXIS,West,M005,388.03,1,NONE
TXN0000007,2026-08-30 05:27:30+00:00,0,UPI,ICICI,South,M003,1511.38,1,NONE
TXN0001487,2026-08-30 05:27:33+00:00,0,CARD,ICICI,Central,M002,2736.42,1,NONE
TXN0005705,2026-08-30 05:27:35+00:00,0,UPI,HDFC,North,M004,1137.56,1,NONE
TXN0006207,2026-08-30 05:27:36+00:00,0,CARD,KOTAK,East,M005,199.99,1,NONE
TXN0006142,2026-08-30 05:27:36+00:00,0,CARD,AXIS,Central,M003,859.85,1,NONE
TXN0002147,2026-08-30 05:27:37+00:00,0,CARD,AXIS,Central,M004,804.89,1,NONE
TXN0002707,2026-08-30 05:27:38+00:00,0,UPI,KOTAK,Central,M003,2386.21,1,NONE
TXN0001488,2026-08-30 05:27:38+00:00,0,WALLET,HDFC,West,M005,580.5,1,NONE
TXN0006435,2026-08-30 05:27:39+00:00,0,UPI,SBI,North,M006,908.63,1,NONE
TXN0005782,2026-08-30 05:27:42+00:00,0,CARD,KOTAK,North,M002,1540.43,1,NONE
TXN0005792,2026-08-30 05:27:42+00:00,0,CARD,KOTAK,North,M002,418.27,1,NONE
TXN0001320,2026-08-30 05:27:43+00:00,0,WALLET,HDFC,South,M005,1764.36,1,NONE
TXN0003845,2026-08-30 05:27:43+00:00,0,UPI,HDFC,West,M003,955.97,1,NONE
TXN0005441,2026-08-30 05:27:44+00:00,0,NETBANKING,HDFC,South,M003,3012.13,1,NONE
TXN0004599,2026-08-30 05:27:44+00:00,0,UPI,SBI,Central,M001,858.51,1,NONE
TXN0000560,2026-08-30 05:27:49+00:00,0,CARD,HDFC,East,M006,1226.07,1,NONE
TXN0001339,2026-08-30 05:27:49+00:00,0,WALLET,SBI,West,M004,792.12,1,NONE
TXN0002606,2026-08-30 05:27:51+00:00,0,NETBANKING,SBI,South,M003,2141.52,1,NONE
TXN0000803,2026-08-30 05:27:55+00:00,0,UPI,HDFC,South,M004,901.37,1,NONE
TXN0005081,2026-08-30 05:27:55+00:00,0,CARD,AXIS,South,M003,894.07,1,NONE
TXN0003622,2026-08-30 05:27:57+00:00,0,UPI,SBI,West,M002,1104.5,1,NONE
TXN0006010,2026-08-30 05:27:58+00:00,0,UPI,HDFC,North,M006,822.09,1,NONE
TXN0003534,2026-08-30 05:27:58+00:00,0,UPI,AXIS,East,M003,2912.47,1,NONE
TXN0005417,2026-08-30 05:27:59+00:00,0,UPI,AXIS,Central,M002,1538.79,1,NONE
TXN0003162,2026-08-30 05:28:00+00:00,1,UPI,AXIS,South,M001,1331.66,1,NONE
TXN0005044,2026-08-30 05:28:01+00:00,1,UPI,KOTAK,Central,M004,3095.08,1,NONE
TXN0000397,2026-08-30 05:28:01+00:00,1,UPI,HDFC,South,M001,1556.87,1,NONE
TXN0005438,2026-08-30 05:28:01+00:00,1,NETBANKING,SBI,West,M001,990.44,1,NONE
TXN0007110,2026-08-30 05:28:03+00:00,1,CARD,ICICI,East,M005,230.63,1,NONE
TXN0003651,2026-08-30 05:28:04+00:00,1,CARD,ICICI,Central,M001,3382.95,1,NONE
TXN0006837,2026-08-30 05:28:06+00:00,1,UPI,HDFC,South,M002,723.7,1,NONE
TXN0005188,2026-08-30 05:28:07+00:00,1,CARD,KOTAK,South,M004,3438.16,1,NONE
TXN0006437,2026-08-30 05:28:07+00:00,1,UPI,ICICI,South,M006,1306.08,1,NONE
TXN0001326,2026-08-30 05:28:09+00:00,1,UPI,SBI,North,M006,599.81,1,NONE
TXN0006246,2026-08-30 05:28:10+00:00,1,UPI,AXIS,East,M002,1048.71,0,CUSTOMER_CANCELLED
TXN0004347,2026-08-30 05:28:11+00:00,1,UPI,HDFC,Central,M005,1529.79,1,NONE
TXN0000812,2026-08-30 05:28:11+00:00,1,CARD,KOTAK,North,M001,2094.74,1,NONE
TXN0003388,2026-08-30 05:28:14+00:00,1,NETBANKING,HDFC,East,M002,5752.76,1,NONE
TXN0004788,2026-08-30 05:28:17+00:00,1,CARD,KOTAK,South,M004,1270.7,0,BANK_DECLINED
TXN0000414,2026-08-30 05:28:18+00:00,1,UPI,ICICI,North,M002,3224.46,1,NONE
TXN0004393,2026-08-30 05:28:19+00:00,1,UPI,HDFC,South,M001,1158.8,1,NONE
TXN0004687,2026-08-30 05:28:21+00:00,1,UPI,HDFC,South,M001,1917.58,1,NONE
TXN0002823,2026-08-30 05:28:21+00:00,1,CARD,SBI,East,M002,1054.58,1,NONE
TXN0006403,2026-08-30 05:28:22+00:00,1,UPI,ICICI,East,M003,4092.78,1,NONE
TXN0004468,2026-08-30 05:28:23+00:00,1,CARD,KOTAK,South,M003,931.34,1,NONE
TXN0005776,2026-08-30 05:28:23+00:00,1,CARD,KOTAK,West,M004,2395.73,1,NONE
TXN0000142,2026-08-30 05:28:24+00:00,1,UPI,ICICI,West,M003,725.12,1,NONE
TXN0002408,2026-08-30 05:28:25+00:00,1,CARD,HDFC,South,M001,1099.96,1,NONE
TXN0001580,2026-08-30 05:28:27+00:00,1,WALLET,ICICI,East,M001,741.61,1,NONE
TXN0003138,2026-08-30 05:28:32+00:00,1,UPI,ICICI,North,M003,403.88,1,NONE
TXN0006672,2026-08-30 05:28:33+00:00,1,UPI,ICICI,South,M002,6839.14,1,NONE
TXN0007109,2026-08-30 05:28:35+00:00,1,UPI,ICICI,South,M006,2320.67,0,CUSTOMER_CANCELLED
TXN0006020,2026-08-30 05:28:35+00:00,1,NETBANKING,AXIS,East,M006,2844.23,1,NONE
TXN0004348,2026-08-30 05:28:38+00:00,1,UPI,ICICI,East,M006,959.41,1,NONE
TXN0002028,2026-08-30 05:28:42+00:00,1,NETBANKING,HDFC,North,M006,365.65,1,NONE
TXN0003972,2026-08-30 05:28:43+00:00,1,WALLET,KOTAK,Central,M006,926.56,1,NONE
TXN0005991,2026-08-30 05:28:45+00:00,1,WALLET,HDFC,East,M001,1138.13,1,NONE
TXN0005781,2026-08-30 05:28:45+00:00,1,UPI,SBI,East,M002,911.05,1,NONE
TXN0002830,2026-08-30 05:28:45+00:00,1,CARD,KOTAK,West,M005,1652.03,1,NONE
TXN0003879,2026-08-30 05:28:49+00:00,1,UPI,KOTAK,South,M005,772.12,1,NONE
TXN0001880,2026-08-30 05:28:50+00:00,1,WALLET,SBI,South,M002,2691.0,1,NONE
TXN0005124,2026-08-30 05:28:51+00:00,1,NETBANKING,ICICI,East,M006,1903.7,1,NONE
TXN0003345,2026-08-30 05:28:54+00:00,1,UPI,SBI,East,M004,1720.97,1,NONE
TXN0001473,2026-08-30 05:28:57+00:00,1,NETBANKING,SBI,South,M006,2443.61,1,NONE
TXN0004374,2026-08-30 05:29:07+00:00,2,UPI,HDFC,East,M006,880.23,1,NONE
TXN0005955,2026-08-30 05:29:09+00:00,2,UPI,ICICI,West,M004,1749.08,1,NONE
TXN0002161,2026-08-30 05:29:10+00:00,2,UPI,SBI,West,M003,1569.65,1,NONE
TXN0000871,2026-08-30 05:29:10+00:00,2,CARD,AXIS,East,M006,1310.71,1,NONE
TXN0004255,2026-08-30 05:29:11+00:00,2,UPI,AXIS,North,M005,4102.68,1,NONE
TXN0003778,2026-08-30 05:29:13+00:00,2,CARD,AXIS,North,M004,576.82,1,NONE
TXN0001799,2026-08-30 05:29:16+00:00,2,NETBANKING,KOTAK,West,M003,670.84,1,NONE
TXN0005172,2026-08-30 05:29:17+00:00,2,UPI,SBI,East,M005,1676.16,1,NONE
TXN0000900,2026-08-30 05:29:17+00:00,2,NETBANKING,HDFC,North,M004,1094.0,0,BANK_DECLINED
TXN0006413,2026-08-30 05:29:18+00:00,2,UPI,ICICI,Central,M001,718.34,1,NONE
TXN0005954,2026-08-30 05:29:19+00:00,2,CARD,SBI,North,M006,2089.24,0,BANK_DECLINED
TXN0004615,2026-08-30 05:29:20+00:00,2,CARD,HDFC,South,M004,1013.34,0,CUSTOMER_CANCELLED
TXN0005856,2026-08-30 05:29:20+00:00,2,UPI,KOTAK,South,M004,2312.64,1,NONE
TXN0004363,2026-08-30 05:29:21+00:00,2,CARD,HDFC,East,M004,3697.0,1,NONE
TXN0002607,2026-08-30 05:29:21+00:00,2,UPI,AXIS,West,M004,1788.67,1,NONE
TXN0002240,2026-08-30 05:29:23+00:00,2,WALLET,HDFC,West,M006,1016.13,1,NONE
TXN0006943,2026-08-30 05:29:27+00:00,2,CARD,SBI,North,M005,888.93,1,NONE
TXN0005252,2026-08-30 05:29:32+00:00,2,UPI,AXIS,North,M005,4888.37,1,NONE
TXN0003337,2026-08-30 05:29:34+00:00,2,UPI,AXIS,West,M003,4211.0,1,NONE
TXN0000465,2026-08-30 05:29:37+00:00,2,CARD,HDFC,South,M005,734.85,1,NONE
TXN0006500,2026-08-30 05:29:38+00:00,2,UPI,AXIS,South,M005,2420.87,1,NONE
TXN0000808,2026-08-30 05:29:39+00:00,2,CARD,KOTAK,South,M006,1006.98,1,NONE
TXN0004009,2026-08-30 05:29:39+00:00,2,CARD,KOTAK,Central,M001,3264.42,1,NONE
TXN0003416,2026-08-30 05:29:40+00:00,2,UPI,AXIS,West,M003,1803.53,1,NONE
TXN0000830,2026-08-30 05:29:40+00:00,2,CARD,SBI,East,M005,1827.62,1,NONE
TXN0007010,2026-08-30 05:29:41+00:00,2,UPI,HDFC,South,M005,5083.21,1,NONE
TXN0002436,2026-08-30 05:29:42+00:00,2,UPI,SBI,West,M001,3030.6,1,NONE
TXN0000280,2026-08-30 05:29:43+00:00,2,CARD,HDFC,South,M005,738.83,1,NONE
TXN0000701,2026-08-30 05:29:43+00:00,2,WALLET,SBI,Central,M002,868.04,0,BANK_DECLINED
TXN0000735,2026-08-30 05:29:43+00:00,2,WALLET,AXIS,South,M001,1168.15,1,NONE
TXN0007032,2026-08-30 05:29:46+00:00,2,CARD,ICICI,Central,M001,668.32,1,NONE
TXN0004410,2026-08-30 05:29:47+00:00,2,UPI,SBI,East,M004,2001.18,1,NONE
TXN0003824,2026-08-30 05:29:47+00:00,2,UPI,KOTAK,West,M005,2020.03,1,NONE
TXN0007054,2026-08-30 05:29:49+00:00,2,UPI,SBI,North,M001,4079.87,1,NONE
TXN0003014,2026-08-30 05:29:50+00:00,2,UPI,AXIS,South,M004,2485.17,0,TIMEOUT
TXN0000646,2026-08-30 05:29:54+00:00,2,CARD,AXIS,Central,M002,960.47,1,NONE
TXN0006739,2026-08-30 05:29:54+00:00,2,UPI,HDFC,North,M004,1718.95,1,NONE
TXN0004491,2026-08-30 05:29:54+00:00,2,CARD,HDFC,West,M003,2344.36,1,NONE
TXN0004488,2026-08-30 05:29:57+00:00,2,UPI,SBI,Central,M003,1090.17,1,NONE
TXN0000236,2026-08-30 05:29:57+00:00,2,CARD,ICICI,South,M002,1133.83,1,NONE
TXN0006300,2026-08-30 05:30:01+00:00,3,UPI,AXIS,North,M002,715.35,1,NONE
TXN0006926,2026-08-30 05:30:02+00:00,3,WALLET,ICICI,East,M003,305.05,1,NONE
TXN0003103,2026-08-30 05:30:02+00:00,3,UPI,SBI,West,M003,4796.97,1,NONE
TXN0003785,2026-08-30 05:30:04+00:00,3,UPI,ICICI,South,M006,1623.02,1,NONE
TXN0003977,2026-08-30 05:30:04+00:00,3,NETBANKING,KOTAK,West,M003,1512.03,1,NONE
TXN0003271,2026-08-30 05:30:06+00:00,3,UPI,KOTAK,Central,M005,3465.54,1,NONE
TXN0000000,2026-08-30 05:30:07+00:00,3,CARD,KOTAK,East,M002,4195.67,0,BANK_DECLINED
TXN0000060,2026-08-30 05:30:07+00:00,3,CARD,SBI,West,M001,7984.9,1,NONE
TXN0001363,2026-08-30 05:30:09+00:00,3,UPI,AXIS,South,M004,1058.39,1,NONE
TXN0002476,2026-08-30 05:30:09+00:00,3,UPI,HDFC,East,M002,595.78,1,NONE
TXN0005018,2026-08-30 05:30:10+00:00,3,WALLET,AXIS,North,M003,479.19,1,NONE
TXN0004021,2026-08-30 05:30:11+00:00,3,CARD,SBI,North,M004,759.8,1,NONE
TXN0004460,2026-08-30 05:30:12+00:00,3,UPI,ICICI,South,M004,476.9,1,NONE
TXN0003141,2026-08-30 05:30:12+00:00,3,UPI,HDFC,North,M005,1194.3,1,NONE
TXN0001187,2026-08-30 05:30:13+00:00,3,UPI,KOTAK,West,M002,988.47,1,NONE
TXN0002673,2026-08-30 05:30:14+00:00,3,UPI,AXIS,East,M001,2376.96,1,NONE
TXN0002523,2026-08-30 05:30:15+00:00,3,WALLET,KOTAK,Central,M004,578.54,1,NONE
TXN0004048,2026-08-30 05:30:15+00:00,3,CARD,AXIS,South,M003,574.97,1,NONE
TXN0000354,2026-08-30 05:30:16+00:00,3,CARD,SBI,North,M006,882.13,1,NONE
TXN0003554,2026-08-30 05:30:16+00:00,3,CARD,HDFC,North,M003,2342.13,1,NONE
TXN0003213,2026-08-30 05:30:16+00:00,3,UPI,SBI,South,M004,1108.44,1,NONE
TXN0006503,2026-08-30 05:30:17+00:00,3,UPI,AXIS,Central,M003,923.66,1,NONE
TXN0005485,2026-08-30 05:30:21+00:00,3,UPI,AXIS,South,M001,637.12,1,NONE
TXN0004256,2026-08-30 05:30:22+00:00,3,UPI,KOTAK,North,M006,2312.68,1,NONE
TXN0006549,2026-08-30 05:30:23+00:00,3,UPI,ICICI,West,M004,1366.69,1,NONE
TXN0003475,2026-08-30 05:30:24+00:00,3,WALLET,HDFC,East,M006,499.09,1,NONE
TXN0003956,2026-08-30 05:30:25+00:00,3,UPI,KOTAK,West,M004,2112.2,1,NONE
TXN0004919,2026-08-30 05:30:27+00:00,3,UPI,AXIS,West,M002,622.86,1,NONE
TXN0000168,2026-08-30 05:30:30+00:00,3,UPI,AXIS,Central,M002,8523.34,1,NONE
TXN0003218,2026-08-30 05:30:34+00:00,3,UPI,SBI,South,M005,936.3,1,NONE
TXN0005997,2026-08-30 05:30:34+00:00,3,UPI,ICICI,South,M005,2438.69,1,NONE
TXN0004145,2026-08-30 05:30:35+00:00,3,UPI,SBI,North,M002,697.75,1,NONE
TXN0001586,2026-08-30 05:30:38+00:00,3,NETBANKING,HDFC,North,M001,2104.7,1,NONE
TXN0004810,2026-08-30 05:30:38+00:00,3,CARD,KOTAK,North,M005,1342.08,0,INSUFFICIENT_FUNDS
TXN0000036,2026-08-30 05:30:39+00:00,3,UPI,SBI,South,M002,1358.21,1,NONE
TXN0000504,2026-08-30 05:30:43+00:00,3,NETBANKING,KOTAK,West,M002,794.78,1,NONE
TXN0002256,2026-08-30 05:30:43+00:00,3,CARD,ICICI,West,M005,1802.87,1,NONE
TXN0006641,2026-08-30 05:30:47+00:00,3,CARD,ICICI,South,M003,2158.69,1,NONE
TXN0000832,2026-08-30 05:30:51+00:00,3,UPI,SBI,North,M005,1751.75,1,NONE
TXN0004047,2026-08-30 05:30:59+00:00,3,CARD,SBI,South,M003,945.88,0,BANK_DECLINED
TXN0001820,2026-08-30 05:31:00+00:00,4,UPI,KOTAK,East,M006,2646.96,1,NONE
TXN0002705,2026-08-30 05:31:00+00:00,4,NETBANKING,SBI,South,M001,2815.53,1,NONE
TXN0001871,2026-08-30 05:31:01+00:00,4,CARD,SBI,North,M002,3609.44,1,NONE
TXN0005429,2026-08-30 05:31:02+00:00,4,CARD,HDFC,West,M003,491.35,1,NONE
TXN0004564,2026-08-30 05:31:02+00:00,4,UPI,HDFC,South,M001,2461.43,1,NONE
TXN0005614,2026-08-30 05:31:02+00:00,4,CARD,AXIS,South,M006,5740.42,1,NONE
TXN0004090,2026-08-30 05:31:02+00:00,4,UPI,HDFC,Central,M004,972.0,1,NONE
TXN0004799,2026-08-30 05:31:07+00:00,4,CARD,ICICI,South,M004,2250.23,1,NONE
TXN0004800,2026-08-30 05:31:07+00:00,4,UPI,KOTAK,South,M003,446.39,1,NONE
TXN0001139,2026-08-30 05:31:08+00:00,4,CARD,AXIS,South,M004,1113.27,1,NONE
TXN0004019,2026-08-30 05:31:09+00:00,4,CARD,SBI,West,M005,685.18,1,NONE
TXN0006668,2026-08-30 05:31:09+00:00,4,CARD,AXIS,Central,M002,6929.06,1,NONE
TXN0001414,2026-08-30 05:31:11+00:00,4,CARD,AXIS,South,M003,3552.12,1,NONE
TXN0000671,2026-08-30 05:31:13+00:00,4,CARD,SBI,East,M006,1371.53,1,NONE
TXN0001514,2026-08-30 05:31:17+00:00,4,UPI,SBI,West,M004,1487.16,1,NONE
TXN0001977,2026-08-30 05:31:17+00:00,4,WALLET,SBI,South,M002,4952.18,1,NONE
TXN0006445,2026-08-30 05:31:20+00:00,4,UPI,ICICI,West,M001,718.5,0,TIMEOUT
TXN0001199,2026-08-30 05:31:20+00:00,4,UPI,ICICI,West,M005,2661.37,1,NONE
TXN0003971,2026-08-30 05:31:21+00:00,4,CARD,AXIS,West,M004,1477.29,1,NONE
TXN0000681,2026-08-30 05:31:27+00:00,4,CARD,SBI,North,M005,880.94,1,NONE
TXN0007177,2026-08-30 05:31:27+00:00,4,UPI,AXIS,Central,M002,1093.44,1,NONE
TXN0005620,2026-08-30 05:31:31+00:00,4,UPI,SBI,South,M002,1258.05,1,NONE
TXN0004517,2026-08-30 05:31:31+00:00,4,UPI,ICICI,North,M005,349.81,1,NONE
TXN0001000,2026-08-30 05:31:31+00:00,4,UPI,KOTAK,South,M003,2699.24,1,NONE
TXN0005509,2026-08-30 05:31:32+00:00,4,NETBANKING,KOTAK,South,M001,2148.61,1,NONE
TXN0005713,2026-08-30 05:31:34+00:00,4,UPI,AXIS,East,M004,3528.12,1,NONE
TXN0001840,2026-08-30 05:31:34+00:00,4,CARD,AXIS,South,M004,1945.27,1,NONE
TXN0003040,2026-08-30 05:31:35+00:00,4,CARD,ICICI,North,M004,1932.67,1,NONE
TXN0001400,2026-08-30 05:31:38+00:00,4,CARD,HDFC,West,M005,2981.83,1,NONE
TXN0005428,2026-08-30 05:31:38+00:00,4,CARD,AXIS,East,M005,1443.13,1,NONE
TXN0003543,2026-08-30 05:31:41+00:00,4,UPI,SBI,South,M004,3130.63,1,NONE
TXN0003535,2026-08-30 05:31:42+00:00,4,UPI,HDFC,South,M001,676.51,1,NONE
TXN0003958,2026-08-30 05:31:42+00:00,4,UPI,KOTAK,West,M001,2484.21,0,INSUFFICIENT_FUNDS
TXN0000571,2026-08-30 05:31:44+00:00,4,CARD,ICICI,South,M001,3090.34,1,NONE
TXN0001214,2026-08-30 05:31:44+00:00,4,NETBANKING,AXIS,West,M003,1676.3,1,NONE
TXN0000055,2026-08-30 05:31:44+00:00,4,CARD,AXIS,Central,M004,1443.9,0,TIMEOUT
TXN0006540,2026-08-30 05:31:52+00:00,4,UPI,AXIS,East,M004,967.23,1,NONE
TXN0006681,2026-08-30 05:31:52+00:00,4,NETBANKING,SBI,South,M002,5130.23,1,NONE
TXN0004845,2026-08-30 05:31:57+00:00,4,UPI,HDFC,West,M002,8601.31,1,NONE
TXN0006485,2026-08-30 05:31:58+00:00,4,CARD,HDFC,North,M003,983.12,1,NONE
TXN0005171,2026-08-30 05:32:00+00:00,5,CARD,AXIS,West,M004,3156.26,1,NONE
TXN0000150,2026-08-30 05:32:06+00:00,5,UPI,KOTAK,East,M002,1222.66,1,NONE
TXN0000626,2026-08-30 05:32:07+00:00,5,UPI,SBI,North,M004,1848.72,1,NONE
TXN0005618,2026-08-30 05:32:09+00:00,5,UPI,AXIS,South,M001,2603.54,1,NONE
TXN0005968,2026-08-30 05:32:15+00:00,5,UPI,SBI,East,M003,3202.88,1,NONE
TXN0004017,2026-08-30 05:32:15+00:00,5,UPI,HDFC,North,M002,4905.22,1,NONE
TXN0003727,2026-08-30 05:32:16+00:00,5,UPI,SBI,South,M001,788.39,1,NONE
TXN0002578,2026-08-30 05:32:17+00:00,5,UPI,AXIS,North,M005,6090.58,0,BANK_DECLINED
TXN0004187,2026-08-30 05:32:18+00:00,5,UPI,SBI,East,M002,10667.58,1,NONE
TXN0002634,2026-08-30 05:32:20+00:00,5,CARD,ICICI,Central,M003,1354.85,1,NONE
TXN0003720,2026-08-30 05:32:20+00:00,5,NETBANKING,HDFC,West,M003,1530.3,1,NONE
TXN0002292,2026-08-30 05:32:20+00:00,5,CARD,ICICI,West,M006,655.69,1,NONE
TXN0005280,2026-08-30 05:32:21+00:00,5,NETBANKING,ICICI,Central,M005,4540.57,1,NONE
TXN0006861,2026-08-30 05:32:21+00:00,5,UPI,ICICI,North,M001,6381.67,1,NONE
TXN0006422,2026-08-30 05:32:24+00:00,5,UPI,HDFC,South,M004,619.55,1,NONE
TXN0000466,2026-08-30 05:32:24+00:00,5,UPI,HDFC,North,M001,2772.82,1,NONE
TXN0006201,2026-08-30 05:32:25+00:00,5,CARD,ICICI,West,M002,2782.4,1,NONE
TXN0003893,2026-08-30 05:32:26+00:00,5,UPI,AXIS,North,M006,4803.08,1,NONE
TXN0000881,2026-08-30 05:32:27+00:00,5,NETBANKING,AXIS,Central,M003,1493.54,1,NONE
TXN0000403,2026-08-30 05:32:28+00:00,5,CARD,ICICI,North,M006,2088.22,1,NONE
TXN0004149,2026-08-30 05:32:31+00:00,5,UPI,ICICI,West,M003,1172.69,1,NONE
TXN0006612,2026-08-30 05:32:31+00:00,5,UPI,SBI,South,M005,373.89,1,NONE
TXN0001501,2026-08-30 05:32:33+00:00,5,UPI,SBI,West,M006,1355.17,1,NONE
TXN0004343,2026-08-30 05:32:33+00:00,5,NETBANKING,HDFC,West,M006,1204.87,1,NONE
TXN0004252,2026-08-30 05:32:34+00:00,5,UPI,ICICI,Central,M002,528.35,1,NONE
TXN0001790,2026-08-30 05:32:34+00:00,5,UPI,ICICI,West,M005,1666.79,1,NONE
TXN0006189,2026-08-30 05:32:36+00:00,5,UPI,ICICI,East,M005,7479.67,1,NONE
TXN0006028,2026-08-30 05:32:37+00:00,5,CARD,HDFC,North,M003,1492.6,1,NONE
TXN0004689,2026-08-30 05:32:40+00:00,5,UPI,KOTAK,East,M004,6331.36,1,NONE
TXN0004268,2026-08-30 05:32:41+00:00,5,UPI,AXIS,East,M005,1016.01,1,NONE
TXN0003814,2026-08-30 05:32:42+00:00,5,WALLET,ICICI,East,M001,3298.97,1,NONE
TXN0003685,2026-08-30 05:32:44+00:00,5,NETBANKING,ICICI,South,M003,507.95,1,NONE
TXN0000995,2026-08-30 05:32:44+00:00,5,UPI,AXIS,East,M001,866.94,1,NONE
TXN0006325,2026-08-30 05:32:45+00:00,5,UPI,HDFC,South,M001,419.64,1,NONE
TXN0003341,2026-08-30 05:32:47+00:00,5,CARD,KOTAK,East,M006,891.74,1,NONE
TXN0001767,2026-08-30 05:32:49+00:00,5,CARD,ICICI,Central,M004,1203.56,1,NONE
TXN0003687,2026-08-30 05:32:50+00:00,5,UPI,ICICI,South,M002,1081.32,1,NONE
TXN0004806,2026-08-30 05:32:53+00:00,5,NETBANKING,AXIS,North,M005,713.93,1,NONE
TXN0004535,2026-08-30 05:32:55+00:00,5,UPI,HDFC,West,M001,588.8,1,NONE
TXN0004989,2026-08-30 05:32:59+00:00,5,NETBANKING,KOTAK,Central,M006,583.56,1,NONE
TXN0001930,2026-08-30 05:33:00+00:00,6,UPI,HDFC,North,M006,881.62,1,NONE
TXN0003047,2026-08-30 05:33:01+00:00,6,WALLET,HDFC,West,M002,3350.14,1,NONE
TXN0000445,2026-08-30 05:33:03+00:00,6,UPI,AXIS,West,M006,721.0,1,NONE
TXN0004820,2026-08-30 05:33:04+00:00,6,CARD,SBI,Central,M005,2114.53,1,NONE
TXN0001910,2026-08-30 05:33:07+00:00,6,CARD,SBI,East,M003,3396.75,1,NONE
TXN0003423,2026-08-30 05:33:08+00:00,6,UPI,SBI,East,M001,4732.36,1,NONE
TXN0004167,2026-08-30 05:33:08+00:00,6,CARD,ICICI,South,M006,1321.57,1,NONE
TXN0006394,2026-08-30 05:33:09+00:00,6,UPI,ICICI,South,M005,1527.9,1,NONE
TXN0002060,2026-08-30 05:33:11+00:00,6,UPI,SBI,North,M003,1328.76,1,NONE
TXN0004494,2026-08-30 05:33:12+00:00,6,CARD,AXIS,North,M002,1511.28,1,NONE
TXN0004648,2026-08-30 05:33:15+00:00,6,UPI,KOTAK,South,M001,2719.77,1,NONE
TXN0005598,2026-08-30 05:33:15+00:00,6,UPI,AXIS,East,M003,3702.42,1,NONE
TXN0004298,2026-08-30 05:33:16+00:00,6,WALLET,HDFC,North,M006,3123.91,1,NONE
TXN0001993,2026-08-30 05:33:18+00:00,6,NETBANKING,SBI,South,M001,2624.47,1,NONE
TXN0001099,2026-08-30 05:33:19+00:00,6,UPI,AXIS,East,M003,2706.07,1,NONE
TXN0000840,2026-08-30 05:33:19+00:00,6,UPI,AXIS,North,M004,1393.2,1,NONE
TXN0004633,2026-08-30 05:33:21+00:00,6,UPI,KOTAK,West,M004,2143.86,1,NONE
TXN0003105,2026-08-30 05:33:22+00:00,6,UPI,KOTAK,West,M004,3755.49,1,NONE
TXN0007103,2026-08-30 05:33:23+00:00,6,UPI,SBI,South,M004,1039.91,1,NONE
TXN0006314,2026-08-30 05:33:25+00:00,6,CARD,AXIS,North,M004,1397.01,1,NONE
TXN0005852,2026-08-30 05:33:27+00:00,6,UPI,KOTAK,South,M004,1777.53,1,NONE
TXN0006862,2026-08-30 05:33:27+00:00,6,CARD,AXIS,Central,M001,7512.73,1,NONE
TXN0004767,2026-08-30 05:33:28+00:00,6,CARD,AXIS,East,M005,1140.85,1,NONE
TXN0002278,2026-08-30 05:33:29+00:00,6,UPI,HDFC,North,M006,2095.49,1,NONE
TXN0003693,2026-08-30 05:33:34+00:00,6,UPI,AXIS,North,M004,3134.05,1,NONE
TXN0004942,2026-08-30 05:33:34+00:00,6,CARD,HDFC,North,M004,942.16,0,INSUFFICIENT_FUNDS
TXN0002838,2026-08-30 05:33:36+00:00,6,UPI,HDFC,Central,M005,915.92,1,NONE
TXN0001211,2026-08-30 05:33:38+00:00,6,CARD,ICICI,West,M001,911.54,1,NONE
TXN0007102,2026-08-30 05:33:42+00:00,6,UPI,SBI,North,M006,9810.75,1,NONE
TXN0004986,2026-08-30 05:33:45+00:00,6,CARD,HDFC,East,M006,2761.53,1,NONE
TXN0006678,2026-08-30 05:33:46+00:00,6,WALLET,ICICI,East,M006,954.83,1,NONE
TXN0001247,2026-08-30 05:33:48+00:00,6,CARD,AXIS,East,M004,2136.66,1,NONE
TXN0002958,2026-08-30 05:33:49+00:00,6,CARD,HDFC,South,M001,8557.09,0,TIMEOUT
TXN0006213,2026-08-30 05:33:49+00:00,6,UPI,AXIS,South,M005,1406.06,1,NONE
TXN0002328,2026-08-30 05:33:50+00:00,6,UPI,ICICI,West,M003,2082.19,1,NONE
TXN0003013,2026-08-30 05:33:53+00:00,6,UPI,HDFC,West,M004,349.42,1,NONE
TXN0003284,2026-08-30 05:33:53+00:00,6,UPI,SBI,West,M004,1412.72,1,NONE
TXN0004602,2026-08-30 05:33:54+00:00,6,UPI,HDFC,East,M003,1132.55,1,NONE
TXN0004796,2026-08-30 05:33:54+00:00,6,CARD,HDFC,South,M002,3626.17,1,NONE
TXN0002403,2026-08-30 05:33:56+00:00,6,UPI,KOTAK,North,M005,2849.24,1,NONE
TXN0002878,2026-08-30 05:34:06+00:00,7,UPI,ICICI,South,M004,988.26,1,NONE
TXN0007085,2026-08-30 05:34:08+00:00,7,WALLET,AXIS,South,M003,764.81,1,NONE
TXN0005232,2026-08-30 05:34:12+00:00,7,UPI,SBI,East,M001,1585.45,1,NONE
TXN0004726,2026-08-30 05:34:13+00:00,7,WALLET,SBI,South,M003,750.67,1,NONE
TXN0003393,2026-08-30 05:34:13+00:00,7,NETBANKING,HDFC,South,M006,3187.47,1,NONE
TXN0005597,2026-08-30 05:34:17+00:00,7,UPI,HDFC,East,M002,575.79,1,NONE
TXN0006696,2026-08-30 05:34:17+00:00,7,UPI,AXIS,South,M001,2063.02,1,NONE
TXN0004303,2026-08-30 05:34:19+00:00,7,CARD,HDFC,North,M004,1412.96,0,INSUFFICIENT_FUNDS
TXN0004251,2026-08-30 05:34:19+00:00,7,UPI,AXIS,Central,M003,861.48,1,NONE
TXN0006274,2026-08-30 05:34:20+00:00,7,UPI,HDFC,East,M003,864.65,1,NONE
TXN0004055,2026-08-30 05:34:21+00:00,7,UPI,AXIS,West,M002,341.36,1,NONE
TXN0001312,2026-08-30 05:34:21+00:00,7,CARD,SBI,East,M004,1003.07,1,NONE
TXN0005247,2026-08-30 05:34:27+00:00,7,NETBANKING,SBI,West,M004,2354.84,1,NONE
TXN0001325,2026-08-30 05:34:29+00:00,7,UPI,ICICI,Central,M005,3367.92,1,NONE
TXN0006366,2026-08-30 05:34:30+00:00,7,UPI,SBI,East,M006,652.08,1,NONE
TXN0004482,2026-08-30 05:34:30+00:00,7,WALLET,ICICI,West,M003,3752.44,1,NONE
TXN0003715,2026-08-30 05:34:30+00:00,7,WALLET,SBI,South,M001,1035.86,1,NONE
TXN0006627,2026-08-30 05:34:30+00:00,7,UPI,HDFC,South,M006,1220.67,1,NONE
TXN0003414,2026-08-30 05:34:33+00:00,7,NETBANKING,KOTAK,West,M004,1176.53,0,TIMEOUT
TXN0005166,2026-08-30 05:34:34+00:00,7,CARD,HDFC,East,M001,1382.63,1,NONE
TXN0000219,2026-08-30 05:34:35+00:00,7,CARD,SBI,South,M001,1783.3,1,NONE
TXN0002220,2026-08-30 05:34:35+00:00,7,UPI,AXIS,North,M001,1857.13,1,NONE
TXN0006664,2026-08-30 05:34:36+00:00,7,CARD,SBI,West,M002,2129.42,1,NONE
TXN0000146,2026-08-30 05:34:37+00:00,7,UPI,KOTAK,East,M003,1526.93,1,NONE
TXN0003329,2026-08-30 05:34:38+00:00,7,UPI,SBI,North,M003,4242.48,1,NONE
TXN0001574,2026-08-30 05:34:39+00:00,7,WALLET,HDFC,North,M003,2313.64,1,NONE
TXN0002015,2026-08-30 05:34:39+00:00,7,CARD,KOTAK,South,M001,562.28,1,NONE
TXN0002043,2026-08-30 05:34:41+00:00,7,UPI,KOTAK,South,M006,774.81,1,NONE
TXN0001156,2026-08-30 05:34:43+00:00,7,NETBANKING,AXIS,South,M004,837.79,0,BANK_DECLINED
TXN0005730,2026-08-30 05:34:43+00:00,7,NETBANKING,AXIS,North,M006,4920.89,1,NONE
TXN0002486,2026-08-30 05:34:43+00:00,7,CARD,ICICI,South,M004,445.08,1,NONE
TXN0005008,2026-08-30 05:34:46+00:00,7,UPI,ICICI,South,M003,638.65,1,NONE
TXN0003481,2026-08-30 05:34:50+00:00,7,NETBANKING,HDFC,West,M003,720.93,1,NONE
TXN0004934,2026-08-30 05:34:50+00:00,7,UPI,SBI,South,M002,2304.64,1,NONE
TXN0006058,2026-08-30 05:34:51+00:00,7,CARD,HDFC,Central,M004,5696.33,1,NONE
TXN0000360,2026-08-30 05:34:52+00:00,7,UPI,SBI,East,M005,2295.95,1,NONE
TXN0003398,2026-08-30 05:34:54+00:00,7,CARD,KOTAK,South,M001,872.44,0,CUSTOMER_CANCELLED
TXN0003983,2026-08-30 05:34:54+00:00,7,NETBANKING,SBI,Central,M005,1984.54,1,NONE
TXN0003318,2026-08-30 05:34:56+00:00,7,NETBANKING,SBI,East,M005,8627.66,1,NONE
TXN0001787,2026-08-30 05:34:56+00:00,7,WALLET,SBI,South,M002,891.28,1,NONE
TXN0006163,2026-08-30 05:35:01+00:00,8,UPI,HDFC,West,M006,1006.96,1,NONE
TXN0006636,2026-08-30 05:35:01+00:00,8,UPI,SBI,East,M006,397.26,1,NONE
TXN0004391,2026-08-30 05:35:01+00:00,8,NETBANKING,HDFC,South,M004,2887.39,1,NONE
TXN0006609,2026-08-30 05:35:02+00:00,8,WALLET,HDFC,South,M001,431.45,1,NONE
TXN0003160,2026-08-30 05:35:03+00:00,8,CARD,HDFC,North,M001,1925.26,1,NONE
TXN0000497,2026-08-30 05:35:06+00:00,8,WALLET,ICICI,Central,M004,440.32,1,NONE
TXN0001720,2026-08-30 05:35:07+00:00,8,CARD,KOTAK,West,M004,1565.79,1,NONE
TXN0005209,2026-08-30 05:35:07+00:00,8,UPI,HDFC,South,M006,1134.53,1,NONE
TXN0001519,2026-08-30 05:35:08+00:00,8,UPI,HDFC,South,M001,2696.58,1,NONE
TXN0000810,2026-08-30 05:35:09+00:00,8,CARD,HDFC,East,M006,1648.1,1,NONE
TXN0002901,2026-08-30 05:35:09+00:00,8,CARD,AXIS,South,M006,535.09,1,NONE
TXN0000444,2026-08-30 05:35:14+00:00,8,UPI,ICICI,South,M006,1491.65,1,NONE
TXN0003951,2026-08-30 05:35:16+00:00,8,UPI,HDFC,West,M004,926.17,0,INSUFFICIENT_FUNDS
TXN0000443,2026-08-30 05:35:16+00:00,8,CARD,ICICI,South,M002,3366.08,1,NONE
TXN0002083,2026-08-30 05:35:17+00:00,8,CARD,HDFC,West,M003,2129.65,0,BANK_DECLINED
TXN0002350,2026-08-30 05:35:20+00:00,8,UPI,HDFC,South,M003,3612.6,1,NONE
TXN0004078,2026-08-30 05:35:20+00:00,8,UPI,HDFC,North,M004,1033.67,1,NONE
TXN0005615,2026-08-30 05:35:23+00:00,8,NETBANKING,SBI,North,M002,1153.23,1,NONE
TXN0002369,2026-08-30 05:35:25+00:00,8,UPI,ICICI,North,M005,617.69,1,NONE
TXN0003453,2026-08-30 05:35:26+00:00,8,UPI,SBI,East,M001,683.65,1,NONE
TXN0003933,2026-08-30 05:35:26+00:00,8,CARD,SBI,East,M004,1402.48,1,NONE
TXN0007009,2026-08-30 05:35:29+00:00,8,CARD,SBI,West,M001,3047.79,1,NONE
TXN0004062,2026-08-30 05:35:29+00:00,8,NETBANKING,ICICI,North,M003,5165.92,1,NONE
TXN0000032,2026-08-30 05:35:30+00:00,8,CARD,SBI,North,M001,1660.01,1,NONE
TXN0001826,2026-08-30 05:35:31+00:00,8,CARD,HDFC,North,M004,2307.99,1,NONE
TXN0004493,2026-08-30 05:35:31+00:00,8,UPI,KOTAK,South,M004,933.1,1,NONE
TXN0006235,2026-08-30 05:35:31+00:00,8,UPI,HDFC,Central,M002,2748.47,1,NONE
TXN0005456,2026-08-30 05:35:32+00:00,8,UPI,KOTAK,North,M005,883.55,1,NONE
TXN0003181,2026-08-30 05:35:35+00:00,8,UPI,SBI,East,M005,1963.17,0,CUSTOMER_CANCELLED
TXN0005298,2026-08-30 05:35:35+00:00,8,UPI,ICICI,North,M003,834.29,1,NONE
TXN0000750,2026-08-30 05:35:36+00:00,8,NETBANKING,SBI,South,M005,1396.74,1,NONE
TXN0000707,2026-08-30 05:35:37+00:00,8,CARD,KOTAK,East,M005,2182.16,1,NONE
TXN0006778,2026-08-30 05:35:38+00:00,8,UPI,SBI,North,M001,6130.11,1,NONE
TXN0003899,2026-08-30 05:35:42+00:00,8,CARD,KOTAK,South,M001,468.85,1,NONE
TXN0007176,2026-08-30 05:35:43+00:00,8,UPI,HDFC,East,M001,966.15,1,NONE
TXN0002048,2026-08-30 05:35:43+00:00,8,CARD,AXIS,Central,M005,760.29,0,CUSTOMER_CANCELLED
TXN0004949,2026-08-30 05:35:47+00:00,8,WALLET,SBI,North,M004,2516.04,1,NONE
TXN0002254,2026-08-30 05:35:53+00:00,8,UPI,HDFC,East,M006,1734.47,1,NONE
TXN0001599,2026-08-30 05:35:59+00:00,8,UPI,KOTAK,North,M003,752.94,1,NONE
TXN0005253,2026-08-30 05:35:59+00:00,8,UPI,ICICI,West,M002,1489.96,1,NONE
TXN0001380,2026-08-30 05:36:01+00:00,9,UPI,SBI,South,M005,2932.74,1,NONE
TXN0003802,2026-08-30 05:36:03+00:00,9,UPI,KOTAK,South,M004,662.05,1,NONE
TXN0000944,2026-08-30 05:36:06+00:00,9,WALLET,KOTAK,South,M005,1641.03,1,NONE
TXN0000794,2026-08-30 05:36:08+00:00,9,CARD,SBI,East,M006,1180.0,1,NONE
TXN0006178,2026-08-30 05:36:08+00:00,9,NETBANKING,KOTAK,Central,M001,1924.17,1,NONE
TXN0006021,2026-08-30 05:36:11+00:00,9,UPI,HDFC,East,M003,1717.68,1,NONE
TXN0005617,2026-08-30 05:36:12+00:00,9,CARD,SBI,South,M005,1286.82,1,NONE
TXN0002733,2026-08-30 05:36:13+00:00,9,UPI,ICICI,South,M006,382.73,1,NONE
TXN0002774,2026-08-30 05:36:16+00:00,9,UPI,SBI,West,M003,388.23,1,NONE
TXN0005448,2026-08-30 05:36:17+00:00,9,CARD,AXIS,East,M001,825.21,0,CUSTOMER_CANCELLED
TXN0002090,2026-08-30 05:36:17+00:00,9,CARD,HDFC,South,M001,4725.94,1,NONE
TXN0006587,2026-08-30 05:36:18+00:00,9,UPI,AXIS,Central,M001,5970.96,1,NONE
TXN0005738,2026-08-30 05:36:21+00:00,9,WALLET,AXIS,East,M006,606.8,1,NONE
TXN0004718,2026-08-30 05:36:21+00:00,9,UPI,AXIS,South,M002,6920.55,1,NONE
TXN0006226,2026-08-30 05:36:22+00:00,9,NETBANKING,SBI,North,M002,6279.47,1,NONE
TXN0002032,2026-08-30 05:36:22+00:00,9,CARD,HDFC,East,M004,1720.88,1,NONE
TXN0003282,2026-08-30 05:36:22+00:00,9,CARD,HDFC,South,M006,377.12,1,NONE
TXN0000838,2026-08-30 05:36:23+00:00,9,UPI,ICICI,East,M003,1781.11,1,NONE
TXN0006551,2026-08-30 05:36:24+00:00,9,UPI,SBI,East,M003,1306.04,1,NONE
TXN0001426,2026-08-30 05:36:28+00:00,9,UPI,KOTAK,South,M002,978.04,1,NONE
TXN0005108,2026-08-30 05:36:32+00:00,9,UPI,HDFC,East,M006,1874.08,1,NONE
TXN0004529,2026-08-30 05:36:32+00:00,9,CARD,ICICI,North,M006,311.95,1,NONE
TXN0005080,2026-08-30 05:36:33+00:00,9,CARD,HDFC,East,M004,1106.31,1,NONE
TXN0005323,2026-08-30 05:36:34+00:00,9,UPI,AXIS,South,M005,1590.64,1,NONE
TXN0006030,2026-08-30 05:36:34+00:00,9,NETBANKING,HDFC,West,M004,3373.59,1,NONE
TXN0006477,2026-08-30 05:36:36+00:00,9,CARD,HDFC,South,M004,4715.6,1,NONE
TXN0006052,2026-08-30 05:36:37+00:00,9,UPI,SBI,West,M004,1749.3,1,NONE
TXN0000372,2026-08-30 05:36:39+00:00,9,CARD,ICICI,West,M005,2189.3,1,NONE
TXN0004074,2026-08-30 05:36:41+00:00,9,UPI,ICICI,North,M002,1103.1,1,NONE
TXN0003356,2026-08-30 05:36:42+00:00,9,UPI,ICICI,South,M001,1578.64,1,NONE
TXN0004561,2026-08-30 05:36:44+00:00,9,CARD,SBI,West,M005,287.07,1,NONE
TXN0003862,2026-08-30 05:36:46+00:00,9,CARD,SBI,Central,M002,2582.86,1,NONE
TXN0005684,2026-08-30 05:36:46+00:00,9,CARD,HDFC,Central,M001,1184.59,1,NONE
TXN0001781,2026-08-30 05:36:46+00:00,9,UPI,SBI,South,M006,810.26,1,NONE
TXN0005988,2026-08-30 05:36:52+00:00,9,UPI,ICICI,West,M006,3026.28,1,NONE
TXN0004715,2026-08-30 05:36:53+00:00,9,CARD,SBI,South,M005,608.18,1,NONE
TXN0002260,2026-08-30 05:36:54+00:00,9,CARD,KOTAK,South,M006,8372.84,1,NONE
TXN0001816,2026-08-30 05:36:55+00:00,9,UPI,ICICI,West,M004,753.24,1,NONE
TXN0003781,2026-08-30 05:36:59+00:00,9,UPI,HDFC,West,M003,1098.02,1,NONE
TXN0000975,2026-08-30 05:36:59+00:00,9,CARD,AXIS,South,M004,622.98,1,NONE
TXN0004309,2026-08-30 05:37:01+00:00,10,CARD,HDFC,West,M001,2041.73,1,NONE
TXN0003547,2026-08-30 05:37:01+00:00,10,NETBANKING,ICICI,North,M001,1810.03,1,NONE
TXN0006738,2026-08-30 05:37:02+00:00,10,WALLET,ICICI,West,M005,3217.53,1,NONE
TXN0001454,2026-08-30 05:37:05+00:00,10,UPI,AXIS,East,M003,6774.12,0,TIMEOUT
TXN0003434,2026-08-30 05:37:06+00:00,10,UPI,HDFC,South,M006,1603.8,1,NONE
TXN0003302,2026-08-30 05:37:06+00:00,10,UPI,KOTAK,West,M002,1779.21,1,NONE
TXN0006724,2026-08-30 05:37:08+00:00,10,CARD,KOTAK,South,M004,728.04,1,NONE
TXN0007191,2026-08-30 05:37:09+00:00,10,UPI,AXIS,South,M001,1605.42,1,NONE
TXN0001956,2026-08-30 05:37:11+00:00,10,CARD,ICICI,North,M004,594.94,1,NONE
TXN0007035,2026-08-30 05:37:11+00:00,10,UPI,SBI,South,M002,3042.22,1,NONE
TXN0003753,2026-08-30 05:37:13+00:00,10,UPI,AXIS,North,M001,853.04,1,NONE
TXN0005706,2026-08-30 05:37:14+00:00,10,WALLET,SBI,North,M005,830.34,1,NONE
TXN0004071,2026-08-30 05:37:15+00:00,10,UPI,AXIS,South,M003,1248.98,1,NONE
TXN0000545,2026-08-30 05:37:15+00:00,10,UPI,SBI,West,M006,1781.23,1,NONE
TXN0004389,2026-08-30 05:37:16+00:00,10,UPI,ICICI,East,M004,2547.25,1,NONE
TXN0000009,2026-08-30 05:37:17+00:00,10,CARD,AXIS,West,M002,2377.98,1,NONE
TXN0003402,2026-08-30 05:37:19+00:00,10,UPI,AXIS,South,M002,1062.95,1,NONE
TXN0000356,2026-08-30 05:37:20+00:00,10,NETBANKING,ICICI,East,M004,637.33,1,NONE
TXN0000780,2026-08-30 05:37:21+00:00,10,CARD,SBI,South,M003,3871.24,1,NONE
TXN0001673,2026-08-30 05:37:21+00:00,10,UPI,HDFC,North,M004,1271.25,1,NONE
TXN0001561,2026-08-30 05:37:22+00:00,10,UPI,AXIS,South,M001,213.32,1,NONE
TXN0000936,2026-08-30 05:37:25+00:00,10,UPI,ICICI,Central,M003,1143.71,1,NONE
TXN0004035,2026-08-30 05:37:26+00:00,10,CARD,SBI,Central,M004,958.99,1,NONE
TXN0006458,2026-08-30 05:37:26+00:00,10,CARD,ICICI,North,M005,5014.26,1,NONE
TXN0002192,2026-08-30 05:37:28+00:00,10,WALLET,ICICI,Central,M001,663.23,1,NONE
TXN0006216,2026-08-30 05:37:29+00:00,10,CARD,SBI,South,M003,2798.59,1,NONE
TXN0003669,2026-08-30 05:37:31+00:00,10,UPI,SBI,North,M004,233.96,1,NONE
TXN0001769,2026-08-30 05:37:34+00:00,10,UPI,AXIS,North,M004,1981.45,1,NONE
TXN0001021,2026-08-30 05:37:37+00:00,10,UPI,SBI,North,M004,516.25,1,NONE
TXN0001841,2026-08-30 05:37:39+00:00,10,UPI,HDFC,East,M004,6583.39,1,NONE
TXN0000058,2026-08-30 05:37:40+00:00,10,UPI,AXIS,Central,M004,3440.94,1,NONE
TXN0006922,2026-08-30 05:37:40+00:00,10,UPI,SBI,North,M004,2181.59,1,NONE
TXN0001529,2026-08-30 05:37:43+00:00,10,NETBANKING,AXIS,North,M002,1269.44,1,NONE
TXN0002845,2026-08-30 05:37:44+00:00,10,UPI,AXIS,East,M005,2764.62,0,TIMEOUT
TXN0005047,2026-08-30 05:37:44+00:00,10,UPI,SBI,South,M002,2414.5,1,NONE
TXN0000520,2026-08-30 05:37:47+00:00,10,UPI,HDFC,South,M003,1372.46,1,NONE
TXN0006054,2026-08-30 05:37:48+00:00,10,WALLET,ICICI,North,M006,1223.01,1,NONE
TXN0006799,2026-08-30 05:37:57+00:00,10,CARD,AXIS,South,M004,2240.44,1,NONE
TXN0001453,2026-08-30 05:37:57+00:00,10,CARD,HDFC,East,M005,1527.15,1,NONE
TXN0003925,2026-08-30 05:37:58+00:00,10,UPI,ICICI,North,M002,1327.67,1,NONE
TXN0001065,2026-08-30 05:38:00+00:00,11,UPI,SBI,North,M004,1639.11,1,NONE
TXN0003025,2026-08-30 05:38:02+00:00,11,CARD,SBI,South,M003,761.17,1,NONE
TXN0006755,2026-08-30 05:38:04+00:00,11,UPI,ICICI,East,M001,1336.29,1,NONE
TXN0000931,2026-08-30 05:38:04+00:00,11,CARD,HDFC,South,M002,1157.07,1,NONE
TXN0002265,2026-08-30 05:38:06+00:00,11,UPI,HDFC,North,M006,3655.52,1,NONE
TXN0007024,2026-08-30 05:38:07+00:00,11,UPI,HDFC,South,M003,772.72,1,NONE
TXN0003801,2026-08-30 05:38:08+00:00,11,UPI,ICICI,East,M005,946.76,1,NONE
TXN0004922,2026-08-30 05:38:08+00:00,11,UPI,ICICI,East,M003,2273.94,1,NONE
TXN0007072,2026-08-30 05:38:09+00:00,11,CARD,HDFC,North,M001,2902.54,1,NONE
TXN0003296,2026-08-30 05:38:10+00:00,11,UPI,HDFC,West,M004,510.05,1,NONE
TXN0001239,2026-08-30 05:38:10+00:00,11,UPI,SBI,North,M006,570.39,1,NONE
TXN0003950,2026-08-30 05:38:13+00:00,11,UPI,AXIS,West,M004,5721.47,1,NONE
TXN0002912,2026-08-30 05:38:14+00:00,11,UPI,SBI,South,M006,1823.8,1,NONE
TXN0005384,2026-08-30 05:38:15+00:00,11,NETBANKING,KOTAK,East,M005,5520.13,1,NONE
TXN0003739,2026-08-30 05:38:16+00:00,11,UPI,SBI,North,M006,6906.75,1,NONE
TXN0002460,2026-08-30 05:38:19+00:00,11,UPI,ICICI,South,M001,1411.78,1,NONE
TXN0006292,2026-08-30 05:38:22+00:00,11,NETBANKING,AXIS,South,M005,761.7,1,NONE
TXN0003321,2026-08-30 05:38:27+00:00,11,NETBANKING,ICICI,South,M006,8621.07,1,NONE
TXN0001565,2026-08-30 05:38:28+00:00,11,UPI,ICICI,East,M001,1227.56,1,NONE
TXN0001444,2026-08-30 05:38:29+00:00,11,UPI,ICICI,South,M003,1250.67,1,NONE
TXN0005059,2026-08-30 05:38:30+00:00,11,UPI,HDFC,West,M005,2847.17,1,NONE
TXN0004123,2026-08-30 05:38:30+00:00,11,UPI,KOTAK,South,M001,1044.99,1,NONE
TXN0000325,2026-08-30 05:38:31+00:00,11,CARD,HDFC,East,M005,1403.62,1,NONE
TXN0005800,2026-08-30 05:38:32+00:00,11,CARD,HDFC,West,M002,2148.44,1,NONE
TXN0003150,2026-08-30 05:38:35+00:00,11,UPI,SBI,North,M005,488.72,1,NONE
TXN0007039,2026-08-30 05:38:37+00:00,11,UPI,ICICI,Central,M004,626.72,1,NONE
TXN0004439,2026-08-30 05:38:37+00:00,11,CARD,HDFC,East,M002,951.25,1,NONE
TXN0006684,2026-08-30 05:38:40+00:00,11,UPI,ICICI,South,M004,1045.85,1,NONE
TXN0005767,2026-08-30 05:38:40+00:00,11,UPI,SBI,North,M005,720.52,1,NONE
TXN0001432,2026-08-30 05:38:42+00:00,11,WALLET,KOTAK,West,M005,1480.67,1,NONE
TXN0002761,2026-08-30 05:38:43+00:00,11,NETBANKING,HDFC,South,M003,531.71,1,NONE
TXN0006185,2026-08-30 05:38:45+00:00,11,NETBANKING,SBI,South,M006,3122.48,1,NONE
TXN0002266,2026-08-30 05:38:47+00:00,11,WALLET,AXIS,South,M004,403.43,1,NONE
TXN0005741,2026-08-30 05:38:48+00:00,11,CARD,HDFC,West,M003,1996.65,1,NONE
TXN0001674,2026-08-30 05:38:49+00:00,11,NETBANKING,HDFC,West,M004,1537.3,0,INSUFFICIENT_FUNDS
TXN0006543,2026-08-30 05:38:51+00:00,11,UPI,SBI,Central,M001,587.43,1,NONE
TXN0004559,2026-08-30 05:38:51+00:00,11,CARD,SBI,North,M005,4700.4,1,NONE
TXN0005503,2026-08-30 05:38:55+00:00,11,NETBANKING,AXIS,South,M005,1050.99,1,NONE
TXN0001660,2026-08-30 05:38:57+00:00,11,UPI,SBI,North,M003,953.61,1,NONE
TXN0001005,2026-08-30 05:38:59+00:00,11,CARD,HDFC,North,M004,3587.57,1,NONE
TXN0003176,2026-08-30 05:39:01+00:00,12,CARD,SBI,East,M002,891.51,1,NONE
TXN0001868,2026-08-30 05:39:03+00:00,12,UPI,HDFC,North,M001,1073.65,1,NONE
TXN0000878,2026-08-30 05:39:04+00:00,12,UPI,ICICI,South,M005,3486.02,1,NONE
TXN0000942,2026-08-30 05:39:04+00:00,12,UPI,HDFC,East,M005,1642.35,1,NONE
TXN0003011,2026-08-30 05:39:04+00:00,12,UPI,SBI,West,M004,4836.49,1,NONE
TXN0000704,2026-08-30 05:39:06+00:00,12,CARD,SBI,North,M001,1180.17,1,NONE
TXN0004068,2026-08-30 05:39:07+00:00,12,UPI,SBI,South,M005,2606.43,1,NONE
TXN0004863,2026-08-30 05:39:13+00:00,12,CARD,AXIS,South,M003,3683.91,1,NONE
TXN0006691,2026-08-30 05:39:14+00:00,12,UPI,AXIS,North,M002,1203.81,0,CUSTOMER_CANCELLED
TXN0005769,2026-08-30 05:39:14+00:00,12,CARD,KOTAK,West,M006,10456.35,1,NONE
TXN0002648,2026-08-30 05:39:15+00:00,12,UPI,SBI,North,M006,415.99,1,NONE
TXN0001943,2026-08-30 05:39:16+00:00,12,WALLET,SBI,West,M003,1719.82,1,NONE
TXN0004585,2026-08-30 05:39:17+00:00,12,CARD,SBI,North,M003,1597.61,1,NONE
TXN0001804,2026-08-30 05:39:19+00:00,12,NETBANKING,SBI,Central,M003,643.85,1,NONE
TXN0007192,2026-08-30 05:39:23+00:00,12,NETBANKING,AXIS,East,M004,4844.98,1,NONE
TXN0000409,2026-08-30 05:39:23+00:00,12,UPI,KOTAK,West,M004,1319.63,1,NONE
TXN0000743,2026-08-30 05:39:24+00:00,12,CARD,ICICI,West,M003,761.21,0,CUSTOMER_CANCELLED
TXN0001206,2026-08-30 05:39:24+00:00,12,CARD,HDFC,East,M005,2595.49,1,NONE
TXN0002831,2026-08-30 05:39:24+00:00,12,UPI,ICICI,East,M001,714.4,1,NONE
TXN0006805,2026-08-30 05:39:27+00:00,12,UPI,SBI,North,M003,285.52,1,NONE
TXN0006791,2026-08-30 05:39:28+00:00,12,CARD,HDFC,Central,M003,249.72,1,NONE
TXN0003439,2026-08-30 05:39:28+00:00,12,CARD,AXIS,Central,M005,566.96,1,NONE
TXN0002062,2026-08-30 05:39:29+00:00,12,CARD,KOTAK,Central,M004,4355.67,1,NONE
TXN0003225,2026-08-30 05:39:31+00:00,12,WALLET,SBI,East,M005,948.49,1,NONE
TXN0005041,2026-08-30 05:39:31+00:00,12,CARD,AXIS,South,M003,211.17,1,NONE
TXN0000714,2026-08-30 05:39:34+00:00,12,CARD,ICICI,West,M005,2534.87,1,NONE
TXN0005964,2026-08-30 05:39:36+00:00,12,UPI,HDFC,Central,M005,1009.84,1,NONE
TXN0006885,2026-08-30 05:39:38+00:00,12,CARD,AXIS,North,M002,1113.84,1,NONE
TXN0002935,2026-08-30 05:39:39+00:00,12,NETBANKING,KOTAK,East,M003,2750.96,1,NONE
TXN0003502,2026-08-30 05:39:44+00:00,12,UPI,KOTAK,South,M002,1851.87,1,NONE
TXN0000654,2026-08-30 05:39:44+00:00,12,CARD,KOTAK,South,M006,4421.8,1,NONE
TXN0006556,2026-08-30 05:39:45+00:00,12,UPI,ICICI,West,M003,2396.24,1,NONE
TXN0005549,2026-08-30 05:39:46+00:00,12,NETBANKING,KOTAK,East,M002,3929.03,1,NONE
TXN0000990,2026-08-30 05:39:47+00:00,12,UPI,AXIS,West,M004,1144.29,1,NONE
TXN0003688,2026-08-30 05:39:48+00:00,12,NETBANKING,ICICI,North,M002,2319.55,1,NONE
TXN0004485,2026-08-30 05:39:48+00:00,12,NETBANKING,AXIS,Central,M006,548.86,1,NONE
TXN0000739,2026-08-30 05:39:48+00:00,12,CARD,HDFC,South,M006,906.62,0,TIMEOUT
TXN0003617,2026-08-30 05:39:53+00:00,12,CARD,HDFC,South,M001,1575.58,1,NONE
TXN0003594,2026-08-30 05:39:54+00:00,12,UPI,KOTAK,Central,M002,2332.41,1,NONE
TXN0005369,2026-08-30 05:39:55+00:00,12,NETBANKING,KOTAK,South,M005,583.27,1,NONE
TXN0004956,2026-08-30 05:40:01+00:00,13,UPI,ICICI,East,M005,199.44,1,NONE
TXN0003173,2026-08-30 05:40:06+00:00,13,NETBANKING,AXIS,West,M002,953.92,1,NONE
TXN0003851,2026-08-30 05:40:06+00:00,13,UPI,AXIS,West,M006,754.05,1,NONE
TXN0000490,2026-08-30 05:40:09+00:00,13,CARD,SBI,East,M005,1592.25,1,NONE
TXN0000080,2026-08-30 05:40:10+00:00,13,CARD,ICICI,West,M003,632.46,0,BANK_DECLINED
TXN0001836,2026-08-30 05:40:11+00:00,13,NETBANKING,AXIS,East,M005,3013.09,1,NONE
TXN0005646,2026-08-30 05:40:12+00:00,13,CARD,SBI,South,M001,1358.78,1,NONE
TXN0005372,2026-08-30 05:40:12+00:00,13,UPI,KOTAK,South,M003,798.61,1,NONE
TXN0003828,2026-08-30 05:40:13+00:00,13,NETBANKING,SBI,South,M003,2383.8,1,NONE
TXN0006124,2026-08-30 05:40:16+00:00,13,NETBANKING,HDFC,West,M003,1603.25,1,NONE
TXN0004112,2026-08-30 05:40:16+00:00,13,UPI,KOTAK,South,M006,1308.83,1,NONE
TXN0004550,2026-08-30 05:40:21+00:00,13,CARD,ICICI,West,M004,4196.41,0,INSUFFICIENT_FUNDS
TXN0004211,2026-08-30 05:40:21+00:00,13,UPI,SBI,Central,M003,1441.76,1,NONE
TXN0001866,2026-08-30 05:40:22+00:00,13,CARD,ICICI,North,M001,623.18,1,NONE
TXN0002381,2026-08-30 05:40:23+00:00,13,UPI,AXIS,North,M001,1275.23,0,BANK_DECLINED
TXN0007166,2026-08-30 05:40:24+00:00,13,UPI,ICICI,West,M006,1320.13,1,NONE
TXN0000711,2026-08-30 05:40:26+00:00,13,UPI,SBI,South,M005,2156.71,1,NONE
TXN0005096,2026-08-30 05:40:26+00:00,13,NETBANKING,HDFC,South,M004,1372.75,1,NONE
TXN0002981,2026-08-30 05:40:30+00:00,13,UPI,ICICI,North,M003,2371.33,1,NONE
TXN0004626,2026-08-30 05:40:31+00:00,13,WALLET,HDFC,East,M002,331.35,1,NONE
TXN0005688,2026-08-30 05:40:32+00:00,13,NETBANKING,SBI,Central,M003,5183.69,1,NONE
TXN0002928,2026-08-30 05:40:38+00:00,13,CARD,SBI,West,M001,1788.61,1,NONE
TXN0003316,2026-08-30 05:40:39+00:00,13,UPI,SBI,Central,M005,1221.04,1,NONE
TXN0005069,2026-08-30 05:40:40+00:00,13,UPI,HDFC,South,M004,700.34,1,NONE
TXN0001645,2026-08-30 05:40:40+00:00,13,CARD,AXIS,South,M002,3126.41,1,NONE
TXN0003291,2026-08-30 05:40:40+00:00,13,WALLET,HDFC,South,M004,2272.37,1,NONE
TXN0004704,2026-08-30 05:40:42+00:00,13,CARD,KOTAK,Central,M005,1881.69,1,NONE
TXN0007147,2026-08-30 05:40:45+00:00,13,WALLET,ICICI,South,M005,497.73,1,NONE
TXN0005778,2026-08-30 05:40:45+00:00,13,WALLET,AXIS,North,M003,262.57,1,NONE
TXN0005174,2026-08-30 05:40:48+00:00,13,UPI,KOTAK,West,M006,7373.53,1,NONE
TXN0001043,2026-08-30 05:40:51+00:00,13,CARD,AXIS,South,M006,466.18,1,NONE
TXN0005042,2026-08-30 05:40:51+00:00,13,UPI,ICICI,South,M003,868.69,1,NONE
TXN0003922,2026-08-30 05:40:52+00:00,13,UPI,HDFC,East,M001,302.11,1,NONE
TXN0005678,2026-08-30 05:40:53+00:00,13,CARD,ICICI,East,M003,270.45,1,NONE
TXN0000976,2026-08-30 05:40:53+00:00,13,CARD,HDFC,West,M005,1581.18,1,NONE
TXN0001669,2026-08-30 05:40:56+00:00,13,UPI,HDFC,West,M005,2212.45,1,NONE
TXN0003896,2026-08-30 05:40:57+00:00,13,UPI,ICICI,West,M005,289.61,1,NONE
TXN0006094,2026-08-30 05:40:57+00:00,13,UPI,AXIS,West,M006,466.22,1,NONE
TXN0001923,2026-08-30 05:40:59+00:00,13,NETBANKING,AXIS,North,M001,4052.41,0,BANK_DECLINED
TXN0004658,2026-08-30 05:40:59+00:00,13,CARD,SBI,Central,M006,369.37,0,TIMEOUT
TXN0005868,2026-08-30 05:41:04+00:00,14,UPI,KOTAK,South,M001,642.38,1,NONE
TXN0004965,2026-08-30 05:41:05+00:00,14,UPI,SBI,South,M003,876.41,1,NONE
TXN0006572,2026-08-30 05:41:06+00:00,14,UPI,ICICI,South,M005,748.39,1,NONE
TXN0006414,2026-08-30 05:41:07+00:00,14,UPI,AXIS,Central,M005,740.35,0,BANK_DECLINED
TXN0003985,2026-08-30 05:41:08+00:00,14,UPI,ICICI,Central,M002,308.45,1,NONE
TXN0004722,2026-08-30 05:41:10+00:00,14,NETBANKING,ICICI,East,M004,540.27,1,NONE
TXN0001430,2026-08-30 05:41:10+00:00,14,UPI,HDFC,Central,M005,1883.73,1,NONE
TXN0002757,2026-08-30 05:41:11+00:00,14,UPI,KOTAK,East,M005,2810.73,1,NONE
TXN0005533,2026-08-30 05:41:12+00:00,14,UPI,SBI,South,M006,719.1,1,NONE
TXN0006547,2026-08-30 05:41:16+00:00,14,CARD,ICICI,East,M003,1323.9,1,NONE
TXN0006141,2026-08-30 05:41:18+00:00,14,UPI,HDFC,North,M004,2567.13,1,NONE
TXN0005474,2026-08-30 05:41:18+00:00,14,CARD,HDFC,South,M001,3206.96,1,NONE
TXN0006560,2026-08-30 05:41:19+00:00,14,UPI,HDFC,South,M005,1599.18,1,NONE
TXN0003258,2026-08-30 05:41:19+00:00,14,UPI,HDFC,Central,M002,546.31,1,NONE
TXN0002860,2026-08-30 05:41:26+00:00,14,CARD,SBI,South,M002,1862.22,1,NONE
TXN0004755,2026-08-30 05:41:27+00:00,14,UPI,KOTAK,East,M001,1831.6,1,NONE
TXN0004951,2026-08-30 05:41:33+00:00,14,CARD,ICICI,South,M005,1432.63,1,NONE
TXN0004952,2026-08-30 05:41:34+00:00,14,UPI,ICICI,North,M003,613.26,1,NONE
TXN0002102,2026-08-30 05:41:35+00:00,14,UPI,AXIS,West,M001,1545.83,1,NONE
TXN0003078,2026-08-30 05:41:37+00:00,14,NETBANKING,ICICI,Central,M003,2542.13,1,NONE
TXN0000781,2026-08-30 05:41:37+00:00,14,CARD,HDFC,East,M001,1896.4,1,NONE
TXN0005204,2026-08-30 05:41:38+00:00,14,CARD,AXIS,Central,M001,977.11,0,TIMEOUT
TXN0000153,2026-08-30 05:41:38+00:00,14,CARD,HDFC,South,M001,1278.74,1,NONE
TXN0005277,2026-08-30 05:41:38+00:00,14,CARD,HDFC,West,M003,1886.74,1,NONE
TXN0002568,2026-08-30 05:41:41+00:00,14,WALLET,KOTAK,West,M003,1497.3,1,NONE
TXN0005413,2026-08-30 05:41:41+00:00,14,CARD,KOTAK,East,M005,6735.18,1,NONE
TXN0005602,2026-08-30 05:41:42+00:00,14,CARD,SBI,North,M002,2126.43,1,NONE
TXN0002354,2026-08-30 05:41:42+00:00,14,UPI,KOTAK,Central,M001,931.27,1,NONE
TXN0000937,2026-08-30 05:41:43+00:00,14,UPI,HDFC,South,M005,663.31,1,NONE
TXN0002809,2026-08-30 05:41:45+00:00,14,UPI,ICICI,North,M005,1314.88,1,NONE
TXN0006644,2026-08-30 05:41:46+00:00,14,UPI,KOTAK,South,M001,1775.46,1,NONE
TXN0005479,2026-08-30 05:41:47+00:00,14,NETBANKING,HDFC,West,M003,444.89,1,NONE
TXN0004422,2026-08-30 05:41:49+00:00,14,UPI,KOTAK,West,M006,1538.07,1,NONE
TXN0002836,2026-08-30 05:41:49+00:00,14,UPI,ICICI,North,M006,5119.39,1,NONE
TXN0002320,2026-08-30 05:41:51+00:00,14,CARD,ICICI,North,M006,790.12,1,NONE
TXN0006564,2026-08-30 05:41:51+00:00,14,UPI,SBI,South,M003,1886.81,1,NONE
TXN0003671,2026-08-30 05:41:53+00:00,14,CARD,AXIS,South,M005,866.25,1,NONE
TXN0006140,2026-08-30 05:41:55+00:00,14,UPI,SBI,North,M004,1564.44,1,NONE
TXN0003444,2026-08-30 05:41:56+00:00,14,UPI,HDFC,West,M005,1614.08,1,NONE
TXN0006057,2026-08-30 05:41:58+00:00,14,UPI,HDFC,North,M003,575.57,1,NONE
TXN0003874,2026-08-30 05:42:00+00:00,15,CARD,SBI,South,M001,308.78,1,NONE
TXN0001582,2026-08-30 05:42:02+00:00,15,NETBANKING,HDFC,West,M001,2132.93,1,NONE
TXN0002036,2026-08-30 05:42:02+00:00,15,NETBANKING,ICICI,North,M001,3494.77,1,NONE
TXN0002075,2026-08-30 05:42:03+00:00,15,UPI,AXIS,East,M001,1384.58,1,NONE
TXN0005523,2026-08-30 05:42:04+00:00,15,CARD,AXIS,South,M001,1533.35,0,CUSTOMER_CANCELLED
TXN0001346,2026-08-30 05:42:05+00:00,15,UPI,KOTAK,South,M001,564.63,1,NONE
TXN0002872,2026-08-30 05:42:05+00:00,15,UPI,AXIS,North,M005,1195.81,1,NONE
TXN0005699,2026-08-30 05:42:05+00:00,15,CARD,SBI,South,M005,2490.31,1,NONE
TXN0006244,2026-08-30 05:42:06+00:00,15,WALLET,SBI,East,M002,3560.08,1,NONE
TXN0000061,2026-08-30 05:42:09+00:00,15,NETBANKING,KOTAK,North,M005,938.39,1,NONE
TXN0003088,2026-08-30 05:42:10+00:00,15,UPI,HDFC,North,M001,1389.83,1,NONE
TXN0003849,2026-08-30 05:42:12+00:00,15,UPI,SBI,South,M002,995.16,1,NONE
TXN0003462,2026-08-30 05:42:12+00:00,15,UPI,HDFC,North,M002,1546.18,1,NONE
TXN0005071,2026-08-30 05:42:12+00:00,15,CARD,SBI,West,M004,1008.23,0,TIMEOUT
TXN0003555,2026-08-30 05:42:15+00:00,15,UPI,KOTAK,Central,M006,840.97,1,NONE
TXN0003800,2026-08-30 05:42:16+00:00,15,WALLET,AXIS,East,M005,904.23,1,NONE
TXN0001181,2026-08-30 05:42:19+00:00,15,UPI,SBI,North,M005,1139.7,1,NONE
TXN0000742,2026-08-30 05:42:20+00:00,15,CARD,ICICI,South,M002,815.15,1,NONE
TXN0001471,2026-08-30 05:42:26+00:00,15,CARD,ICICI,South,M005,2376.81,1,NONE
TXN0003054,2026-08-30 05:42:28+00:00,15,UPI,ICICI,West,M006,1831.33,1,NONE
TXN0001600,2026-08-30 05:42:29+00:00,15,CARD,SBI,West,M006,2190.86,1,NONE
TXN0001683,2026-08-30 05:42:30+00:00,15,NETBANKING,SBI,West,M004,3518.81,1,NONE
TXN0000281,2026-08-30 05:42:31+00:00,15,UPI,ICICI,North,M003,2396.89,1,NONE
TXN0006519,2026-08-30 05:42:31+00:00,15,WALLET,SBI,South,M006,1483.29,1,NONE
TXN0000876,2026-08-30 05:42:31+00:00,15,UPI,KOTAK,South,M005,6225.38,1,NONE
TXN0005838,2026-08-30 05:42:36+00:00,15,NETBANKING,AXIS,West,M003,1638.87,0,BANK_DECLINED
TXN0001266,2026-08-30 05:42:37+00:00,15,CARD,AXIS,West,M003,735.26,1,NONE
TXN0001872,2026-08-30 05:42:38+00:00,15,UPI,AXIS,West,M002,1681.94,1,NONE
TXN0005673,2026-08-30 05:42:39+00:00,15,UPI,HDFC,West,M004,2309.47,1,NONE
TXN0006354,2026-08-30 05:42:44+00:00,15,WALLET,SBI,North,M001,1123.83,1,NONE
TXN0002232,2026-08-30 05:42:44+00:00,15,NETBANKING,ICICI,East,M006,2383.68,1,NONE
TXN0000553,2026-08-30 05:42:45+00:00,15,NETBANKING,SBI,North,M003,1691.99,1,NONE
TXN0005875,2026-08-30 05:42:47+00:00,15,UPI,SBI,North,M003,383.52,1,NONE
TXN0000943,2026-08-30 05:42:51+00:00,15,CARD,ICICI,North,M006,450.32,1,NONE
TXN0002103,2026-08-30 05:42:54+00:00,15,UPI,HDFC,Central,M001,1715.64,1,NONE
TXN0002971,2026-08-30 05:42:56+00:00,15,NETBANKING,AXIS,South,M006,166.61,1,NONE
TXN0002139,2026-08-30 05:42:57+00:00,15,UPI,HDFC,West,M003,859.82,1,NONE
TXN0003269,2026-08-30 05:42:58+00:00,15,CARD,SBI,South,M006,2912.59,0,BANK_DECLINED
TXN0004826,2026-08-30 05:42:58+00:00,15,UPI,ICICI,West,M005,1932.51,1,NONE
TXN0002978,2026-08-30 05:42:59+00:00,15,UPI,HDFC,North,M002,567.79,1,NONE
TXN0003148,2026-08-30 05:43:00+00:00,16,NETBANKING,ICICI,North,M005,501.48,1,NONE
TXN0002571,2026-08-30 05:43:00+00:00,16,UPI,ICICI,South,M002,1338.21,1,NONE
TXN0006465,2026-08-30 05:43:00+00:00,16,UPI,SBI,South,M004,466.52,1,NONE
TXN0000687,2026-08-30 05:43:01+00:00,16,WALLET,ICICI,North,M004,1601.09,1,NONE
TXN0003247,2026-08-30 05:43:05+00:00,16,WALLET,AXIS,South,M002,537.3,1,NONE
TXN0001068,2026-08-30 05:43:07+00:00,16,UPI,HDFC,South,M002,10097.72,1,NONE
TXN0006177,2026-08-30 05:43:07+00:00,16,CARD,SBI,South,M001,517.57,1,NONE
TXN0001963,2026-08-30 05:43:15+00:00,16,CARD,ICICI,North,M002,229.94,1,NONE
TXN0005322,2026-08-30 05:43:15+00:00,16,UPI,HDFC,South,M004,1795.73,1,NONE
TXN0004579,2026-08-30 05:43:16+00:00,16,UPI,KOTAK,North,M001,1100.24,1,NONE
TXN0006571,2026-08-30 05:43:17+00:00,16,UPI,AXIS,North,M004,754.42,1,NONE
TXN0007121,2026-08-30 05:43:17+00:00,16,CARD,HDFC,North,M002,400.2,1,NONE
TXN0006573,2026-08-30 05:43:19+00:00,16,CARD,SBI,Central,M004,1241.89,1,NONE
TXN0004856,2026-08-30 05:43:22+00:00,16,CARD,KOTAK,East,M001,1248.13,1,NONE
TXN0001904,2026-08-30 05:43:24+00:00,16,UPI,HDFC,North,M004,1011.67,1,NONE
TXN0005084,2026-08-30 05:43:25+00:00,16,UPI,SBI,North,M001,2990.43,1,NONE
TXN0005634,2026-08-30 05:43:26+00:00,16,UPI,ICICI,South,M002,2698.57,1,NONE
TXN0000574,2026-08-30 05:43:26+00:00,16,CARD,KOTAK,South,M002,1681.33,1,NONE
TXN0000121,2026-08-30 05:43:26+00:00,16,UPI,AXIS,North,M006,2135.09,1,NONE
TXN0005822,2026-08-30 05:43:26+00:00,16,UPI,AXIS,East,M001,1040.78,1,NONE
TXN0001907,2026-08-30 05:43:28+00:00,16,UPI,KOTAK,South,M005,418.36,1,NONE
TXN0002128,2026-08-30 05:43:29+00:00,16,UPI,SBI,Central,M006,319.83,1,NONE
TXN0001190,2026-08-30 05:43:29+00:00,16,UPI,ICICI,East,M004,1610.42,1,NONE
TXN0001579,2026-08-30 05:43:30+00:00,16,UPI,ICICI,West,M006,676.17,1,NONE
TXN0006424,2026-08-30 05:43:38+00:00,16,NETBANKING,SBI,South,M004,7247.42,1,NONE
TXN0006128,2026-08-30 05:43:41+00:00,16,UPI,KOTAK,North,M002,3395.41,1,NONE
TXN0000836,2026-08-30 05:43:41+00:00,16,CARD,SBI,South,M002,3431.09,1,NONE
TXN0005099,2026-08-30 05:43:43+00:00,16,UPI,SBI,North,M003,939.36,1,NONE
TXN0002642,2026-08-30 05:43:44+00:00,16,UPI,HDFC,South,M002,2922.39,1,NONE
TXN0007028,2026-08-30 05:43:46+00:00,16,NETBANKING,ICICI,North,M003,501.69,1,NONE
TXN0004988,2026-08-30 05:43:47+00:00,16,CARD,KOTAK,South,M005,1799.51,1,NONE
TXN0005019,2026-08-30 05:43:47+00:00,16,CARD,AXIS,South,M002,390.48,1,NONE
TXN0005541,2026-08-30 05:43:47+00:00,16,WALLET,ICICI,South,M005,6757.73,1,NONE
TXN0001295,2026-08-30 05:43:48+00:00,16,CARD,ICICI,West,M001,2989.98,1,NONE
TXN0000419,2026-08-30 05:43:49+00:00,16,UPI,AXIS,South,M003,1795.18,1,NONE
TXN0007185,2026-08-30 05:43:52+00:00,16,UPI,SBI,South,M005,2378.06,1,NONE
TXN0003911,2026-08-30 05:43:53+00:00,16,UPI,HDFC,Central,M002,2201.59,1,NONE
TXN0006663,2026-08-30 05:43:53+00:00,16,NETBANKING,ICICI,South,M001,1121.62,0,BANK_DECLINED
TXN0000863,2026-08-30 05:43:54+00:00,16,UPI,AXIS,South,M006,1101.84,1,NONE
TXN0003935,2026-08-30 05:43:58+00:00,16,CARD,HDFC,Central,M005,868.32,1,NONE
TXN0002224,2026-08-30 05:44:02+00:00,17,WALLET,SBI,West,M001,5381.41,1,NONE
TXN0006174,2026-08-30 05:44:03+00:00,17,UPI,HDFC,South,M003,1470.63,1,NONE
TXN0000696,2026-08-30 05:44:06+00:00,17,WALLET,ICICI,Central,M001,2114.35,1,NONE
TXN0003037,2026-08-30 05:44:08+00:00,17,CARD,HDFC,West,M006,978.81,1,NONE
TXN0002282,2026-08-30 05:44:09+00:00,17,NETBANKING,AXIS,East,M004,272.15,1,NONE
TXN0006218,2026-08-30 05:44:09+00:00,17,CARD,SBI,Central,M004,2083.07,1,NONE
TXN0007093,2026-08-30 05:44:10+00:00,17,CARD,SBI,Central,M006,1855.27,0,CUSTOMER_CANCELLED
TXN0000986,2026-08-30 05:44:12+00:00,17,UPI,HDFC,West,M005,649.02,1,NONE
TXN0000567,2026-08-30 05:44:14+00:00,17,CARD,SBI,South,M004,1270.1,0,CUSTOMER_CANCELLED
TXN0005590,2026-08-30 05:44:15+00:00,17,UPI,HDFC,East,M003,3734.59,1,NONE
TXN0004136,2026-08-30 05:44:18+00:00,17,UPI,ICICI,West,M005,1209.65,1,NONE
TXN0001650,2026-08-30 05:44:22+00:00,17,UPI,SBI,South,M004,447.58,1,NONE
TXN0002225,2026-08-30 05:44:23+00:00,17,UPI,SBI,West,M003,999.89,1,NONE
TXN0003825,2026-08-30 05:44:23+00:00,17,UPI,AXIS,West,M003,1185.39,1,NONE
TXN0005239,2026-08-30 05:44:24+00:00,17,CARD,AXIS,West,M004,4596.52,1,NONE
TXN0006660,2026-08-30 05:44:24+00:00,17,UPI,HDFC,West,M005,2516.47,1,NONE
TXN0003425,2026-08-30 05:44:25+00:00,17,UPI,ICICI,North,M001,1929.66,1,NONE
TXN0005723,2026-08-30 05:44:26+00:00,17,UPI,AXIS,South,M004,8102.18,1,NONE
TXN0003053,2026-08-30 05:44:27+00:00,17,CARD,SBI,South,M001,5164.35,1,NONE
TXN0006236,2026-08-30 05:44:28+00:00,17,NETBANKING,AXIS,South,M003,1623.51,1,NONE
TXN0000228,2026-08-30 05:44:34+00:00,17,UPI,HDFC,North,M003,802.22,1,NONE
TXN0002623,2026-08-30 05:44:34+00:00,17,UPI,HDFC,Central,M004,773.23,1,NONE
TXN0000872,2026-08-30 05:44:34+00:00,17,UPI,SBI,North,M004,259.93,1,NONE
TXN0005841,2026-08-30 05:44:38+00:00,17,NETBANKING,HDFC,Central,M005,354.59,1,NONE
TXN0004538,2026-08-30 05:44:38+00:00,17,NETBANKING,HDFC,South,M004,3002.31,1,NONE
TXN0001552,2026-08-30 05:44:39+00:00,17,NETBANKING,ICICI,East,M002,4441.8,1,NONE
TXN0003572,2026-08-30 05:44:42+00:00,17,UPI,AXIS,West,M004,2119.68,1,NONE
TXN0004125,2026-08-30 05:44:42+00:00,17,NETBANKING,ICICI,West,M003,326.41,1,NONE
TXN0004008,2026-08-30 05:44:43+00:00,17,UPI,AXIS,North,M005,1161.25,1,NONE
TXN0004567,2026-08-30 05:44:45+00:00,17,UPI,SBI,West,M006,457.09,1,NONE
TXN0006546,2026-08-30 05:44:47+00:00,17,UPI,AXIS,West,M005,541.63,1,NONE
TXN0001251,2026-08-30 05:44:47+00:00,17,WALLET,HDFC,West,M003,1844.03,1,NONE
TXN0003827,2026-08-30 05:44:48+00:00,17,CARD,HDFC,South,M001,426.11,1,NONE
TXN0003806,2026-08-30 05:44:48+00:00,17,UPI,HDFC,South,M002,3071.92,1,NONE
TXN0000020,2026-08-30 05:44:50+00:00,17,UPI,HDFC,West,M003,419.8,1,NONE
TXN0002393,2026-08-30 05:44:50+00:00,17,NETBANKING,HDFC,West,M001,1230.17,1,NONE
TXN0005519,2026-08-30 05:44:51+00:00,17,CARD,ICICI,North,M002,1118.16,1,NONE
TXN0002563,2026-08-30 05:44:51+00:00,17,CARD,HDFC,South,M003,3822.17,1,NONE
TXN0005982,2026-08-30 05:44:53+00:00,17,NETBANKING,AXIS,East,M004,1358.34,0,BANK_DECLINED
TXN0006160,2026-08-30 05:44:59+00:00,17,UPI,HDFC,South,M004,1750.34,1,NONE
TXN0003692,2026-08-30 05:45:00+00:00,18,NETBANKING,SBI,South,M002,582.82,1,NONE
TXN0005056,2026-08-30 05:45:01+00:00,18,NETBANKING,ICICI,West,M001,4671.66,1,NONE
TXN0000849,2026-08-30 05:45:04+00:00,18,CARD,AXIS,Central,M003,1106.54,1,NONE
TXN0001953,2026-08-30 05:45:09+00:00,18,UPI,SBI,South,M002,10903.32,1,NONE
TXN0003747,2026-08-30 05:45:10+00:00,18,UPI,ICICI,East,M005,418.67,1,NONE
TXN0004734,2026-08-30 05:45:10+00:00,18,UPI,ICICI,North,M006,1321.65,1,NONE
TXN0001050,2026-08-30 05:45:11+00:00,18,UPI,SBI,South,M001,8347.72,1,NONE
TXN0004113,2026-08-30 05:45:11+00:00,18,CARD,ICICI,North,M002,2681.07,1,NONE
TXN0002231,2026-08-30 05:45:11+00:00,18,NETBANKING,ICICI,South,M002,1582.43,1,NONE
TXN0007067,2026-08-30 05:45:13+00:00,18,CARD,KOTAK,Central,M004,4886.09,1,NONE
TXN0005543,2026-08-30 05:45:15+00:00,18,UPI,ICICI,West,M005,462.5,1,NONE
TXN0003541,2026-08-30 05:45:16+00:00,18,CARD,KOTAK,West,M005,1217.02,1,NONE
TXN0000766,2026-08-30 05:45:17+00:00,18,UPI,AXIS,South,M003,499.58,1,NONE
TXN0002432,2026-08-30 05:45:17+00:00,18,CARD,AXIS,North,M006,564.14,1,NONE
TXN0005191,2026-08-30 05:45:17+00:00,18,WALLET,SBI,North,M003,363.27,1,NONE
TXN0002388,2026-08-30 05:45:19+00:00,18,UPI,AXIS,South,M005,831.92,1,NONE
TXN0006090,2026-08-30 05:45:20+00:00,18,UPI,ICICI,West,M001,3097.4,1,NONE
TXN0004039,2026-08-30 05:45:23+00:00,18,UPI,HDFC,South,M002,4787.84,1,NONE
TXN0005063,2026-08-30 05:45:23+00:00,18,UPI,AXIS,Central,M002,3269.03,1,NONE
TXN0002116,2026-08-30 05:45:26+00:00,18,CARD,KOTAK,West,M002,497.44,1,NONE
TXN0006561,2026-08-30 05:45:27+00:00,18,WALLET,AXIS,South,M006,3188.02,1,NONE
TXN0007189,2026-08-30 05:45:29+00:00,18,CARD,ICICI,East,M002,1642.08,1,NONE
TXN0004882,2026-08-30 05:45:34+00:00,18,CARD,SBI,East,M004,1296.69,1,NONE
TXN0005583,2026-08-30 05:45:36+00:00,18,UPI,KOTAK,Central,M005,589.91,1,NONE
TXN0002052,2026-08-30 05:45:37+00:00,18,UPI,SBI,North,M003,2727.17,1,NONE
TXN0004124,2026-08-30 05:45:39+00:00,18,UPI,HDFC,East,M001,592.49,1,NONE
TXN0001229,2026-08-30 05:45:40+00:00,18,UPI,ICICI,North,M005,614.21,1,NONE
TXN0007168,2026-08-30 05:45:41+00:00,18,UPI,AXIS,North,M005,502.63,1,NONE
TXN0005882,2026-08-30 05:45:43+00:00,18,WALLET,AXIS,Central,M006,1166.44,1,NONE
TXN0006230,2026-08-30 05:45:44+00:00,18,UPI,HDFC,East,M002,287.23,1,NONE
TXN0000023,2026-08-30 05:45:44+00:00,18,CARD,AXIS,North,M001,3517.85,1,NONE
TXN0007045,2026-08-30 05:45:44+00:00,18,UPI,SBI,West,M003,3283.49,1,NONE
TXN0001280,2026-08-30 05:45:45+00:00,18,CARD,SBI,East,M006,2276.57,1,NONE
TXN0000771,2026-08-30 05:45:46+00:00,18,NETBANKING,ICICI,South,M003,2434.66,1,NONE
TXN0000548,2026-08-30 05:45:49+00:00,18,CARD,HDFC,South,M003,1841.1,1,NONE
TXN0006348,2026-08-30 05:45:49+00:00,18,UPI,KOTAK,South,M003,2417.75,1,NONE
TXN0001631,2026-08-30 05:45:50+00:00,18,CARD,KOTAK,Central,M006,303.77,1,NONE
TXN0000814,2026-08-30 05:45:52+00:00,18,CARD,ICICI,North,M002,1399.36,1,NONE
TXN0000227,2026-08-30 05:45:55+00:00,18,NETBANKING,ICICI,South,M004,4027.46,1,NONE
TXN0005472,2026-08-30 05:45:57+00:00,18,UPI,AXIS,Central,M005,1711.68,1,NONE
TXN0000924,2026-08-30 05:46:00+00:00,19,NETBANKING,KOTAK,West,M001,4066.78,0,INSUFFICIENT_FUNDS
TXN0004600,2026-08-30 05:46:02+00:00,19,WALLET,KOTAK,West,M006,1124.74,1,NONE
TXN0003690,2026-08-30 05:46:03+00:00,19,CARD,KOTAK,Central,M002,4704.22,1,NONE
TXN0003650,2026-08-30 05:46:03+00:00,19,WALLET,ICICI,North,M005,450.79,1,NONE
TXN0003164,2026-08-30 05:46:05+00:00,19,CARD,ICICI,South,M003,866.89,1,NONE
TXN0004509,2026-08-30 05:46:06+00:00,19,NETBANKING,ICICI,South,M001,2243.61,1,NONE
TXN0002889,2026-08-30 05:46:06+00:00,19,CARD,SBI,West,M001,1995.62,1,NONE
TXN0001822,2026-08-30 05:46:10+00:00,19,CARD,HDFC,East,M002,675.01,1,NONE
TXN0000847,2026-08-30 05:46:12+00:00,19,WALLET,KOTAK,Central,M005,1115.06,1,NONE
TXN0000170,2026-08-30 05:46:12+00:00,19,WALLET,HDFC,East,M006,2156.6,1,NONE
TXN0000831,2026-08-30 05:46:13+00:00,19,UPI,SBI,Central,M002,621.17,0,BANK_DECLINED
TXN0002417,2026-08-30 05:46:16+00:00,19,UPI,HDFC,West,M002,1905.36,1,NONE
TXN0003191,2026-08-30 05:46:17+00:00,19,NETBANKING,KOTAK,South,M001,1604.02,1,NONE
TXN0000301,2026-08-30 05:46:17+00:00,19,UPI,KOTAK,South,M003,2321.2,1,NONE
TXN0006525,2026-08-30 05:46:18+00:00,19,CARD,AXIS,East,M003,340.15,1,NONE
TXN0003532,2026-08-30 05:46:18+00:00,19,CARD,SBI,Central,M004,881.76,0,TIMEOUT
TXN0004892,2026-08-30 05:46:19+00:00,19,UPI,SBI,North,M002,719.28,1,NONE
TXN0006964,2026-08-30 05:46:19+00:00,19,CARD,AXIS,West,M004,1295.56,1,NONE
TXN0003508,2026-08-30 05:46:20+00:00,19,UPI,AXIS,East,M004,4063.3,1,NONE
TXN0001629,2026-08-30 05:46:21+00:00,19,CARD,HDFC,Central,M002,2793.1,1,NONE
TXN0002538,2026-08-30 05:46:26+00:00,19,WALLET,AXIS,North,M001,1903.32,1,NONE
TXN0002081,2026-08-30 05:46:29+00:00,19,UPI,KOTAK,North,M003,2292.39,1,NONE
TXN0000315,2026-08-30 05:46:29+00:00,19,UPI,SBI,South,M001,953.72,1,NONE
TXN0005483,2026-08-30 05:46:30+00:00,19,CARD,HDFC,East,M004,635.06,0,CUSTOMER_CANCELLED
TXN0001879,2026-08-30 05:46:32+00:00,19,CARD,AXIS,East,M001,1260.7,1,NONE
TXN0004448,2026-08-30 05:46:32+00:00,19,UPI,HDFC,North,M004,2254.49,1,NONE
TXN0006757,2026-08-30 05:46:34+00:00,19,UPI,ICICI,North,M001,1334.3,1,NONE
TXN0001137,2026-08-30 05:46:35+00:00,19,UPI,ICICI,West,M003,4807.12,1,NONE
TXN0006682,2026-08-30 05:46:35+00:00,19,UPI,KOTAK,West,M006,2402.17,1,NONE
TXN0000278,2026-08-30 05:46:36+00:00,19,UPI,KOTAK,South,M002,1269.28,1,NONE
TXN0002611,2026-08-30 05:46:37+00:00,19,UPI,SBI,East,M005,8554.75,1,NONE
TXN0000658,2026-08-30 05:46:39+00:00,19,UPI,SBI,South,M005,387.84,1,NONE
TXN0001195,2026-08-30 05:46:40+00:00,19,UPI,KOTAK,Central,M005,2744.2,1,NONE
TXN0002702,2026-08-30 05:46:45+00:00,19,CARD,SBI,Central,M002,1098.49,1,NONE
TXN0001757,2026-08-30 05:46:47+00:00,19,NETBANKING,AXIS,North,M002,2359.58,1,NONE
TXN0004646,2026-08-30 05:46:47+00:00,19,UPI,KOTAK,South,M004,2431.37,1,NONE
TXN0001521,2026-08-30 05:46:49+00:00,19,UPI,KOTAK,South,M006,3815.65,1,NONE
TXN0000251,2026-08-30 05:46:51+00:00,19,WALLET,AXIS,West,M005,414.6,1,NONE
TXN0004463,2026-08-30 05:46:53+00:00,19,CARD,AXIS,North,M005,1647.28,1,NONE
TXN0004328,2026-08-30 05:46:58+00:00,19,CARD,SBI,South,M001,2121.15,1,NONE
TXN0005704,2026-08-30 05:47:00+00:00,20,UPI,AXIS,South,M003,482.74,1,NONE
TXN0004486,2026-08-30 05:47:00+00:00,20,UPI,ICICI,East,M001,6815.17,1,NONE
TXN0004367,2026-08-30 05:47:01+00:00,20,CARD,HDFC,West,M001,2886.92,1,NONE
TXN0005551,2026-08-30 05:47:02+00:00,20,WALLET,SBI,West,M001,741.92,1,NONE
TXN0006858,2026-08-30 05:47:02+00:00,20,UPI,SBI,North,M004,631.18,1,NONE
TXN0006902,2026-08-30 05:47:04+00:00,20,CARD,SBI,North,M001,259.77,1,NONE
TXN0002507,2026-08-30 05:47:05+00:00,20,UPI,SBI,North,M002,524.2,1,NONE
TXN0003401,2026-08-30 05:47:05+00:00,20,UPI,HDFC,West,M003,1949.22,1,NONE
TXN0006919,2026-08-30 05:47:07+00:00,20,UPI,ICICI,West,M004,1873.36,1,NONE
TXN0002987,2026-08-30 05:47:07+00:00,20,NETBANKING,KOTAK,North,M001,709.09,1,NONE
TXN0000554,2026-08-30 05:47:09+00:00,20,UPI,SBI,Central,M006,2178.96,1,NONE
TXN0004408,2026-08-30 05:47:10+00:00,20,UPI,HDFC,South,M004,8910.54,1,NONE
TXN0004010,2026-08-30 05:47:11+00:00,20,UPI,AXIS,North,M001,1572.83,1,NONE
TXN0005941,2026-08-30 05:47:11+00:00,20,UPI,HDFC,Central,M001,2069.65,1,NONE
TXN0002251,2026-08-30 05:47:16+00:00,20,WALLET,KOTAK,West,M003,8200.86,1,NONE
TXN0003774,2026-08-30 05:47:17+00:00,20,CARD,KOTAK,West,M005,1956.97,1,NONE
TXN0005067,2026-08-30 05:47:18+00:00,20,UPI,KOTAK,East,M006,2658.03,0,INSUFFICIENT_FUNDS
TXN0000471,2026-08-30 05:47:22+00:00,20,UPI,HDFC,South,M001,817.26,1,NONE
TXN0004296,2026-08-30 05:47:23+00:00,20,CARD,KOTAK,East,M005,502.91,1,NONE
TXN0003192,2026-08-30 05:47:24+00:00,20,CARD,KOTAK,South,M002,3562.22,1,NONE
TXN0004682,2026-08-30 05:47:26+00:00,20,UPI,HDFC,Central,M005,1989.11,1,NONE
TXN0000678,2026-08-30 05:47:30+00:00,20,WALLET,ICICI,South,M004,1716.65,1,NONE
TXN0005147,2026-08-30 05:47:33+00:00,20,CARD,HDFC,South,M003,4384.63,1,NONE
TXN0006735,2026-08-30 05:47:35+00:00,20,UPI,HDFC,East,M004,607.57,1,NONE
TXN0006331,2026-08-30 05:47:39+00:00,20,CARD,ICICI,West,M006,703.1,1,NONE
TXN0003542,2026-08-30 05:47:41+00:00,20,UPI,SBI,Central,M001,6810.89,1,NONE
TXN0002905,2026-08-30 05:47:43+00:00,20,UPI,HDFC,South,M004,685.45,1,NONE
TXN0002975,2026-08-30 05:47:44+00:00,20,UPI,ICICI,East,M004,1333.36,1,NONE
TXN0000580,2026-08-30 05:47:44+00:00,20,UPI,KOTAK,North,M004,933.52,1,NONE
TXN0003327,2026-08-30 05:47:44+00:00,20,UPI,HDFC,North,M006,1111.03,1,NONE
TXN0001493,2026-08-30 05:47:46+00:00,20,NETBANKING,AXIS,West,M003,1868.78,1,NONE
TXN0000608,2026-08-30 05:47:47+00:00,20,UPI,AXIS,North,M002,1035.25,1,NONE
TXN0006364,2026-08-30 05:47:49+00:00,20,UPI,KOTAK,South,M004,777.53,1,NONE
TXN0006518,2026-08-30 05:47:50+00:00,20,UPI,ICICI,South,M005,8229.6,1,NONE
TXN0006267,2026-08-30 05:47:51+00:00,20,NETBANKING,AXIS,North,M003,766.78,1,NONE
TXN0005270,2026-08-30 05:47:52+00:00,20,UPI,ICICI,Central,M001,3590.47,1,NONE
TXN0000090,2026-08-30 05:47:55+00:00,20,CARD,AXIS,East,M006,1731.57,1,NONE
TXN0005919,2026-08-30 05:47:55+00:00,20,WALLET,AXIS,North,M006,2909.75,1,NONE
TXN0002269,2026-08-30 05:47:56+00:00,20,WALLET,AXIS,South,M006,4404.39,1,NONE
TXN0006824,2026-08-30 05:47:57+00:00,20,UPI,ICICI,South,M005,812.48,1,NONE
TXN0000638,2026-08-30 05:48:00+00:00,21,CARD,ICICI,North,M002,690.71,1,NONE
TXN0004824,2026-08-30 05:48:00+00:00,21,CARD,ICICI,West,M004,1742.45,1,NONE
TXN0004808,2026-08-30 05:48:02+00:00,21,UPI,ICICI,East,M002,1127.51,1,NONE
TXN0007015,2026-08-30 05:48:05+00:00,21,CARD,HDFC,North,M003,715.49,1,NONE
TXN0002799,2026-08-30 05:48:06+00:00,21,UPI,AXIS,Central,M003,905.81,1,NONE
TXN0000159,2026-08-30 05:48:06+00:00,21,UPI,HDFC,North,M004,1656.44,1,NONE
TXN0007074,2026-08-30 05:48:06+00:00,21,NETBANKING,SBI,Central,M006,3070.05,1,NONE
TXN0006293,2026-08-30 05:48:06+00:00,21,NETBANKING,SBI,East,M003,3162.54,1,NONE
TXN0001919,2026-08-30 05:48:07+00:00,21,NETBANKING,SBI,East,M005,1103.96,1,NONE
TXN0005462,2026-08-30 05:48:08+00:00,21,WALLET,SBI,North,M006,1556.75,1,NONE
TXN0005850,2026-08-30 05:48:10+00:00,21,UPI,SBI,West,M005,1051.22,1,NONE
TXN0000374,2026-08-30 05:48:12+00:00,21,CARD,KOTAK,North,M003,1445.31,1,NONE
TXN0006033,2026-08-30 05:48:16+00:00,21,UPI,ICICI,South,M003,3789.39,1,NONE
TXN0005436,2026-08-30 05:48:16+00:00,21,CARD,HDFC,South,M004,916.08,1,NONE
TXN0003833,2026-08-30 05:48:17+00:00,21,WALLET,AXIS,East,M003,1576.42,1,NONE
TXN0004051,2026-08-30 05:48:18+00:00,21,UPI,HDFC,West,M004,447.97,1,NONE
TXN0004668,2026-08-30 05:48:19+00:00,21,UPI,SBI,East,M005,991.1,1,NONE
TXN0001830,2026-08-30 05:48:21+00:00,21,UPI,HDFC,North,M005,873.22,1,NONE
TXN0001178,2026-08-30 05:48:22+00:00,21,UPI,HDFC,North,M006,1843.59,1,NONE
TXN0004411,2026-08-30 05:48:26+00:00,21,UPI,SBI,East,M006,1467.87,1,NONE
TXN0001913,2026-08-30 05:48:27+00:00,21,UPI,HDFC,South,M002,2884.99,1,NONE
TXN0001240,2026-08-30 05:48:27+00:00,21,UPI,HDFC,West,M004,1444.75,1,NONE
TXN0002503,2026-08-30 05:48:31+00:00,21,CARD,ICICI,West,M005,673.13,1,NONE
TXN0000171,2026-08-30 05:48:32+00:00,21,NETBANKING,ICICI,South,M005,779.04,1,NONE
TXN0001095,2026-08-30 05:48:32+00:00,21,UPI,ICICI,North,M006,721.29,1,NONE
TXN0001546,2026-08-30 05:48:33+00:00,21,UPI,HDFC,North,M002,2154.5,1,NONE
TXN0006243,2026-08-30 05:48:34+00:00,21,UPI,ICICI,West,M005,1381.9,1,NONE
TXN0005534,2026-08-30 05:48:41+00:00,21,UPI,ICICI,West,M004,9682.13,1,NONE
TXN0000207,2026-08-30 05:48:43+00:00,21,NETBANKING,AXIS,North,M006,2461.52,1,NONE
TXN0002098,2026-08-30 05:48:44+00:00,21,CARD,HDFC,North,M002,1236.38,1,NONE
TXN0002376,2026-08-30 05:48:46+00:00,21,UPI,SBI,West,M005,389.5,1,NONE
TXN0004618,2026-08-30 05:48:48+00:00,21,UPI,SBI,West,M002,543.8,1,NONE
TXN0002788,2026-08-30 05:48:51+00:00,21,NETBANKING,AXIS,West,M003,2367.39,1,NONE
TXN0001378,2026-08-30 05:48:51+00:00,21,NETBANKING,ICICI,South,M005,3560.0,1,NONE
TXN0002819,2026-08-30 05:48:53+00:00,21,UPI,HDFC,Central,M003,451.48,1,NONE
TXN0003721,2026-08-30 05:48:55+00:00,21,CARD,ICICI,South,M001,4146.91,1,NONE
TXN0001381,2026-08-30 05:48:57+00:00,21,UPI,HDFC,East,M002,1530.38,1,NONE
TXN0006905,2026-08-30 05:48:57+00:00,21,UPI,SBI,North,M005,1532.25,1,NONE
TXN0004407,2026-08-30 05:48:57+00:00,21,WALLET,SBI,West,M005,1076.87,1,NONE
TXN0003920,2026-08-30 05:48:57+00:00,21,UPI,SBI,North,M004,193.35,1,NONE
TXN0000474,2026-08-30 05:49:02+00:00,22,CARD,KOTAK,West,M006,1657.98,1,NONE
TXN0000555,2026-08-30 05:49:04+00:00,22,CARD,SBI,South,M002,928.41,1,NONE
TXN0006504,2026-08-30 05:49:05+00:00,22,UPI,HDFC,West,M004,181.46,1,NONE
TXN0004955,2026-08-30 05:49:05+00:00,22,CARD,HDFC,South,M005,1471.97,1,NONE
TXN0003755,2026-08-30 05:49:06+00:00,22,UPI,KOTAK,West,M002,960.65,1,NONE
TXN0001814,2026-08-30 05:49:08+00:00,22,UPI,ICICI,North,M003,669.66,1,NONE
TXN0005242,2026-08-30 05:49:13+00:00,22,NETBANKING,SBI,South,M005,4057.4,1,NONE
TXN0005178,2026-08-30 05:49:16+00:00,22,UPI,KOTAK,West,M003,5246.7,1,NONE
TXN0003919,2026-08-30 05:49:17+00:00,22,UPI,HDFC,South,M005,2808.23,1,NONE
TXN0006589,2026-08-30 05:49:17+00:00,22,NETBANKING,SBI,East,M001,603.08,1,NONE
TXN0001939,2026-08-30 05:49:18+00:00,22,UPI,KOTAK,North,M001,1283.78,1,NONE
TXN0004034,2026-08-30 05:49:19+00:00,22,UPI,AXIS,East,M001,609.96,1,NONE
TXN0001075,2026-08-30 05:49:20+00:00,22,NETBANKING,HDFC,West,M005,2391.5,1,NONE
TXN0000927,2026-08-30 05:49:20+00:00,22,UPI,HDFC,South,M002,443.62,1,NONE
TXN0001011,2026-08-30 05:49:21+00:00,22,CARD,KOTAK,North,M004,1207.77,1,NONE
TXN0002835,2026-08-30 05:49:21+00:00,22,CARD,KOTAK,South,M001,2127.52,1,NONE
TXN0006034,2026-08-30 05:49:23+00:00,22,UPI,SBI,South,M003,1329.71,1,NONE
TXN0003214,2026-08-30 05:49:23+00:00,22,UPI,HDFC,East,M001,1038.41,0,INSUFFICIENT_FUNDS
TXN0004334,2026-08-30 05:49:25+00:00,22,UPI,KOTAK,West,M002,3273.44,0,INSUFFICIENT_FUNDS
TXN0000747,2026-08-30 05:49:27+00:00,22,CARD,HDFC,Central,M005,2054.64,1,NONE
TXN0001165,2026-08-30 05:49:30+00:00,22,CARD,ICICI,South,M005,1935.55,0,CUSTOMER_CANCELLED
TXN0003707,2026-08-30 05:49:30+00:00,22,CARD,HDFC,North,M002,519.09,0,INSUFFICIENT_FUNDS
TXN0006698,2026-08-30 05:49:31+00:00,22,CARD,SBI,West,M006,2832.64,1,NONE
TXN0004768,2026-08-30 05:49:31+00:00,22,UPI,ICICI,North,M003,1115.67,1,NONE
TXN0005039,2026-08-30 05:49:33+00:00,22,UPI,AXIS,East,M004,9220.41,1,NONE
TXN0000954,2026-08-30 05:49:33+00:00,22,UPI,HDFC,West,M006,1212.75,1,NONE
TXN0000415,2026-08-30 05:49:35+00:00,22,CARD,HDFC,South,M001,1913.83,0,CUSTOMER_CANCELLED
TXN0005932,2026-08-30 05:49:36+00:00,22,CARD,AXIS,North,M005,3351.47,1,NONE
TXN0006139,2026-08-30 05:49:36+00:00,22,UPI,KOTAK,East,M001,423.06,1,NONE
TXN0000396,2026-08-30 05:49:38+00:00,22,UPI,KOTAK,South,M002,401.36,1,NONE
TXN0006520,2026-08-30 05:49:39+00:00,22,NETBANKING,AXIS,North,M005,969.93,1,NONE
TXN0001128,2026-08-30 05:49:39+00:00,22,UPI,KOTAK,North,M005,1648.45,1,NONE
TXN0005516,2026-08-30 05:49:39+00:00,22,UPI,HDFC,South,M002,841.14,1,NONE
TXN0001625,2026-08-30 05:49:40+00:00,22,UPI,SBI,South,M006,398.76,1,NONE
TXN0003674,2026-08-30 05:49:44+00:00,22,UPI,AXIS,West,M003,1659.34,1,NONE
TXN0002063,2026-08-30 05:49:46+00:00,22,CARD,SBI,South,M004,2421.52,1,NONE
TXN0003491,2026-08-30 05:49:48+00:00,22,UPI,SBI,West,M003,1853.43,0,BANK_DECLINED
TXN0004977,2026-08-30 05:49:50+00:00,22,CARD,AXIS,North,M001,2537.42,0,BANK_DECLINED
TXN0004838,2026-08-30 05:49:50+00:00,22,UPI,KOTAK,West,M001,583.38,1,NONE
TXN0004664,2026-08-30 05:49:53+00:00,22,UPI,KOTAK,South,M005,530.14,1,NONE
TXN0004458,2026-08-30 05:50:00+00:00,23,CARD,SBI,East,M004,316.8,1,NONE
TXN0004654,2026-08-30 05:50:01+00:00,23,UPI,KOTAK,North,M005,2832.4,1,NONE
TXN0005858,2026-08-30 05:50:03+00:00,23,CARD,SBI,West,M005,588.21,1,NONE
TXN0001818,2026-08-30 05:50:03+00:00,23,UPI,KOTAK,East,M004,1727.63,1,NONE
TXN0001597,2026-08-30 05:50:04+00:00,23,NETBANKING,HDFC,North,M004,1682.86,0,INSUFFICIENT_FUNDS
TXN0001114,2026-08-30 05:50:06+00:00,23,NETBANKING,AXIS,West,M006,2680.84,1,NONE
TXN0005486,2026-08-30 05:50:11+00:00,23,UPI,SBI,North,M005,4301.19,1,NONE
TXN0001023,2026-08-30 05:50:13+00:00,23,UPI,HDFC,Central,M006,5518.92,0,INSUFFICIENT_FUNDS
TXN0004445,2026-08-30 05:50:13+00:00,23,CARD,SBI,North,M005,1100.34,1,NONE
TXN0002119,2026-08-30 05:50:16+00:00,23,CARD,KOTAK,North,M004,1857.95,1,NONE
TXN0001355,2026-08-30 05:50:16+00:00,23,UPI,ICICI,West,M004,1497.39,0,TIMEOUT
TXN0003407,2026-08-30 05:50:17+00:00,23,UPI,SBI,South,M002,2993.34,1,NONE
TXN0000467,2026-08-30 05:50:18+00:00,23,UPI,AXIS,South,M006,2085.31,1,NONE
TXN0000252,2026-08-30 05:50:18+00:00,23,NETBANKING,SBI,North,M003,961.54,0,BANK_DECLINED
TXN0004480,2026-08-30 05:50:19+00:00,23,UPI,SBI,West,M005,3682.9,1,NONE
TXN0006278,2026-08-30 05:50:23+00:00,23,NETBANKING,SBI,South,M002,3091.71,1,NONE
TXN0005641,2026-08-30 05:50:23+00:00,23,WALLET,ICICI,North,M006,1244.55,1,NONE
TXN0004433,2026-08-30 05:50:24+00:00,23,NETBANKING,HDFC,South,M001,1499.92,1,NONE
TXN0004996,2026-08-30 05:50:25+00:00,23,UPI,KOTAK,North,M006,3192.8,1,NONE
TXN0005006,2026-08-30 05:50:27+00:00,23,UPI,HDFC,North,M005,467.54,1,NONE
TXN0002138,2026-08-30 05:50:29+00:00,23,UPI,SBI,East,M004,648.27,0,BANK_DECLINED
TXN0000253,2026-08-30 05:50:30+00:00,23,CARD,SBI,North,M003,938.56,1,NONE
TXN0006150,2026-08-30 05:50:31+00:00,23,UPI,ICICI,South,M001,2518.29,1,NONE
TXN0002019,2026-08-30 05:50:33+00:00,23,UPI,KOTAK,North,M004,500.04,1,NONE
TXN0004839,2026-08-30 05:50:34+00:00,23,UPI,KOTAK,West,M001,1507.04,1,NONE
TXN0004852,2026-08-30 05:50:37+00:00,23,UPI,KOTAK,West,M005,8387.31,1,NONE
TXN0006107,2026-08-30 05:50:43+00:00,23,CARD,ICICI,West,M005,2173.56,1,NONE
TXN0006914,2026-08-30 05:50:43+00:00,23,UPI,HDFC,West,M005,2594.11,1,NONE
TXN0003234,2026-08-30 05:50:43+00:00,23,UPI,SBI,West,M002,2313.03,1,NONE
TXN0002442,2026-08-30 05:50:45+00:00,23,UPI,AXIS,South,M004,761.97,1,NONE
TXN0000313,2026-08-30 05:50:45+00:00,23,NETBANKING,HDFC,North,M006,1932.43,1,NONE
TXN0000993,2026-08-30 05:50:46+00:00,23,CARD,HDFC,West,M003,862.23,1,NONE
TXN0005585,2026-08-30 05:50:48+00:00,23,WALLET,ICICI,West,M001,450.53,1,NONE
TXN0004402,2026-08-30 05:50:49+00:00,23,CARD,AXIS,East,M002,1655.81,1,NONE
TXN0001213,2026-08-30 05:50:49+00:00,23,CARD,SBI,North,M006,905.88,1,NONE
TXN0005811,2026-08-30 05:50:51+00:00,23,UPI,ICICI,South,M003,1040.5,1,NONE
TXN0003085,2026-08-30 05:50:53+00:00,23,UPI,ICICI,North,M006,3059.44,1,NONE
TXN0002257,2026-08-30 05:50:54+00:00,23,UPI,SBI,South,M006,1278.7,1,NONE
TXN0004928,2026-08-30 05:50:56+00:00,23,CARD,ICICI,East,M005,3116.28,1,NONE
TXN0002011,2026-08-30 05:50:58+00:00,23,UPI,KOTAK,North,M003,1044.47,1,NONE
TXN0002626,2026-08-30 05:51:02+00:00,24,UPI,HDFC,East,M004,1118.15,1,NONE
TXN0000961,2026-08-30 05:51:03+00:00,24,CARD,AXIS,West,M001,1865.53,1,NONE
TXN0005143,2026-08-30 05:51:04+00:00,24,UPI,KOTAK,Central,M004,338.56,0,CUSTOMER_CANCELLED
TXN0005218,2026-08-30 05:51:05+00:00,24,UPI,HDFC,West,M004,671.11,1,NONE
TXN0004920,2026-08-30 05:51:06+00:00,24,CARD,HDFC,East,M004,655.17,1,NONE
TXN0001678,2026-08-30 05:51:07+00:00,24,UPI,KOTAK,South,M001,786.24,1,NONE
TXN0004306,2026-08-30 05:51:10+00:00,24,CARD,ICICI,East,M003,1892.77,1,NONE
TXN0000730,2026-08-30 05:51:11+00:00,24,CARD,HDFC,South,M003,2032.71,1,NONE
TXN0001810,2026-08-30 05:51:13+00:00,24,UPI,HDFC,South,M006,2485.26,1,NONE
TXN0005992,2026-08-30 05:51:14+00:00,24,NETBANKING,SBI,South,M004,1079.56,1,NONE
TXN0004065,2026-08-30 05:51:18+00:00,24,CARD,SBI,North,M004,2447.47,1,NONE
TXN0001358,2026-08-30 05:51:19+00:00,24,UPI,AXIS,South,M005,278.12,1,NONE
TXN0007058,2026-08-30 05:51:19+00:00,24,UPI,SBI,West,M002,6390.98,1,NONE
TXN0006119,2026-08-30 05:51:20+00:00,24,UPI,AXIS,South,M003,4369.45,1,NONE
TXN0001611,2026-08-30 05:51:20+00:00,24,CARD,SBI,West,M005,1401.65,1,NONE
TXN0004596,2026-08-30 05:51:28+00:00,24,UPI,ICICI,West,M004,4292.03,0,CUSTOMER_CANCELLED
TXN0005203,2026-08-30 05:51:28+00:00,24,UPI,ICICI,West,M006,1477.88,1,NONE
TXN0006766,2026-08-30 05:51:30+00:00,24,UPI,AXIS,West,M005,1503.27,1,NONE
TXN0006657,2026-08-30 05:51:32+00:00,24,CARD,SBI,North,M001,1650.62,1,NONE
TXN0000904,2026-08-30 05:51:37+00:00,24,WALLET,SBI,North,M006,1991.0,0,BANK_DECLINED
TXN0001288,2026-08-30 05:51:42+00:00,24,UPI,AXIS,West,M005,3466.84,1,NONE
TXN0007096,2026-08-30 05:51:43+00:00,24,WALLET,AXIS,West,M001,588.99,1,NONE
TXN0006790,2026-08-30 05:51:44+00:00,24,CARD,SBI,West,M004,1673.5,1,NONE
TXN0004557,2026-08-30 05:51:44+00:00,24,UPI,KOTAK,West,M004,678.45,1,NONE
TXN0005880,2026-08-30 05:51:44+00:00,24,CARD,SBI,South,M005,991.38,1,NONE
TXN0000843,2026-08-30 05:51:44+00:00,24,UPI,SBI,North,M001,722.62,1,NONE
TXN0003873,2026-08-30 05:51:46+00:00,24,UPI,KOTAK,West,M001,3227.15,0,CUSTOMER_CANCELLED
TXN0004098,2026-08-30 05:51:47+00:00,24,NETBANKING,HDFC,South,M001,641.62,1,NONE
TXN0005176,2026-08-30 05:51:51+00:00,24,NETBANKING,KOTAK,East,M002,1492.56,1,NONE
TXN0004308,2026-08-30 05:51:52+00:00,24,UPI,AXIS,North,M006,2976.12,1,NONE
TXN0004385,2026-08-30 05:51:53+00:00,24,UPI,ICICI,South,M005,450.64,1,NONE
TXN0003655,2026-08-30 05:51:55+00:00,24,CARD,ICICI,South,M006,6524.15,1,NONE
TXN0006509,2026-08-30 05:51:55+00:00,24,UPI,ICICI,West,M004,414.0,0,CUSTOMER_CANCELLED
TXN0002802,2026-08-30 05:51:56+00:00,24,UPI,SBI,West,M005,385.31,1,NONE
TXN0006117,2026-08-30 05:51:56+00:00,24,UPI,AXIS,North,M003,7133.8,1,NONE
TXN0006206,2026-08-30 05:51:57+00:00,24,WALLET,ICICI,North,M005,2718.77,0,BANK_DECLINED
TXN0001603,2026-08-30 05:51:58+00:00,24,CARD,ICICI,South,M003,733.58,1,NONE
TXN0001113,2026-08-30 05:51:58+00:00,24,NETBANKING,HDFC,Central,M006,2063.6,1,NONE
TXN0000075,2026-08-30 05:51:59+00:00,24,UPI,SBI,Central,M006,601.83,1,NONE
TXN0004533,2026-08-30 05:51:59+00:00,24,UPI,KOTAK,North,M003,3888.85,1,NONE
TXN0007156,2026-08-30 05:52:00+00:00,25,NETBANKING,HDFC,West,M002,1793.13,1,NONE
TXN0002652,2026-08-30 05:52:01+00:00,25,CARD,ICICI,North,M005,492.3,1,NONE
TXN0004014,2026-08-30 05:52:01+00:00,25,UPI,ICICI,North,M001,556.51,1,NONE
TXN0000311,2026-08-30 05:52:02+00:00,25,CARD,ICICI,North,M005,851.57,1,NONE
TXN0005925,2026-08-30 05:52:02+00:00,25,CARD,SBI,East,M005,740.99,1,NONE
TXN0005427,2026-08-30 05:52:02+00:00,25,UPI,ICICI,East,M002,10122.86,1,NONE
TXN0007004,2026-08-30 05:52:04+00:00,25,NETBANKING,SBI,North,M004,2236.12,1,NONE
TXN0005296,2026-08-30 05:52:07+00:00,25,UPI,ICICI,South,M006,1240.17,1,NONE
TXN0002784,2026-08-30 05:52:09+00:00,25,UPI,ICICI,East,M002,1906.11,1,NONE
TXN0000432,2026-08-30 05:52:12+00:00,25,UPI,ICICI,North,M002,3349.82,1,NONE
TXN0006959,2026-08-30 05:52:13+00:00,25,NETBANKING,AXIS,Central,M006,801.08,1,NONE
TXN0002596,2026-08-30 05:52:13+00:00,25,UPI,AXIS,Central,M001,4356.45,1,NONE
TXN0004129,2026-08-30 05:52:14+00:00,25,UPI,SBI,South,M002,3283.35,1,NONE
TXN0004179,2026-08-30 05:52:17+00:00,25,CARD,SBI,South,M006,1387.29,1,NONE
TXN0002815,2026-08-30 05:52:17+00:00,25,CARD,HDFC,Central,M002,839.14,1,NONE
TXN0004798,2026-08-30 05:52:17+00:00,25,UPI,KOTAK,Central,M003,966.31,1,NONE
TXN0001179,2026-08-30 05:52:17+00:00,25,CARD,SBI,Central,M004,543.89,1,NONE
TXN0006367,2026-08-30 05:52:18+00:00,25,CARD,SBI,West,M003,1157.82,1,NONE
TXN0002724,2026-08-30 05:52:20+00:00,25,NETBANKING,AXIS,East,M004,3198.21,1,NONE
TXN0002039,2026-08-30 05:52:23+00:00,25,CARD,KOTAK,West,M002,1724.46,0,CUSTOMER_CANCELLED
TXN0004553,2026-08-30 05:52:25+00:00,25,UPI,HDFC,Central,M006,923.82,1,NONE
TXN0006416,2026-08-30 05:52:25+00:00,25,UPI,SBI,East,M006,2085.39,1,NONE
TXN0006323,2026-08-30 05:52:29+00:00,25,UPI,AXIS,South,M004,310.28,1,NONE
TXN0006693,2026-08-30 05:52:30+00:00,25,CARD,HDFC,West,M002,787.01,1,NONE
TXN0006187,2026-08-30 05:52:32+00:00,25,CARD,AXIS,South,M005,1895.08,1,NONE
TXN0000037,2026-08-30 05:52:33+00:00,25,UPI,SBI,South,M003,406.88,1,NONE
TXN0000362,2026-08-30 05:52:34+00:00,25,WALLET,SBI,South,M004,1478.46,1,NONE
TXN0001042,2026-08-30 05:52:35+00:00,25,NETBANKING,HDFC,Central,M002,1611.13,1,NONE
TXN0001813,2026-08-30 05:52:35+00:00,25,CARD,SBI,East,M003,1477.16,1,NONE
TXN0000534,2026-08-30 05:52:36+00:00,25,WALLET,AXIS,West,M005,2023.17,1,NONE
TXN0000573,2026-08-30 05:52:39+00:00,25,UPI,ICICI,Central,M006,4453.33,1,NONE
TXN0003756,2026-08-30 05:52:39+00:00,25,UPI,ICICI,Central,M001,893.14,1,NONE
TXN0003303,2026-08-30 05:52:43+00:00,25,UPI,KOTAK,West,M002,1154.93,1,NONE
TXN0006602,2026-08-30 05:52:50+00:00,25,NETBANKING,HDFC,West,M002,690.69,1,NONE
TXN0003254,2026-08-30 05:52:50+00:00,25,NETBANKING,SBI,North,M002,1584.63,0,CUSTOMER_CANCELLED
TXN0004419,2026-08-30 05:52:52+00:00,25,UPI,HDFC,South,M001,6487.7,1,NONE
TXN0001714,2026-08-30 05:52:56+00:00,25,UPI,SBI,South,M006,1888.44,1,NONE
TXN0004097,2026-08-30 05:52:58+00:00,25,CARD,AXIS,West,M004,589.31,1,NONE
TXN0001663,2026-08-30 05:52:58+00:00,25,UPI,ICICI,North,M006,855.85,1,NONE
TXN0001029,2026-08-30 05:52:59+00:00,25,UPI,SBI,South,M002,734.32,1,NONE
TXN0001832,2026-08-30 05:53:04+00:00,26,UPI,SBI,North,M005,549.42,1,NONE
TXN0004292,2026-08-30 05:53:07+00:00,26,UPI,HDFC,West,M002,1276.99,1,NONE
TXN0002296,2026-08-30 05:53:09+00:00,26,UPI,AXIS,Central,M002,333.44,0,CUSTOMER_CANCELLED
TXN0005087,2026-08-30 05:53:11+00:00,26,UPI,SBI,South,M002,1318.57,1,NONE
TXN0000436,2026-08-30 05:53:13+00:00,26,UPI,SBI,South,M004,682.2,0,INSUFFICIENT_FUNDS
TXN0001752,2026-08-30 05:53:13+00:00,26,UPI,SBI,East,M004,3948.08,1,NONE
TXN0003878,2026-08-30 05:53:15+00:00,26,UPI,KOTAK,South,M001,5796.76,1,NONE
TXN0006956,2026-08-30 05:53:17+00:00,26,CARD,HDFC,Central,M006,1824.74,1,NONE
TXN0003793,2026-08-30 05:53:18+00:00,26,UPI,HDFC,West,M002,1926.19,1,NONE
TXN0006985,2026-08-30 05:53:18+00:00,26,UPI,SBI,East,M005,2411.25,1,NONE
TXN0004749,2026-08-30 05:53:20+00:00,26,CARD,SBI,West,M002,355.02,0,BANK_DECLINED
TXN0005290,2026-08-30 05:53:20+00:00,26,NETBANKING,ICICI,South,M001,11166.64,1,NONE
TXN0000140,2026-08-30 05:53:24+00:00,26,UPI,ICICI,North,M004,1464.16,1,NONE
TXN0003109,2026-08-30 05:53:24+00:00,26,CARD,KOTAK,South,M006,2319.6,1,NONE
TXN0000408,2026-08-30 05:53:25+00:00,26,CARD,SBI,West,M006,633.76,1,NONE
TXN0001765,2026-08-30 05:53:27+00:00,26,UPI,KOTAK,North,M005,410.47,1,NONE
TXN0003829,2026-08-30 05:53:27+00:00,26,CARD,KOTAK,East,M002,1614.14,1,NONE
TXN0001204,2026-08-30 05:53:28+00:00,26,CARD,ICICI,West,M005,1023.84,1,NONE
TXN0007148,2026-08-30 05:53:32+00:00,26,CARD,ICICI,West,M005,663.5,1,NONE
TXN0006450,2026-08-30 05:53:34+00:00,26,CARD,AXIS,South,M004,1949.41,0,INSUFFICIENT_FUNDS
TXN0001299,2026-08-30 05:53:38+00:00,26,NETBANKING,HDFC,South,M004,479.38,1,NONE
TXN0004267,2026-08-30 05:53:38+00:00,26,UPI,HDFC,South,M003,1335.18,1,NONE
TXN0006871,2026-08-30 05:53:39+00:00,26,CARD,KOTAK,North,M001,4518.06,1,NONE
TXN0002793,2026-08-30 05:53:39+00:00,26,UPI,SBI,East,M001,5112.56,1,NONE
TXN0005442,2026-08-30 05:53:42+00:00,26,UPI,HDFC,East,M003,1975.33,1,NONE
TXN0003565,2026-08-30 05:53:46+00:00,26,UPI,SBI,Central,M001,746.06,1,NONE
TXN0004248,2026-08-30 05:53:47+00:00,26,CARD,SBI,South,M005,833.61,1,NONE
TXN0000079,2026-08-30 05:53:50+00:00,26,UPI,HDFC,West,M006,4423.27,1,NONE
TXN0002888,2026-08-30 05:53:51+00:00,26,CARD,SBI,South,M006,686.51,1,NONE
TXN0002852,2026-08-30 05:53:51+00:00,26,UPI,KOTAK,East,M004,1801.21,1,NONE
TXN0000260,2026-08-30 05:53:51+00:00,26,UPI,AXIS,East,M006,832.83,1,NONE
TXN0006794,2026-08-30 05:53:52+00:00,26,UPI,KOTAK,West,M006,1397.2,0,BANK_DECLINED
TXN0005921,2026-08-30 05:53:53+00:00,26,UPI,ICICI,North,M002,425.16,1,NONE
TXN0002814,2026-08-30 05:53:53+00:00,26,UPI,ICICI,East,M003,1803.98,1,NONE
TXN0002926,2026-08-30 05:53:54+00:00,26,CARD,AXIS,East,M003,1246.25,1,NONE
TXN0003468,2026-08-30 05:53:55+00:00,26,WALLET,KOTAK,South,M002,2092.48,1,NONE
TXN0004345,2026-08-30 05:53:55+00:00,26,NETBANKING,KOTAK,South,M006,573.82,1,NONE
TXN0001697,2026-08-30 05:53:58+00:00,26,WALLET,ICICI,East,M005,489.96,1,NONE
TXN0003889,2026-08-30 05:53:58+00:00,26,UPI,ICICI,North,M002,2463.55,1,NONE
TXN0002620,2026-08-30 05:53:59+00:00,26,CARD,KOTAK,Central,M002,5162.98,1,NONE
TXN0007151,2026-08-30 05:54:02+00:00,27,WALLET,HDFC,North,M006,1839.82,1,NONE
TXN0000358,2026-08-30 05:54:02+00:00,27,WALLET,SBI,East,M003,1120.68,1,NONE
TXN0005795,2026-08-30 05:54:05+00:00,27,UPI,SBI,North,M003,1085.91,1,NONE
TXN0003033,2026-08-30 05:54:06+00:00,27,UPI,SBI,Central,M001,1480.56,1,NONE
TXN0006097,2026-08-30 05:54:08+00:00,27,UPI,ICICI,North,M004,1306.51,1,NONE
TXN0005260,2026-08-30 05:54:10+00:00,27,UPI,KOTAK,East,M005,373.05,1,NONE
TXN0003992,2026-08-30 05:54:11+00:00,27,CARD,KOTAK,West,M002,1301.92,1,NONE
TXN0005237,2026-08-30 05:54:12+00:00,27,CARD,HDFC,West,M002,1793.65,1,NONE
TXN0003912,2026-08-30 05:54:13+00:00,27,UPI,AXIS,North,M006,732.75,0,INSUFFICIENT_FUNDS
TXN0005566,2026-08-30 05:54:15+00:00,27,UPI,SBI,East,M003,514.17,1,NONE
TXN0004630,2026-08-30 05:54:16+00:00,27,UPI,KOTAK,East,M001,623.24,1,NONE
TXN0002735,2026-08-30 05:54:17+00:00,27,CARD,ICICI,North,M001,786.2,0,INSUFFICIENT_FUNDS
TXN0000290,2026-08-30 05:54:17+00:00,27,CARD,HDFC,West,M002,2174.08,1,NONE
TXN0003383,2026-08-30 05:54:19+00:00,27,UPI,AXIS,South,M006,1687.68,0,INSUFFICIENT_FUNDS
TXN0000683,2026-08-30 05:54:20+00:00,27,CARD,AXIS,South,M003,3646.12,1,NONE
TXN0002881,2026-08-30 05:54:22+00:00,27,CARD,ICICI,South,M004,3784.27,1,NONE
TXN0001776,2026-08-30 05:54:25+00:00,27,WALLET,SBI,South,M002,1919.66,0,BANK_DECLINED
TXN0003448,2026-08-30 05:54:25+00:00,27,UPI,HDFC,West,M001,613.34,1,NONE
TXN0003124,2026-08-30 05:54:25+00:00,27,UPI,SBI,South,M004,2146.17,1,NONE
TXN0002718,2026-08-30 05:54:26+00:00,27,CARD,SBI,South,M003,1207.06,1,NONE
TXN0005215,2026-08-30 05:54:26+00:00,27,WALLET,HDFC,South,M001,909.86,1,NONE
TXN0006263,2026-08-30 05:54:27+00:00,27,UPI,HDFC,West,M001,2062.31,1,NONE
TXN0000176,2026-08-30 05:54:28+00:00,27,WALLET,KOTAK,West,M002,8249.9,1,NONE
TXN0001638,2026-08-30 05:54:32+00:00,27,UPI,ICICI,South,M005,449.62,1,NONE
TXN0003612,2026-08-30 05:54:35+00:00,27,UPI,HDFC,South,M005,5400.5,0,TIMEOUT
TXN0001541,2026-08-30 05:54:35+00:00,27,NETBANKING,ICICI,Central,M006,1189.97,0,TIMEOUT
TXN0002029,2026-08-30 05:54:35+00:00,27,CARD,SBI,North,M002,7660.14,0,BANK_DECLINED
TXN0000682,2026-08-30 05:54:37+00:00,27,UPI,ICICI,East,M003,2121.95,1,NONE
TXN0001789,2026-08-30 05:54:39+00:00,27,WALLET,KOTAK,South,M003,1627.33,1,NONE
TXN0006645,2026-08-30 05:54:41+00:00,27,UPI,SBI,South,M002,4439.6,1,NONE
TXN0006949,2026-08-30 05:54:44+00:00,27,UPI,HDFC,North,M003,1399.26,1,NONE
TXN0005236,2026-08-30 05:54:45+00:00,27,UPI,SBI,South,M001,1110.73,1,NONE
TXN0003984,2026-08-30 05:54:48+00:00,27,UPI,HDFC,East,M002,1390.48,1,NONE
TXN0002152,2026-08-30 05:54:50+00:00,27,WALLET,HDFC,South,M005,562.15,1,NONE
TXN0001726,2026-08-30 05:54:52+00:00,27,CARD,ICICI,North,M003,1939.97,1,NONE
TXN0004168,2026-08-30 05:54:52+00:00,27,CARD,SBI,East,M001,805.15,1,NONE
TXN0001348,2026-08-30 05:54:52+00:00,27,UPI,HDFC,West,M001,748.65,1,NONE
TXN0002170,2026-08-30 05:54:57+00:00,27,UPI,ICICI,South,M002,1825.41,1,NONE
TXN0005506,2026-08-30 05:54:58+00:00,27,CARD,HDFC,South,M004,269.31,1,NONE
TXN0002459,2026-08-30 05:54:59+00:00,27,UPI,SBI,South,M004,4336.51,1,NONE
TXN0001842,2026-08-30 05:55:04+00:00,28,UPI,KOTAK,East,M002,1497.66,1,NONE
TXN0000992,2026-08-30 05:55:07+00:00,28,UPI,HDFC,North,M003,2507.17,1,NONE
TXN0001188,2026-08-30 05:55:08+00:00,28,WALLET,HDFC,South,M005,4185.87,1,NONE
TXN0004245,2026-08-30 05:55:10+00:00,28,CARD,ICICI,South,M003,1568.34,1,NONE
TXN0000938,2026-08-30 05:55:10+00:00,28,UPI,HDFC,South,M001,319.6,1,NONE
TXN0005931,2026-08-30 05:55:12+00:00,28,CARD,KOTAK,West,M003,880.84,1,NONE
TXN0004753,2026-08-30 05:55:12+00:00,28,UPI,ICICI,West,M004,212.91,1,NONE
TXN0005689,2026-08-30 05:55:13+00:00,28,UPI,HDFC,North,M003,710.48,1,NONE
TXN0003837,2026-08-30 05:55:15+00:00,28,CARD,SBI,East,M006,2216.41,1,NONE
TXN0005101,2026-08-30 05:55:15+00:00,28,UPI,ICICI,North,M002,1194.98,1,NONE
TXN0007188,2026-08-30 05:55:16+00:00,28,UPI,KOTAK,South,M003,1348.33,1,NONE
TXN0002739,2026-08-30 05:55:18+00:00,28,UPI,KOTAK,West,M006,9564.61,1,NONE
TXN0003787,2026-08-30 05:55:18+00:00,28,CARD,HDFC,Central,M003,1571.46,1,NONE
TXN0000824,2026-08-30 05:55:19+00:00,28,CARD,HDFC,South,M002,369.18,1,NONE
TXN0001572,2026-08-30 05:55:22+00:00,28,WALLET,AXIS,East,M003,1798.9,1,NONE
TXN0007047,2026-08-30 05:55:24+00:00,28,CARD,HDFC,East,M006,1102.1,0,INSUFFICIENT_FUNDS
TXN0005500,2026-08-30 05:55:24+00:00,28,UPI,KOTAK,North,M004,914.2,1,NONE
TXN0002737,2026-08-30 05:55:25+00:00,28,UPI,SBI,East,M002,2459.86,1,NONE
TXN0005138,2026-08-30 05:55:26+00:00,28,CARD,ICICI,North,M006,1290.07,1,NONE
TXN0000152,2026-08-30 05:55:26+00:00,28,UPI,ICICI,South,M005,3816.58,1,NONE
TXN0001774,2026-08-30 05:55:30+00:00,28,CARD,SBI,West,M003,572.08,1,NONE
TXN0006318,2026-08-30 05:55:32+00:00,28,CARD,KOTAK,Central,M002,4127.33,0,CUSTOMER_CANCELLED
TXN0001022,2026-08-30 05:55:32+00:00,28,CARD,SBI,North,M003,1352.81,1,NONE
TXN0001417,2026-08-30 05:55:33+00:00,28,NETBANKING,KOTAK,East,M002,862.3,1,NONE
TXN0006205,2026-08-30 05:55:34+00:00,28,CARD,KOTAK,East,M006,573.34,0,BANK_DECLINED
TXN0002169,2026-08-30 05:55:37+00:00,28,CARD,HDFC,Central,M004,946.68,1,NONE
TXN0005089,2026-08-30 05:55:39+00:00,28,UPI,AXIS,North,M001,680.61,1,NONE
TXN0001227,2026-08-30 05:55:41+00:00,28,UPI,SBI,South,M001,1077.16,1,NONE
TXN0005299,2026-08-30 05:55:41+00:00,28,CARD,HDFC,North,M004,1011.33,0,INSUFFICIENT_FUNDS
TXN0001827,2026-08-30 05:55:42+00:00,28,UPI,KOTAK,Central,M005,1034.38,1,NONE
TXN0002708,2026-08-30 05:55:43+00:00,28,UPI,SBI,North,M004,2005.01,1,NONE
TXN0001189,2026-08-30 05:55:44+00:00,28,NETBANKING,SBI,East,M006,2706.49,1,NONE
TXN0005887,2026-08-30 05:55:45+00:00,28,CARD,KOTAK,South,M001,550.99,1,NONE
TXN0006284,2026-08-30 05:55:45+00:00,28,UPI,ICICI,West,M005,2590.34,1,NONE
TXN0002628,2026-08-30 05:55:47+00:00,28,UPI,ICICI,West,M001,2058.68,0,TIMEOUT
TXN0001374,2026-08-30 05:55:47+00:00,28,CARD,SBI,South,M005,1276.79,1,NONE
TXN0005940,2026-08-30 05:55:48+00:00,28,UPI,KOTAK,East,M004,1353.8,1,NONE
TXN0005791,2026-08-30 05:55:53+00:00,28,CARD,SBI,North,M003,265.8,1,NONE
TXN0002972,2026-08-30 05:55:54+00:00,28,NETBANKING,SBI,South,M006,1386.27,1,NONE
TXN0001689,2026-08-30 05:55:58+00:00,28,CARD,HDFC,North,M005,828.0,0,BANK_DECLINED
TXN0001633,2026-08-30 05:56:00+00:00,29,UPI,HDFC,South,M003,1177.25,1,NONE
TXN0000599,2026-08-30 05:56:02+00:00,29,CARD,HDFC,East,M001,2711.28,1,NONE
TXN0000167,2026-08-30 05:56:02+00:00,29,CARD,HDFC,North,M001,3481.79,1,NONE
TXN0006370,2026-08-30 05:56:08+00:00,29,UPI,SBI,North,M004,2482.31,1,NONE
TXN0004405,2026-08-30 05:56:08+00:00,29,UPI,KOTAK,South,M002,1213.23,1,NONE
TXN0000693,2026-08-30 05:56:09+00:00,29,UPI,ICICI,South,M004,1613.86,1,NONE
TXN0004911,2026-08-30 05:56:10+00:00,29,CARD,SBI,East,M002,2496.59,1,NONE
TXN0006988,2026-08-30 05:56:11+00:00,29,CARD,AXIS,North,M003,1220.26,1,NONE
TXN0001950,2026-08-30 05:56:11+00:00,29,UPI,KOTAK,West,M001,1500.99,1,NONE
TXN0002177,2026-08-30 05:56:11+00:00,29,CARD,SBI,West,M005,1176.29,1,NONE
TXN0005944,2026-08-30 05:56:15+00:00,29,UPI,SBI,South,M006,359.98,1,NONE
TXN0001485,2026-08-30 05:56:16+00:00,29,UPI,SBI,East,M004,2837.09,1,NONE
TXN0004769,2026-08-30 05:56:16+00:00,29,UPI,AXIS,North,M001,4042.33,1,NONE
TXN0005771,2026-08-30 05:56:17+00:00,29,NETBANKING,AXIS,Central,M005,1783.34,1,NONE
TXN0007083,2026-08-30 05:56:20+00:00,29,UPI,HDFC,South,M004,636.32,1,NONE
TXN0002962,2026-08-30 05:56:20+00:00,29,UPI,HDFC,North,M005,977.53,1,NONE
TXN0000845,2026-08-30 05:56:26+00:00,29,WALLET,SBI,South,M004,2954.52,0,CUSTOMER_CANCELLED
TXN0005743,2026-08-30 05:56:27+00:00,29,CARD,SBI,South,M003,7479.72,1,NONE
TXN0002415,2026-08-30 05:56:27+00:00,29,WALLET,KOTAK,Central,M003,3184.63,1,NONE
TXN0002469,2026-08-30 05:56:27+00:00,29,UPI,SBI,South,M001,1040.58,1,NONE
TXN0001327,2026-08-30 05:56:28+00:00,29,CARD,SBI,East,M003,1364.52,1,NONE
TXN0005670,2026-08-30 05:56:28+00:00,29,NETBANKING,SBI,North,M006,2045.71,1,NONE
TXN0003415,2026-08-30 05:56:31+00:00,29,UPI,SBI,West,M003,1131.98,1,NONE
TXN0002504,2026-08-30 05:56:32+00:00,29,CARD,HDFC,West,M002,933.92,1,NONE
TXN0004537,2026-08-30 05:56:34+00:00,29,CARD,KOTAK,West,M004,2722.7,1,NONE
TXN0006854,2026-08-30 05:56:38+00:00,29,UPI,SBI,North,M005,814.36,1,NONE
TXN0006942,2026-08-30 05:56:38+00:00,29,UPI,SBI,South,M002,761.03,1,NONE
TXN0005399,2026-08-30 05:56:41+00:00,29,NETBANKING,AXIS,East,M004,4293.38,1,NONE
TXN0001713,2026-08-30 05:56:42+00:00,29,UPI,AXIS,North,M005,685.03,1,NONE
TXN0004277,2026-08-30 05:56:45+00:00,29,WALLET,AXIS,East,M004,1867.68,1,NONE
TXN0006613,2026-08-30 05:56:45+00:00,29,WALLET,ICICI,West,M001,11111.44,1,NONE
TXN0001470,2026-08-30 05:56:50+00:00,29,UPI,ICICI,West,M006,1655.78,1,NONE
TXN0002056,2026-08-30 05:56:50+00:00,29,UPI,SBI,North,M004,3620.03,1,NONE
TXN0002560,2026-08-30 05:56:50+00:00,29,NETBANKING,HDFC,East,M006,1929.97,1,NONE
TXN0000095,2026-08-30 05:56:53+00:00,29,UPI,AXIS,West,M002,1034.1,1,NONE
TXN0005638,2026-08-30 05:56:53+00:00,29,UPI,ICICI,North,M002,2665.73,1,NONE
TXN0001088,2026-08-30 05:56:54+00:00,29,CARD,ICICI,West,M001,2828.33,0,TIMEOUT
TXN0000611,2026-08-30 05:56:56+00:00,29,CARD,KOTAK,North,M006,5053.89,1,NONE
TXN0001174,2026-08-30 05:56:58+00:00,29,UPI,HDFC,East,M004,1775.77,1,NONE
TXN0001622,2026-08-30 05:56:59+00:00,29,UPI,KOTAK,West,M002,3403.86,1,NONE
TXN0007171,2026-08-30 05:57:00+00:00,30,UPI,SBI,South,M005,4335.11,0,INSUFFICIENT_FUNDS
TXN0006559,2026-08-30 05:57:00+00:00,30,UPI,SBI,North,M004,1364.44,1,NONE
TXN0003700,2026-08-30 05:57:00+00:00,30,UPI,SBI,East,M004,338.36,1,NONE
TXN0002967,2026-08-30 05:57:00+00:00,30,NETBANKING,KOTAK,North,M005,2122.54,1,NONE
TXN0004926,2026-08-30 05:57:03+00:00,30,UPI,SBI,South,M005,1634.95,1,NONE
TXN0000629,2026-08-30 05:57:05+00:00,30,CARD,ICICI,East,M005,1357.62,1,NONE
TXN0002892,2026-08-30 05:57:06+00:00,30,CARD,SBI,North,M004,283.66,1,NONE
TXN0002515,2026-08-30 05:57:07+00:00,30,UPI,AXIS,East,M004,2521.05,1,NONE
TXN0002483,2026-08-30 05:57:09+00:00,30,UPI,SBI,West,M002,603.69,0,BANK_DECLINED
TXN0000645,2026-08-30 05:57:15+00:00,30,CARD,HDFC,North,M005,2063.08,1,NONE
TXN0006036,2026-08-30 05:57:15+00:00,30,CARD,ICICI,West,M001,1090.7,1,NONE
TXN0003691,2026-08-30 05:57:15+00:00,30,CARD,SBI,North,M001,714.43,1,NONE
TXN0002331,2026-08-30 05:57:15+00:00,30,UPI,KOTAK,North,M006,3667.99,1,NONE
TXN0000158,2026-08-30 05:57:17+00:00,30,CARD,KOTAK,South,M003,3430.59,1,NONE
TXN0005513,2026-08-30 05:57:18+00:00,30,CARD,AXIS,Central,M002,609.01,1,NONE
TXN0001130,2026-08-30 05:57:19+00:00,30,NETBANKING,HDFC,South,M004,1727.29,0,CUSTOMER_CANCELLED
TXN0004181,2026-08-30 05:57:21+00:00,30,UPI,HDFC,Central,M002,3459.16,1,NONE
TXN0004873,2026-08-30 05:57:24+00:00,30,UPI,AXIS,East,M005,756.76,1,NONE
TXN0005763,2026-08-30 05:57:25+00:00,30,WALLET,AXIS,South,M002,648.9,1,NONE
TXN0002143,2026-08-30 05:57:26+00:00,30,CARD,HDFC,West,M004,1842.22,1,NONE
TXN0002341,2026-08-30 05:57:27+00:00,30,NETBANKING,AXIS,South,M004,5521.87,1,NONE
TXN0001024,2026-08-30 05:57:30+00:00,30,UPI,SBI,East,M005,589.52,1,NONE
TXN0000860,2026-08-30 05:57:35+00:00,30,CARD,KOTAK,South,M005,1468.12,1,NONE
TXN0003907,2026-08-30 05:57:35+00:00,30,UPI,ICICI,South,M005,301.37,1,NONE
TXN0003472,2026-08-30 05:57:36+00:00,30,NETBANKING,AXIS,South,M001,385.41,0,CUSTOMER_CANCELLED
TXN0006338,2026-08-30 05:57:38+00:00,30,UPI,HDFC,East,M004,2329.51,1,NONE
TXN0000531,2026-08-30 05:57:38+00:00,30,UPI,HDFC,West,M002,1242.81,1,NONE
TXN0004317,2026-08-30 05:57:43+00:00,30,UPI,HDFC,Central,M006,1408.2,1,NONE
TXN0006751,2026-08-30 05:57:44+00:00,30,UPI,SBI,West,M003,3438.95,1,NONE
TXN0002587,2026-08-30 05:57:44+00:00,30,UPI,SBI,North,M006,1388.76,1,NONE
TXN0000373,2026-08-30 05:57:45+00:00,30,UPI,HDFC,North,M001,1517.98,1,NONE
TXN0001141,2026-08-30 05:57:45+00:00,30,CARD,HDFC,North,M003,816.99,1,NONE
TXN0001297,2026-08-30 05:57:46+00:00,30,NETBANKING,SBI,West,M004,741.24,1,NONE
TXN0005135,2026-08-30 05:57:46+00:00,30,UPI,KOTAK,Central,M001,926.14,1,NONE
TXN0003152,2026-08-30 05:57:47+00:00,30,NETBANKING,HDFC,West,M006,2061.22,1,NONE
TXN0006395,2026-08-30 05:57:48+00:00,30,CARD,SBI,South,M004,2004.56,1,NONE
TXN0000352,2026-08-30 05:57:49+00:00,30,NETBANKING,KOTAK,North,M004,2206.42,0,TIMEOUT
TXN0006091,2026-08-30 05:57:50+00:00,30,NETBANKING,KOTAK,South,M006,1438.02,1,NONE
TXN0006495,2026-08-30 05:57:57+00:00,30,UPI,HDFC,South,M005,911.83,1,NONE
TXN0003853,2026-08-30 05:57:58+00:00,30,CARD,ICICI,Central,M004,517.39,1,NONE
TXN0002666,2026-08-30 05:58:00+00:00,31,NETBANKING,AXIS,West,M004,1996.3,1,NONE
TXN0004351,2026-08-30 05:58:01+00:00,31,UPI,KOTAK,South,M004,5494.97,1,NONE
TXN0004968,2026-08-30 05:58:03+00:00,31,UPI,KOTAK,North,M002,240.29,1,NONE
TXN0006183,2026-08-30 05:58:04+00:00,31,UPI,AXIS,South,M005,2212.16,1,NONE
TXN0001693,2026-08-30 05:58:05+00:00,31,CARD,SBI,West,M004,1420.65,1,NONE
TXN0001833,2026-08-30 05:58:06+00:00,31,UPI,KOTAK,South,M006,3221.57,1,NONE
TXN0003421,2026-08-30 05:58:07+00:00,31,CARD,HDFC,North,M002,706.02,1,NONE
TXN0002175,2026-08-30 05:58:10+00:00,31,UPI,SBI,Central,M003,669.27,0,CUSTOMER_CANCELLED
TXN0003681,2026-08-30 05:58:11+00:00,31,UPI,HDFC,South,M005,571.32,1,NONE
TXN0002044,2026-08-30 05:58:11+00:00,31,UPI,ICICI,West,M002,847.91,1,NONE
TXN0001915,2026-08-30 05:58:13+00:00,31,UPI,HDFC,West,M002,1225.92,1,NONE
TXN0003463,2026-08-30 05:58:13+00:00,31,UPI,AXIS,North,M005,2599.01,1,NONE
TXN0004295,2026-08-30 05:58:13+00:00,31,UPI,HDFC,East,M004,2565.83,1,NONE
TXN0001330,2026-08-30 05:58:14+00:00,31,CARD,HDFC,South,M003,1205.18,1,NONE
TXN0000385,2026-08-30 05:58:17+00:00,31,UPI,KOTAK,East,M003,2719.27,1,NONE
TXN0003777,2026-08-30 05:58:19+00:00,31,UPI,ICICI,North,M004,4239.11,1,NONE
TXN0006219,2026-08-30 05:58:19+00:00,31,WALLET,AXIS,West,M003,519.68,1,NONE
TXN0006865,2026-08-30 05:58:19+00:00,31,CARD,SBI,South,M002,645.89,1,NONE
TXN0002604,2026-08-30 05:58:33+00:00,31,NETBANKING,ICICI,South,M002,995.25,1,NONE
TXN0000912,2026-08-30 05:58:36+00:00,31,UPI,HDFC,East,M003,684.62,1,NONE
TXN0003635,2026-08-30 05:58:37+00:00,31,UPI,SBI,North,M003,989.62,1,NONE
TXN0006707,2026-08-30 05:58:37+00:00,31,UPI,ICICI,East,M006,1773.45,1,NONE
TXN0000387,2026-08-30 05:58:37+00:00,31,UPI,HDFC,North,M002,5264.84,1,NONE
TXN0005013,2026-08-30 05:58:38+00:00,31,UPI,HDFC,West,M001,1690.79,1,NONE
TXN0006730,2026-08-30 05:58:41+00:00,31,UPI,HDFC,West,M003,1269.19,1,NONE
TXN0004160,2026-08-30 05:58:42+00:00,31,UPI,SBI,Central,M001,898.14,1,NONE
TXN0000019,2026-08-30 05:58:42+00:00,31,WALLET,AXIS,South,M002,847.99,1,NONE
TXN0006087,2026-08-30 05:58:43+00:00,31,CARD,AXIS,South,M005,2427.43,1,NONE
TXN0000125,2026-08-30 05:58:47+00:00,31,CARD,SBI,South,M004,650.64,1,NONE
TXN0001306,2026-08-30 05:58:47+00:00,31,UPI,AXIS,West,M001,3852.71,1,NONE
TXN0001559,2026-08-30 05:58:47+00:00,31,UPI,SBI,South,M006,4228.37,1,NONE
TXN0006471,2026-08-30 05:58:52+00:00,31,UPI,ICICI,South,M004,435.54,1,NONE
TXN0003574,2026-08-30 05:58:53+00:00,31,UPI,ICICI,West,M006,3609.1,1,NONE
TXN0004190,2026-08-30 05:58:54+00:00,31,CARD,AXIS,South,M005,3991.48,1,NONE
TXN0006692,2026-08-30 05:58:56+00:00,31,WALLET,AXIS,West,M001,769.92,1,NONE
TXN0002073,2026-08-30 05:58:57+00:00,31,UPI,SBI,West,M001,1712.16,1,NONE
TXN0003201,2026-08-30 05:58:57+00:00,31,UPI,SBI,East,M001,1725.22,1,NONE
TXN0003195,2026-08-30 05:58:58+00:00,31,CARD,HDFC,West,M003,817.89,1,NONE
TXN0004762,2026-08-30 05:58:58+00:00,31,UPI,SBI,North,M006,863.08,1,NONE
TXN0006980,2026-08-30 05:58:58+00:00,31,CARD,SBI,Central,M001,1881.43,1,NONE
TXN0000284,2026-08-30 05:59:00+00:00,32,UPI,HDFC,South,M003,597.29,1,NONE
TXN0002697,2026-08-30 05:59:00+00:00,32,UPI,SBI,North,M003,149.81,1,NONE
TXN0001997,2026-08-30 05:59:00+00:00,32,UPI,SBI,Central,M001,1587.9,1,NONE
TXN0005785,2026-08-30 05:59:00+00:00,32,UPI,SBI,West,M003,4384.78,1,NONE
TXN0006076,2026-08-30 05:59:01+00:00,32,UPI,KOTAK,South,M001,901.55,1,NONE
TXN0004287,2026-08-30 05:59:01+00:00,32,UPI,SBI,West,M004,1146.32,1,NONE
TXN0005787,2026-08-30 05:59:02+00:00,32,UPI,KOTAK,West,M003,2739.76,1,NONE
TXN0003186,2026-08-30 05:59:04+00:00,32,UPI,HDFC,North,M001,4935.07,1,NONE
TXN0006752,2026-08-30 05:59:06+00:00,32,UPI,SBI,South,M005,1587.76,1,NONE
TXN0001793,2026-08-30 05:59:06+00:00,32,UPI,ICICI,North,M002,4945.34,1,NONE
TXN0006955,2026-08-30 05:59:07+00:00,32,UPI,HDFC,North,M004,1752.16,1,NONE
TXN0006408,2026-08-30 05:59:07+00:00,32,CARD,HDFC,South,M002,1844.35,1,NONE
TXN0006013,2026-08-30 05:59:09+00:00,32,CARD,HDFC,North,M003,592.12,1,NONE
TXN0000431,2026-08-30 05:59:09+00:00,32,UPI,HDFC,West,M005,978.98,1,NONE
TXN0006953,2026-08-30 05:59:10+00:00,32,UPI,KOTAK,North,M006,1441.82,1,NONE
TXN0000205,2026-08-30 05:59:15+00:00,32,NETBANKING,ICICI,Central,M003,658.68,1,NONE
TXN0005017,2026-08-30 05:59:15+00:00,32,UPI,KOTAK,West,M005,3476.12,1,NONE
TXN0005202,2026-08-30 05:59:16+00:00,32,WALLET,ICICI,East,M006,1479.81,1,NONE
TXN0007155,2026-08-30 05:59:24+00:00,32,UPI,ICICI,Central,M004,6718.99,1,NONE
TXN0000908,2026-08-30 05:59:26+00:00,32,WALLET,SBI,South,M005,1427.51,1,NONE
TXN0004703,2026-08-30 05:59:28+00:00,32,UPI,KOTAK,South,M006,3645.28,1,NONE
TXN0003890,2026-08-30 05:59:34+00:00,32,CARD,AXIS,West,M002,732.32,1,NONE
TXN0004217,2026-08-30 05:59:35+00:00,32,UPI,HDFC,South,M006,1629.41,1,NONE
TXN0005975,2026-08-30 05:59:35+00:00,32,UPI,HDFC,South,M005,425.17,1,NONE
TXN0002042,2026-08-30 05:59:39+00:00,32,CARD,AXIS,North,M005,966.33,1,NONE
TXN0001336,2026-08-30 05:59:40+00:00,32,UPI,HDFC,South,M006,2588.82,1,NONE
TXN0001644,2026-08-30 05:59:40+00:00,32,CARD,HDFC,North,M005,1039.11,1,NONE
TXN0001659,2026-08-30 05:59:40+00:00,32,UPI,AXIS,West,M006,1514.51,1,NONE
TXN0003380,2026-08-30 05:59:42+00:00,32,UPI,AXIS,South,M004,1744.53,1,NONE
TXN0003334,2026-08-30 05:59:44+00:00,32,UPI,SBI,Central,M002,4885.39,1,NONE
TXN0005352,2026-08-30 05:59:44+00:00,32,UPI,AXIS,East,M003,1053.97,1,NONE
TXN0005765,2026-08-30 05:59:46+00:00,32,UPI,SBI,South,M006,2556.0,1,NONE
TXN0004290,2026-08-30 05:59:47+00:00,32,UPI,HDFC,North,M004,1625.27,1,NONE
TXN0005207,2026-08-30 05:59:50+00:00,32,NETBANKING,ICICI,West,M004,1319.22,1,NONE
TXN0000727,2026-08-30 05:59:55+00:00,32,UPI,HDFC,East,M005,9887.01,1,NONE
TXN0000901,2026-08-30 05:59:55+00:00,32,UPI,KOTAK,West,M001,1966.18,1,NONE
TXN0006258,2026-08-30 05:59:56+00:00,32,NETBANKING,SBI,South,M001,1684.67,1,NONE
TXN0006257,2026-08-30 05:59:56+00:00,32,NETBANKING,ICICI,North,M001,1002.77,1,NONE
TXN0005679,2026-08-30 05:59:57+00:00,32,UPI,SBI,North,M002,2782.7,1,NONE
TXN0004814,2026-08-30 05:59:58+00:00,32,WALLET,AXIS,West,M002,1381.43,0,TIMEOUT
TXN0005149,2026-08-30 06:00:00+00:00,33,NETBANKING,ICICI,South,M006,817.04,1,NONE
TXN0006676,2026-08-30 06:00:01+00:00,33,CARD,AXIS,North,M005,1793.14,1,NONE
TXN0004639,2026-08-30 06:00:01+00:00,33,UPI,HDFC,South,M002,2648.78,1,NONE
TXN0003144,2026-08-30 06:00:05+00:00,33,NETBANKING,SBI,West,M003,3425.72,1,NONE
TXN0001104,2026-08-30 06:00:06+00:00,33,CARD,ICICI,East,M006,2353.69,1,NONE
TXN0000680,2026-08-30 06:00:06+00:00,33,UPI,SBI,Central,M001,1927.05,1,NONE
TXN0002886,2026-08-30 06:00:06+00:00,33,NETBANKING,HDFC,South,M001,631.52,1,NONE
TXN0006801,2026-08-30 06:00:10+00:00,33,CARD,ICICI,South,M001,1900.81,1,NONE
TXN0005276,2026-08-30 06:00:11+00:00,33,UPI,KOTAK,South,M001,1183.83,1,NONE
TXN0004114,2026-08-30 06:00:11+00:00,33,UPI,SBI,North,M006,562.04,1,NONE
TXN0003497,2026-08-30 06:00:14+00:00,33,UPI,HDFC,South,M006,972.43,1,NONE
TXN0005719,2026-08-30 06:00:16+00:00,33,NETBANKING,SBI,South,M001,1268.64,1,NONE
TXN0004392,2026-08-30 06:00:16+00:00,33,NETBANKING,HDFC,South,M003,952.8,1,NONE
TXN0003298,2026-08-30 06:00:17+00:00,33,CARD,SBI,East,M003,2981.46,0,INSUFFICIENT_FUNDS
TXN0003588,2026-08-30 06:00:17+00:00,33,UPI,HDFC,West,M001,2581.19,1,NONE
TXN0002396,2026-08-30 06:00:20+00:00,33,UPI,HDFC,North,M003,464.5,0,INSUFFICIENT_FUNDS
TXN0004570,2026-08-30 06:00:22+00:00,33,UPI,ICICI,South,M006,2782.23,1,NONE
TXN0002495,2026-08-30 06:00:25+00:00,33,UPI,AXIS,South,M002,1109.4,1,NONE
TXN0004545,2026-08-30 06:00:25+00:00,33,UPI,AXIS,South,M003,1342.54,1,NONE
TXN0005809,2026-08-30 06:00:26+00:00,33,UPI,ICICI,East,M004,622.73,0,BANK_DECLINED
TXN0003949,2026-08-30 06:00:29+00:00,33,CARD,ICICI,South,M002,655.1,1,NONE
TXN0004176,2026-08-30 06:00:32+00:00,33,UPI,SBI,North,M003,3821.89,1,NONE
TXN0003880,2026-08-30 06:00:34+00:00,33,UPI,SBI,South,M001,5166.39,1,NONE
TXN0001503,2026-08-30 06:00:37+00:00,33,UPI,HDFC,South,M005,1229.31,1,NONE
TXN0000920,2026-08-30 06:00:38+00:00,33,UPI,ICICI,North,M005,2222.05,1,NONE
TXN0004757,2026-08-30 06:00:39+00:00,33,CARD,ICICI,South,M004,1441.79,1,NONE
TXN0005256,2026-08-30 06:00:42+00:00,33,NETBANKING,ICICI,South,M001,3429.53,1,NONE
TXN0000368,2026-08-30 06:00:43+00:00,33,CARD,SBI,Central,M004,2345.74,0,BANK_DECLINED
TXN0000602,2026-08-30 06:00:44+00:00,33,UPI,SBI,West,M004,2176.19,1,NONE
TXN0002140,2026-08-30 06:00:49+00:00,33,UPI,ICICI,North,M006,2506.01,1,NONE
TXN0000905,2026-08-30 06:00:52+00:00,33,WALLET,HDFC,North,M006,1161.34,1,NONE
TXN0001486,2026-08-30 06:00:52+00:00,33,WALLET,ICICI,Central,M003,863.98,1,NONE
TXN0004070,2026-08-30 06:00:53+00:00,33,UPI,ICICI,East,M001,571.6,1,NONE
TXN0003050,2026-08-30 06:00:53+00:00,33,WALLET,SBI,South,M004,1200.22,1,NONE
TXN0006322,2026-08-30 06:00:56+00:00,33,NETBANKING,ICICI,West,M005,358.04,1,NONE
TXN0001393,2026-08-30 06:00:56+00:00,33,UPI,SBI,North,M002,2261.93,1,NONE
TXN0004066,2026-08-30 06:00:57+00:00,33,UPI,ICICI,South,M004,3014.07,0,TIMEOUT
TXN0003718,2026-08-30 06:00:58+00:00,33,CARD,KOTAK,South,M005,1174.44,1,NONE
TXN0000297,2026-08-30 06:00:59+00:00,33,NETBANKING,HDFC,South,M003,961.06,1,NONE
TXN0001376,2026-08-30 06:00:59+00:00,33,UPI,HDFC,West,M001,1132.44,1,NONE
TXN0002160,2026-08-30 06:01:02+00:00,34,UPI,HDFC,North,M001,267.83,1,NONE
TXN0007027,2026-08-30 06:01:02+00:00,34,CARD,SBI,West,M003,1845.87,1,NONE
TXN0004005,2026-08-30 06:01:03+00:00,34,CARD,SBI,East,M001,2541.26,1,NONE
TXN0001058,2026-08-30 06:01:06+00:00,34,NETBANKING,HDFC,West,M003,1978.33,1,NONE
TXN0007036,2026-08-30 06:01:08+00:00,34,NETBANKING,AXIS,North,M004,1246.5,1,NONE
TXN0003517,2026-08-30 06:01:09+00:00,34,UPI,AXIS,Central,M001,1294.95,1,NONE
TXN0005556,2026-08-30 06:01:10+00:00,34,CARD,KOTAK,South,M004,2466.23,1,NONE
TXN0005709,2026-08-30 06:01:10+00:00,34,UPI,HDFC,West,M004,1639.75,1,NONE
TXN0004724,2026-08-30 06:01:11+00:00,34,UPI,ICICI,North,M002,1831.24,1,NONE
TXN0004680,2026-08-30 06:01:11+00:00,34,NETBANKING,SBI,Central,M004,4702.86,1,NONE
TXN0007077,2026-08-30 06:01:13+00:00,34,CARD,HDFC,North,M004,694.97,1,NONE
TXN0006632,2026-08-30 06:01:16+00:00,34,WALLET,HDFC,Central,M006,2488.35,1,NONE
TXN0002775,2026-08-30 06:01:17+00:00,34,CARD,ICICI,West,M005,2298.21,1,NONE
TXN0005572,2026-08-30 06:01:17+00:00,34,UPI,ICICI,South,M001,3323.81,1,NONE
TXN0006302,2026-08-30 06:01:18+00:00,34,CARD,KOTAK,South,M002,5478.76,1,NONE
TXN0004436,2026-08-30 06:01:21+00:00,34,UPI,SBI,Central,M005,828.32,1,NONE
TXN0000982,2026-08-30 06:01:21+00:00,34,CARD,AXIS,West,M003,404.76,1,NONE
TXN0001616,2026-08-30 06:01:23+00:00,34,UPI,ICICI,South,M004,1317.19,1,NONE
TXN0005122,2026-08-30 06:01:23+00:00,34,CARD,ICICI,South,M005,1260.45,1,NONE
TXN0002363,2026-08-30 06:01:24+00:00,34,UPI,ICICI,Central,M002,1006.92,0,INSUFFICIENT_FUNDS
TXN0005762,2026-08-30 06:01:27+00:00,34,CARD,HDFC,South,M003,1274.43,1,NONE
TXN0001525,2026-08-30 06:01:28+00:00,34,UPI,SBI,Central,M003,1211.93,1,NONE
TXN0006498,2026-08-30 06:01:30+00:00,34,WALLET,SBI,East,M003,3689.09,1,NONE
TXN0002027,2026-08-30 06:01:31+00:00,34,WALLET,HDFC,North,M004,514.47,1,NONE
TXN0003478,2026-08-30 06:01:31+00:00,34,UPI,HDFC,West,M001,717.9,1,NONE
TXN0003043,2026-08-30 06:01:32+00:00,34,CARD,KOTAK,South,M006,19043.97,1,NONE
TXN0003858,2026-08-30 06:01:34+00:00,34,CARD,HDFC,Central,M001,747.8,1,NONE
TXN0005344,2026-08-30 06:01:36+00:00,34,UPI,ICICI,South,M001,4766.2,1,NONE
TXN0006900,2026-08-30 06:01:38+00:00,34,CARD,HDFC,South,M006,3639.24,1,NONE
TXN0005737,2026-08-30 06:01:41+00:00,34,UPI,HDFC,Central,M001,1286.19,1,NONE
TXN0001658,2026-08-30 06:01:41+00:00,34,UPI,HDFC,South,M003,2136.02,1,NONE
TXN0000894,2026-08-30 06:01:42+00:00,34,UPI,AXIS,North,M004,794.77,1,NONE
TXN0003835,2026-08-30 06:01:45+00:00,34,CARD,SBI,North,M006,2926.04,1,NONE
TXN0000101,2026-08-30 06:01:45+00:00,34,UPI,ICICI,North,M004,913.69,1,NONE
TXN0003171,2026-08-30 06:01:46+00:00,34,NETBANKING,ICICI,West,M003,4287.01,1,NONE
TXN0001724,2026-08-30 06:01:50+00:00,34,UPI,ICICI,West,M002,2344.51,1,NONE
TXN0003099,2026-08-30 06:01:52+00:00,34,NETBANKING,SBI,South,M004,14628.19,1,NONE
TXN0001138,2026-08-30 06:01:53+00:00,34,UPI,SBI,North,M003,481.08,1,NONE
TXN0006708,2026-08-30 06:01:55+00:00,34,UPI,ICICI,West,M006,648.06,1,NONE
TXN0003733,2026-08-30 06:01:59+00:00,34,UPI,SBI,West,M006,2119.16,1,NONE
TXN0001671,2026-08-30 06:02:03+00:00,35,UPI,KOTAK,North,M006,1127.94,1,NONE
TXN0001856,2026-08-30 06:02:03+00:00,35,CARD,ICICI,West,M003,861.78,1,NONE
TXN0004137,2026-08-30 06:02:05+00:00,35,UPI,HDFC,South,M005,536.87,1,NONE
TXN0003758,2026-08-30 06:02:11+00:00,35,CARD,AXIS,East,M003,2024.02,1,NONE
TXN0001733,2026-08-30 06:02:12+00:00,35,UPI,ICICI,North,M005,1102.54,1,NONE
TXN0001887,2026-08-30 06:02:14+00:00,35,CARD,SBI,South,M004,2783.63,1,NONE
TXN0003769,2026-08-30 06:02:19+00:00,35,UPI,ICICI,West,M005,1930.83,1,NONE
TXN0003969,2026-08-30 06:02:20+00:00,35,UPI,HDFC,West,M002,733.63,1,NONE
TXN0004712,2026-08-30 06:02:21+00:00,35,CARD,SBI,East,M004,2459.76,1,NONE
TXN0003063,2026-08-30 06:02:22+00:00,35,UPI,HDFC,Central,M001,1109.44,1,NONE
TXN0000480,2026-08-30 06:02:23+00:00,35,UPI,AXIS,North,M005,2232.54,1,NONE
TXN0003276,2026-08-30 06:02:24+00:00,35,CARD,SBI,North,M001,938.83,1,NONE
TXN0000690,2026-08-30 06:02:24+00:00,35,CARD,SBI,South,M005,4265.92,1,NONE
TXN0000169,2026-08-30 06:02:25+00:00,35,UPI,ICICI,West,M003,1355.78,1,NONE
TXN0000051,2026-08-30 06:02:27+00:00,35,WALLET,SBI,South,M005,2393.56,1,NONE
TXN0004871,2026-08-30 06:02:30+00:00,35,CARD,HDFC,North,M003,871.44,1,NONE
TXN0000685,2026-08-30 06:02:31+00:00,35,UPI,AXIS,South,M001,281.67,1,NONE
TXN0000259,2026-08-30 06:02:32+00:00,35,NETBANKING,SBI,West,M006,2336.21,1,NONE
TXN0004325,2026-08-30 06:02:32+00:00,35,NETBANKING,AXIS,North,M001,1535.23,1,NONE
TXN0000848,2026-08-30 06:02:34+00:00,35,CARD,KOTAK,South,M002,1701.94,1,NONE
TXN0002674,2026-08-30 06:02:35+00:00,35,UPI,AXIS,East,M002,1385.54,1,NONE
TXN0007012,2026-08-30 06:02:35+00:00,35,NETBANKING,SBI,South,M005,4948.46,1,NONE
TXN0003452,2026-08-30 06:02:36+00:00,35,UPI,SBI,North,M005,641.25,1,NONE
TXN0005544,2026-08-30 06:02:37+00:00,35,WALLET,SBI,South,M004,1895.37,1,NONE
TXN0002203,2026-08-30 06:02:43+00:00,35,UPI,KOTAK,Central,M004,378.48,1,NONE
TXN0000231,2026-08-30 06:02:44+00:00,35,UPI,SBI,South,M001,530.81,1,NONE
TXN0007049,2026-08-30 06:02:46+00:00,35,UPI,AXIS,East,M005,5084.63,0,BANK_DECLINED
TXN0005465,2026-08-30 06:02:47+00:00,35,CARD,KOTAK,South,M001,558.52,1,NONE
TXN0005823,2026-08-30 06:02:47+00:00,35,CARD,HDFC,West,M006,1676.14,1,NONE
TXN0000558,2026-08-30 06:02:48+00:00,35,UPI,HDFC,Central,M001,1536.85,1,NONE
TXN0000437,2026-08-30 06:02:48+00:00,35,UPI,KOTAK,Central,M004,2329.3,1,NONE
TXN0000218,2026-08-30 06:02:52+00:00,35,CARD,AXIS,West,M006,7649.89,1,NONE
TXN0002542,2026-08-30 06:02:54+00:00,35,CARD,SBI,Central,M003,2507.13,0,BANK_DECLINED
TXN0005764,2026-08-30 06:02:55+00:00,35,NETBANKING,KOTAK,West,M004,1647.79,1,NONE
TXN0005848,2026-08-30 06:02:56+00:00,35,UPI,HDFC,North,M002,1576.87,1,NONE
TXN0001893,2026-08-30 06:02:56+00:00,35,CARD,AXIS,South,M003,382.25,1,NONE
TXN0001373,2026-08-30 06:02:57+00:00,35,CARD,KOTAK,East,M003,2789.23,0,BANK_DECLINED
TXN0001902,2026-08-30 06:02:57+00:00,35,CARD,SBI,East,M004,2511.93,1,NONE
TXN0006406,2026-08-30 06:02:58+00:00,35,CARD,KOTAK,East,M005,2391.26,1,NONE
TXN0002357,2026-08-30 06:02:59+00:00,35,NETBANKING,KOTAK,North,M004,568.25,1,NONE
TXN0005828,2026-08-30 06:03:00+00:00,36,WALLET,SBI,South,M003,1820.65,1,NONE
TXN0001226,2026-08-30 06:03:02+00:00,36,UPI,HDFC,North,M004,1618.32,1,NONE
TXN0003081,2026-08-30 06:03:03+00:00,36,UPI,ICICI,South,M006,898.16,1,NONE
TXN0002146,2026-08-30 06:03:04+00:00,36,WALLET,AXIS,Central,M004,3091.18,1,NONE
TXN0002965,2026-08-30 06:03:05+00:00,36,CARD,AXIS,North,M003,3253.98,1,NONE
TXN0001422,2026-08-30 06:03:09+00:00,36,UPI,HDFC,Central,M003,1833.27,1,NONE
TXN0004991,2026-08-30 06:03:10+00:00,36,UPI,ICICI,South,M002,1955.22,1,NONE
TXN0001850,2026-08-30 06:03:14+00:00,36,UPI,ICICI,North,M002,3519.59,1,NONE
TXN0004966,2026-08-30 06:03:15+00:00,36,NETBANKING,HDFC,West,M006,2762.34,1,NONE
TXN0000702,2026-08-30 06:03:19+00:00,36,UPI,HDFC,West,M003,2706.3,1,NONE
TXN0000536,2026-08-30 06:03:21+00:00,36,UPI,ICICI,South,M005,1415.34,1,NONE
TXN0003885,2026-08-30 06:03:21+00:00,36,UPI,AXIS,Central,M004,1453.73,1,NONE
TXN0001020,2026-08-30 06:03:21+00:00,36,UPI,HDFC,West,M004,3975.88,1,NONE
TXN0000261,2026-08-30 06:03:23+00:00,36,CARD,ICICI,Central,M004,1747.73,1,NONE
TXN0004902,2026-08-30 06:03:24+00:00,36,UPI,ICICI,West,M001,2649.7,1,NONE
TXN0005669,2026-08-30 06:03:29+00:00,36,NETBANKING,AXIS,North,M004,832.09,1,NONE
TXN0003324,2026-08-30 06:03:34+00:00,36,UPI,SBI,West,M003,1787.83,1,NONE
TXN0002185,2026-08-30 06:03:34+00:00,36,UPI,AXIS,South,M002,2152.44,1,NONE
TXN0004781,2026-08-30 06:03:37+00:00,36,UPI,HDFC,North,M005,1316.43,1,NONE
TXN0001592,2026-08-30 06:03:40+00:00,36,CARD,HDFC,North,M003,834.19,1,NONE
TXN0003449,2026-08-30 06:03:42+00:00,36,CARD,ICICI,North,M005,1584.15,1,NONE
TXN0001200,2026-08-30 06:03:44+00:00,36,WALLET,HDFC,North,M004,5254.91,1,NONE
TXN0006544,2026-08-30 06:03:45+00:00,36,NETBANKING,AXIS,South,M006,219.56,1,NONE
TXN0003461,2026-08-30 06:03:45+00:00,36,UPI,SBI,South,M005,928.85,1,NONE
TXN0003057,2026-08-30 06:03:46+00:00,36,CARD,AXIS,West,M003,7612.48,1,NONE
TXN0005783,2026-08-30 06:03:46+00:00,36,UPI,SBI,North,M002,3920.88,1,NONE
TXN0002992,2026-08-30 06:03:47+00:00,36,CARD,AXIS,East,M005,500.55,0,INSUFFICIENT_FUNDS
TXN0004906,2026-08-30 06:03:48+00:00,36,CARD,KOTAK,Central,M004,786.25,1,NONE
TXN0001203,2026-08-30 06:03:49+00:00,36,UPI,HDFC,North,M004,1406.58,1,NONE
TXN0002883,2026-08-30 06:03:49+00:00,36,CARD,AXIS,North,M001,4739.22,1,NONE
TXN0000046,2026-08-30 06:03:51+00:00,36,NETBANKING,AXIS,West,M006,861.54,1,NONE
TXN0004191,2026-08-30 06:03:53+00:00,36,NETBANKING,AXIS,West,M004,1156.78,1,NONE
TXN0004866,2026-08-30 06:03:53+00:00,36,UPI,KOTAK,West,M001,789.05,1,NONE
TXN0005580,2026-08-30 06:03:53+00:00,36,UPI,HDFC,South,M002,347.05,1,NONE
TXN0003193,2026-08-30 06:03:53+00:00,36,CARD,SBI,West,M003,3864.27,1,NONE
TXN0006308,2026-08-30 06:03:55+00:00,36,NETBANKING,HDFC,North,M005,426.8,1,NONE
TXN0002716,2026-08-30 06:03:58+00:00,36,NETBANKING,SBI,West,M001,5217.27,1,NONE
TXN0005642,2026-08-30 06:03:58+00:00,36,NETBANKING,AXIS,Central,M004,287.81,1,NONE
TXN0003589,2026-08-30 06:03:58+00:00,36,UPI,SBI,East,M001,2076.73,1,NONE
TXN0003358,2026-08-30 06:03:59+00:00,36,CARD,SBI,West,M005,2067.08,1,NONE
TXN0005190,2026-08-30 06:04:01+00:00,37,NETBANKING,ICICI,West,M002,1029.46,1,NONE
TXN0000413,2026-08-30 06:04:01+00:00,37,UPI,HDFC,South,M001,3273.42,1,NONE
TXN0000022,2026-08-30 06:04:02+00:00,37,UPI,HDFC,South,M006,891.67,1,NONE
TXN0005540,2026-08-30 06:04:04+00:00,37,UPI,AXIS,East,M002,518.11,1,NONE
TXN0000326,2026-08-30 06:04:08+00:00,37,UPI,SBI,North,M004,1501.53,1,NONE
TXN0000607,2026-08-30 06:04:08+00:00,37,NETBANKING,SBI,North,M001,1420.2,1,NONE
TXN0004610,2026-08-30 06:04:10+00:00,37,CARD,AXIS,North,M003,456.94,1,NONE
TXN0004361,2026-08-30 06:04:14+00:00,37,WALLET,KOTAK,Central,M001,1884.37,1,NONE
TXN0005347,2026-08-30 06:04:15+00:00,37,WALLET,KOTAK,East,M006,2042.29,1,NONE
TXN0006423,2026-08-30 06:04:15+00:00,37,UPI,SBI,East,M003,2489.21,1,NONE
TXN0002870,2026-08-30 06:04:16+00:00,37,UPI,SBI,East,M002,1202.12,1,NONE
TXN0002361,2026-08-30 06:04:20+00:00,37,WALLET,ICICI,North,M004,3003.36,1,NONE
TXN0000111,2026-08-30 06:04:20+00:00,37,UPI,SBI,East,M004,1996.64,1,NONE
TXN0005487,2026-08-30 06:04:22+00:00,37,CARD,HDFC,Central,M006,2229.54,1,NONE
TXN0000295,2026-08-30 06:04:22+00:00,37,UPI,AXIS,North,M004,873.45,1,NONE
TXN0007099,2026-08-30 06:04:23+00:00,37,UPI,AXIS,Central,M006,1783.58,1,NONE
TXN0005867,2026-08-30 06:04:26+00:00,37,UPI,HDFC,South,M005,517.71,1,NONE
TXN0005114,2026-08-30 06:04:26+00:00,37,UPI,HDFC,West,M005,372.37,1,NONE
TXN0001323,2026-08-30 06:04:27+00:00,37,CARD,SBI,West,M006,515.95,1,NONE
TXN0005653,2026-08-30 06:04:28+00:00,37,NETBANKING,HDFC,South,M005,1223.74,0,INSUFFICIENT_FUNDS
TXN0002801,2026-08-30 06:04:31+00:00,37,UPI,ICICI,West,M001,1577.8,1,NONE
TXN0005676,2026-08-30 06:04:33+00:00,37,CARD,SBI,West,M003,1331.34,1,NONE
TXN0000813,2026-08-30 06:04:34+00:00,37,UPI,SBI,Central,M001,263.65,1,NONE
TXN0005181,2026-08-30 06:04:35+00:00,37,UPI,AXIS,North,M002,1523.56,1,NONE
TXN0001829,2026-08-30 06:04:39+00:00,37,CARD,ICICI,South,M003,875.09,1,NONE
TXN0006611,2026-08-30 06:04:41+00:00,37,CARD,AXIS,South,M006,3070.6,1,NONE
TXN0006017,2026-08-30 06:04:42+00:00,37,CARD,SBI,North,M003,1691.0,1,NONE
TXN0003006,2026-08-30 06:04:42+00:00,37,UPI,HDFC,West,M002,1194.82,1,NONE
TXN0004474,2026-08-30 06:04:46+00:00,37,CARD,AXIS,North,M006,1036.49,1,NONE
TXN0002613,2026-08-30 06:04:46+00:00,37,NETBANKING,SBI,West,M003,1848.12,1,NONE
TXN0007100,2026-08-30 06:04:47+00:00,37,WALLET,AXIS,South,M004,1954.03,1,NONE
TXN0006332,2026-08-30 06:04:48+00:00,37,WALLET,SBI,North,M006,2236.21,1,NONE
TXN0005378,2026-08-30 06:04:50+00:00,37,UPI,HDFC,North,M004,2755.62,1,NONE
TXN0004418,2026-08-30 06:04:50+00:00,37,WALLET,AXIS,East,M003,161.99,1,NONE
TXN0005137,2026-08-30 06:04:51+00:00,37,UPI,HDFC,East,M005,1264.3,1,NONE
TXN0006901,2026-08-30 06:04:51+00:00,37,UPI,ICICI,West,M006,1358.01,1,NONE
TXN0002345,2026-08-30 06:04:52+00:00,37,UPI,ICICI,West,M002,612.92,1,NONE
TXN0002749,2026-08-30 06:04:56+00:00,37,CARD,HDFC,East,M005,2092.01,1,NONE
TXN0003563,2026-08-30 06:04:57+00:00,37,CARD,HDFC,East,M002,631.51,1,NONE
TXN0002864,2026-08-30 06:04:59+00:00,37,WALLET,ICICI,North,M005,4452.0,1,NONE
TXN0005491,2026-08-30 06:05:01+00:00,38,NETBANKING,KOTAK,West,M006,1512.54,0,BANK_DECLINED
TXN0007092,2026-08-30 06:05:02+00:00,38,NETBANKING,SBI,Central,M004,5964.85,1,NONE
TXN0005881,2026-08-30 06:05:02+00:00,38,UPI,AXIS,South,M002,1082.22,1,NONE
TXN0002121,2026-08-30 06:05:02+00:00,38,NETBANKING,KOTAK,South,M006,247.65,1,NONE
TXN0002968,2026-08-30 06:05:04+00:00,38,UPI,SBI,Central,M003,974.69,1,NONE
TXN0003217,2026-08-30 06:05:05+00:00,38,UPI,SBI,South,M006,2491.98,1,NONE
TXN0001184,2026-08-30 06:05:05+00:00,38,UPI,ICICI,Central,M002,304.3,1,NONE
TXN0001725,2026-08-30 06:05:06+00:00,38,WALLET,AXIS,South,M004,1709.86,1,NONE
TXN0000400,2026-08-30 06:05:08+00:00,38,CARD,SBI,North,M004,3415.21,1,NONE
TXN0000450,2026-08-30 06:05:11+00:00,38,UPI,KOTAK,West,M003,1001.03,1,NONE
TXN0006123,2026-08-30 06:05:12+00:00,38,CARD,ICICI,West,M006,1018.44,1,NONE
TXN0006996,2026-08-30 06:05:16+00:00,38,UPI,KOTAK,West,M001,2675.68,1,NONE
TXN0000053,2026-08-30 06:05:18+00:00,38,NETBANKING,HDFC,South,M006,439.25,1,NONE
TXN0002421,2026-08-30 06:05:19+00:00,38,UPI,SBI,East,M002,1582.52,1,NONE
TXN0007134,2026-08-30 06:05:21+00:00,38,UPI,ICICI,South,M001,2050.01,1,NONE
TXN0004046,2026-08-30 06:05:24+00:00,38,UPI,HDFC,South,M002,826.53,1,NONE
TXN0004300,2026-08-30 06:05:24+00:00,38,WALLET,AXIS,West,M002,1334.14,1,NONE
TXN0007125,2026-08-30 06:05:26+00:00,38,WALLET,AXIS,North,M005,944.63,1,NONE
TXN0000096,2026-08-30 06:05:27+00:00,38,UPI,ICICI,South,M005,2704.7,1,NONE
TXN0000462,2026-08-30 06:05:27+00:00,38,NETBANKING,HDFC,Central,M001,3448.48,1,NONE
TXN0006531,2026-08-30 06:05:33+00:00,38,NETBANKING,KOTAK,North,M003,2144.53,1,NONE
TXN0006703,2026-08-30 06:05:34+00:00,38,NETBANKING,SBI,South,M003,436.54,1,NONE
TXN0005522,2026-08-30 06:05:34+00:00,38,UPI,SBI,North,M002,1120.71,1,NONE
TXN0005694,2026-08-30 06:05:35+00:00,38,UPI,SBI,South,M003,1372.71,1,NONE
TXN0000980,2026-08-30 06:05:35+00:00,38,CARD,KOTAK,South,M006,795.24,1,NONE
TXN0003732,2026-08-30 06:05:36+00:00,38,NETBANKING,ICICI,East,M001,3353.8,1,NONE
TXN0006569,2026-08-30 06:05:37+00:00,38,UPI,AXIS,South,M006,4058.57,1,NONE
TXN0004040,2026-08-30 06:05:41+00:00,38,UPI,ICICI,South,M003,1036.73,1,NONE
TXN0005224,2026-08-30 06:05:41+00:00,38,WALLET,AXIS,South,M002,1391.4,1,NONE
TXN0001013,2026-08-30 06:05:41+00:00,38,UPI,HDFC,North,M006,3518.5,1,NONE
TXN0001116,2026-08-30 06:05:45+00:00,38,UPI,HDFC,South,M003,2808.49,1,NONE
TXN0005624,2026-08-30 06:05:46+00:00,38,UPI,HDFC,East,M002,2776.93,1,NONE
TXN0003268,2026-08-30 06:05:46+00:00,38,CARD,AXIS,Central,M006,750.55,1,NONE
TXN0006113,2026-08-30 06:05:47+00:00,38,WALLET,AXIS,South,M005,827.04,1,NONE
TXN0005657,2026-08-30 06:05:48+00:00,38,WALLET,AXIS,South,M003,8358.04,1,NONE
TXN0001690,2026-08-30 06:05:51+00:00,38,UPI,AXIS,South,M001,2046.69,1,NONE
TXN0005571,2026-08-30 06:05:52+00:00,38,UPI,SBI,West,M006,3536.61,1,NONE
TXN0000402,2026-08-30 06:05:54+00:00,38,UPI,HDFC,North,M004,3601.85,1,NONE
TXN0003678,2026-08-30 06:05:54+00:00,38,CARD,SBI,South,M006,2046.1,1,NONE
TXN0006319,2026-08-30 06:05:55+00:00,38,UPI,SBI,West,M003,1358.39,1,NONE
TXN0006329,2026-08-30 06:06:00+00:00,39,UPI,HDFC,East,M006,2106.02,1,NONE
TXN0004003,2026-08-30 06:06:01+00:00,39,UPI,SBI,South,M006,269.07,1,NONE
TXN0003710,2026-08-30 06:06:01+00:00,39,UPI,HDFC,East,M003,843.59,1,NONE
TXN0006566,2026-08-30 06:06:01+00:00,39,UPI,HDFC,South,M006,2626.56,1,NONE
TXN0005106,2026-08-30 06:06:02+00:00,39,NETBANKING,SBI,Central,M004,3304.72,1,NONE
TXN0006350,2026-08-30 06:06:06+00:00,39,NETBANKING,AXIS,West,M003,1619.78,0,INSUFFICIENT_FUNDS
TXN0004848,2026-08-30 06:06:08+00:00,39,UPI,KOTAK,East,M003,3735.77,1,NONE
TXN0005542,2026-08-30 06:06:10+00:00,39,UPI,HDFC,West,M006,337.24,1,NONE
TXN0006554,2026-08-30 06:06:10+00:00,39,UPI,SBI,South,M002,2651.25,1,NONE
TXN0002444,2026-08-30 06:06:10+00:00,39,CARD,SBI,Central,M002,1761.08,1,NONE
TXN0000028,2026-08-30 06:06:11+00:00,39,NETBANKING,KOTAK,South,M005,428.64,1,NONE
TXN0006138,2026-08-30 06:06:12+00:00,39,UPI,HDFC,North,M002,843.05,1,NONE
TXN0006427,2026-08-30 06:06:13+00:00,39,UPI,ICICI,West,M002,424.56,1,NONE
TXN0002317,2026-08-30 06:06:14+00:00,39,CARD,HDFC,South,M001,2509.81,1,NONE
TXN0002969,2026-08-30 06:06:17+00:00,39,WALLET,SBI,West,M003,839.73,1,NONE
TXN0005579,2026-08-30 06:06:17+00:00,39,UPI,HDFC,North,M005,1832.87,1,NONE
TXN0003794,2026-08-30 06:06:24+00:00,39,UPI,ICICI,East,M006,711.84,1,NONE
TXN0007043,2026-08-30 06:06:26+00:00,39,NETBANKING,AXIS,East,M005,1075.49,1,NONE
TXN0001497,2026-08-30 06:06:34+00:00,39,NETBANKING,AXIS,South,M002,2270.23,1,NONE
TXN0001009,2026-08-30 06:06:35+00:00,39,CARD,KOTAK,East,M006,509.75,1,NONE
TXN0001415,2026-08-30 06:06:36+00:00,39,UPI,AXIS,South,M003,1767.94,1,NONE
TXN0000018,2026-08-30 06:06:37+00:00,39,UPI,HDFC,South,M001,5207.87,1,NONE
TXN0000595,2026-08-30 06:06:38+00:00,39,CARD,ICICI,South,M006,1802.85,1,NONE
TXN0004264,2026-08-30 06:06:38+00:00,39,UPI,AXIS,South,M003,4838.83,1,NONE
TXN0002934,2026-08-30 06:06:41+00:00,39,CARD,KOTAK,South,M004,1776.74,1,NONE
TXN0006968,2026-08-30 06:06:41+00:00,39,CARD,AXIS,South,M003,1573.16,1,NONE
TXN0000361,2026-08-30 06:06:42+00:00,39,NETBANKING,HDFC,Central,M006,264.65,1,NONE
TXN0006221,2026-08-30 06:06:42+00:00,39,NETBANKING,KOTAK,South,M004,807.09,1,NONE
TXN0000562,2026-08-30 06:06:44+00:00,39,CARD,SBI,North,M005,698.98,1,NONE
TXN0000331,2026-08-30 06:06:46+00:00,39,UPI,ICICI,North,M001,764.67,1,NONE
TXN0005046,2026-08-30 06:06:50+00:00,39,WALLET,AXIS,West,M001,3466.2,1,NONE
TXN0005524,2026-08-30 06:06:50+00:00,39,UPI,SBI,West,M003,1214.01,1,NONE
TXN0006492,2026-08-30 06:06:52+00:00,39,UPI,AXIS,West,M006,2334.26,1,NONE
TXN0001797,2026-08-30 06:06:52+00:00,39,UPI,SBI,North,M003,1899.21,1,NONE
TXN0001026,2026-08-30 06:06:54+00:00,39,NETBANKING,AXIS,North,M004,2363.93,1,NONE
TXN0006078,2026-08-30 06:06:58+00:00,39,UPI,ICICI,West,M004,2091.97,1,NONE
TXN0006579,2026-08-30 06:06:58+00:00,39,CARD,SBI,East,M002,653.66,1,NONE
TXN0002654,2026-08-30 06:06:59+00:00,39,UPI,SBI,West,M005,4465.82,1,NONE
TXN0007000,2026-08-30 06:06:59+00:00,39,UPI,HDFC,South,M001,414.27,1,NONE
TXN0006147,2026-08-30 06:06:59+00:00,39,UPI,SBI,West,M005,3092.34,1,NONE
TXN0003483,2026-08-30 06:07:04+00:00,40,CARD,ICICI,North,M001,480.37,1,NONE
TXN0006982,2026-08-30 06:07:07+00:00,40,UPI,ICICI,Central,M002,355.71,1,NONE
TXN0004473,2026-08-30 06:07:11+00:00,40,UPI,AXIS,North,M004,614.9,1,NONE
TXN0005766,2026-08-30 06:07:12+00:00,40,UPI,ICICI,North,M005,1243.77,1,NONE
TXN0004043,2026-08-30 06:07:13+00:00,40,WALLET,SBI,North,M001,474.32,1,NONE
TXN0005142,2026-08-30 06:07:14+00:00,40,WALLET,HDFC,East,M006,6603.14,1,NONE
TXN0000793,2026-08-30 06:07:17+00:00,40,UPI,ICICI,South,M004,1094.1,1,NONE
TXN0004868,2026-08-30 06:07:17+00:00,40,NETBANKING,HDFC,North,M005,783.69,1,NONE
TXN0005546,2026-08-30 06:07:18+00:00,40,UPI,KOTAK,East,M002,1403.67,1,NONE
TXN0006995,2026-08-30 06:07:19+00:00,40,CARD,ICICI,East,M002,990.05,1,NONE
TXN0001341,2026-08-30 06:07:20+00:00,40,CARD,KOTAK,South,M001,670.1,1,NONE
TXN0007094,2026-08-30 06:07:21+00:00,40,UPI,SBI,North,M004,1208.67,1,NONE
TXN0007070,2026-08-30 06:07:21+00:00,40,CARD,HDFC,East,M006,925.94,1,NONE
TXN0002100,2026-08-30 06:07:22+00:00,40,UPI,ICICI,Central,M003,539.71,1,NONE
TXN0004546,2026-08-30 06:07:26+00:00,40,UPI,ICICI,West,M003,1504.35,1,NONE
TXN0003909,2026-08-30 06:07:26+00:00,40,UPI,AXIS,West,M004,2441.99,1,NONE
TXN0006630,2026-08-30 06:07:26+00:00,40,CARD,SBI,West,M002,543.48,1,NONE
TXN0006195,2026-08-30 06:07:30+00:00,40,NETBANKING,HDFC,West,M006,6118.08,1,NONE
TXN0002306,2026-08-30 06:07:30+00:00,40,UPI,SBI,West,M002,678.3,1,NONE
TXN0004476,2026-08-30 06:07:32+00:00,40,UPI,HDFC,Central,M004,1169.57,1,NONE
TXN0001060,2026-08-30 06:07:32+00:00,40,UPI,AXIS,West,M002,1314.75,1,NONE
TXN0005308,2026-08-30 06:07:33+00:00,40,CARD,KOTAK,East,M006,1519.67,1,NONE
TXN0004937,2026-08-30 06:07:34+00:00,40,NETBANKING,SBI,East,M005,1080.47,1,NONE
TXN0001405,2026-08-30 06:07:34+00:00,40,NETBANKING,SBI,North,M004,866.13,1,NONE
TXN0007087,2026-08-30 06:07:34+00:00,40,UPI,ICICI,Central,M001,3302.43,1,NONE
TXN0002930,2026-08-30 06:07:34+00:00,40,UPI,HDFC,South,M001,3180.02,1,NONE
TXN0005515,2026-08-30 06:07:34+00:00,40,CARD,KOTAK,East,M001,1634.05,1,NONE
TXN0002008,2026-08-30 06:07:36+00:00,40,UPI,SBI,South,M002,780.91,1,NONE
TXN0000056,2026-08-30 06:07:36+00:00,40,NETBANKING,KOTAK,South,M002,937.76,1,NONE
TXN0000067,2026-08-30 06:07:40+00:00,40,UPI,KOTAK,North,M004,616.57,0,TIMEOUT
TXN0005342,2026-08-30 06:07:41+00:00,40,UPI,HDFC,East,M005,1434.97,1,NONE
TXN0001371,2026-08-30 06:07:42+00:00,40,CARD,HDFC,East,M001,1392.61,1,NONE
TXN0004397,2026-08-30 06:07:43+00:00,40,UPI,HDFC,South,M001,2088.56,0,INSUFFICIENT_FUNDS
TXN0005857,2026-08-30 06:07:44+00:00,40,CARD,HDFC,West,M001,1578.59,1,NONE
TXN0002619,2026-08-30 06:07:45+00:00,40,UPI,ICICI,North,M004,2922.08,1,NONE
TXN0004143,2026-08-30 06:07:46+00:00,40,CARD,SBI,East,M002,1387.04,1,NONE
TXN0000899,2026-08-30 06:07:47+00:00,40,UPI,HDFC,South,M005,939.2,1,NONE
TXN0000209,2026-08-30 06:07:53+00:00,40,NETBANKING,ICICI,South,M006,633.87,1,NONE
TXN0003638,2026-08-30 06:07:57+00:00,40,CARD,KOTAK,South,M003,1293.56,1,NONE
TXN0001707,2026-08-30 06:07:59+00:00,40,UPI,SBI,South,M006,870.73,1,NONE
TXN0002305,2026-08-30 06:08:00+00:00,41,UPI,HDFC,North,M005,5217.09,1,NONE
TXN0006393,2026-08-30 06:08:01+00:00,41,UPI,SBI,West,M006,2198.95,1,NONE
TXN0003757,2026-08-30 06:08:01+00:00,41,UPI,SBI,South,M006,406.62,1,NONE
TXN0000869,2026-08-30 06:08:02+00:00,41,UPI,HDFC,West,M001,3557.42,1,NONE
TXN0007114,2026-08-30 06:08:02+00:00,41,WALLET,KOTAK,South,M004,524.99,1,NONE
TXN0004716,2026-08-30 06:08:03+00:00,41,WALLET,ICICI,South,M002,1000.29,1,NONE
TXN0003460,2026-08-30 06:08:03+00:00,41,CARD,KOTAK,West,M006,1114.08,1,NONE
TXN0003654,2026-08-30 06:08:03+00:00,41,UPI,ICICI,North,M002,2197.55,1,NONE
TXN0005971,2026-08-30 06:08:08+00:00,41,CARD,HDFC,East,M001,1822.33,1,NONE
TXN0000550,2026-08-30 06:08:12+00:00,41,CARD,AXIS,Central,M001,679.32,1,NONE
TXN0002712,2026-08-30 06:08:12+00:00,41,UPI,HDFC,South,M005,1768.64,1,NONE
TXN0006895,2026-08-30 06:08:15+00:00,41,CARD,AXIS,North,M002,4694.32,1,NONE
TXN0001807,2026-08-30 06:08:18+00:00,41,CARD,KOTAK,South,M006,1313.1,1,NONE
TXN0001161,2026-08-30 06:08:18+00:00,41,UPI,ICICI,South,M005,8823.77,1,NONE
TXN0005223,2026-08-30 06:08:18+00:00,41,UPI,AXIS,North,M003,603.9,1,NONE
TXN0006787,2026-08-30 06:08:21+00:00,41,CARD,AXIS,East,M006,720.67,1,NONE
TXN0005058,2026-08-30 06:08:25+00:00,41,NETBANKING,KOTAK,South,M006,2048.52,1,NONE
TXN0005158,2026-08-30 06:08:27+00:00,41,UPI,ICICI,South,M006,2144.0,1,NONE
TXN0004720,2026-08-30 06:08:27+00:00,41,UPI,AXIS,North,M005,665.35,1,NONE
TXN0004415,2026-08-30 06:08:29+00:00,41,UPI,SBI,East,M005,1763.81,1,NONE
TXN0002392,2026-08-30 06:08:30+00:00,41,UPI,HDFC,East,M004,1794.66,1,NONE
TXN0006305,2026-08-30 06:08:30+00:00,41,UPI,SBI,West,M002,502.54,1,NONE
TXN0000050,2026-08-30 06:08:31+00:00,41,WALLET,HDFC,South,M004,1336.01,1,NONE
TXN0004084,2026-08-30 06:08:36+00:00,41,CARD,HDFC,South,M002,3372.97,1,NONE
TXN0003102,2026-08-30 06:08:37+00:00,41,CARD,SBI,Central,M005,729.78,1,NONE
TXN0004829,2026-08-30 06:08:39+00:00,41,CARD,KOTAK,North,M005,515.79,1,NONE
TXN0004394,2026-08-30 06:08:39+00:00,41,UPI,KOTAK,South,M004,865.95,1,NONE
TXN0001966,2026-08-30 06:08:39+00:00,41,NETBANKING,AXIS,West,M001,593.22,1,NONE
TXN0002574,2026-08-30 06:08:45+00:00,41,UPI,AXIS,South,M005,1658.75,1,NONE
TXN0001032,2026-08-30 06:08:45+00:00,41,CARD,HDFC,West,M003,469.17,1,NONE
TXN0002498,2026-08-30 06:08:45+00:00,41,NETBANKING,ICICI,West,M005,506.91,1,NONE
TXN0000401,2026-08-30 06:08:47+00:00,41,UPI,ICICI,West,M006,1390.34,1,NONE
TXN0001792,2026-08-30 06:08:48+00:00,41,NETBANKING,AXIS,East,M003,645.04,1,NONE
TXN0007199,2026-08-30 06:08:48+00:00,41,CARD,ICICI,South,M001,598.62,1,NONE
TXN0003098,2026-08-30 06:08:51+00:00,41,WALLET,AXIS,East,M004,3059.2,1,NONE
TXN0007127,2026-08-30 06:08:52+00:00,41,UPI,AXIS,South,M003,727.28,1,NONE
TXN0003447,2026-08-30 06:08:53+00:00,41,CARD,AXIS,South,M005,1931.89,1,NONE
TXN0003766,2026-08-30 06:08:57+00:00,41,UPI,AXIS,Central,M006,436.13,1,NONE
TXN0006867,2026-08-30 06:08:58+00:00,41,CARD,AXIS,Central,M002,921.85,1,NONE
TXN0004878,2026-08-30 06:08:59+00:00,41,CARD,HDFC,West,M003,866.51,1,NONE
TXN0006373,2026-08-30 06:09:00+00:00,42,UPI,ICICI,West,M003,2682.71,1,NONE
TXN0002848,2026-08-30 06:09:00+00:00,42,CARD,AXIS,South,M005,1256.12,1,NONE
TXN0000287,2026-08-30 06:09:02+00:00,42,UPI,HDFC,West,M003,1595.21,1,NONE
TXN0005367,2026-08-30 06:09:07+00:00,42,NETBANKING,AXIS,West,M005,2776.6,1,NONE
TXN0005498,2026-08-30 06:09:08+00:00,42,CARD,AXIS,West,M006,3825.16,1,NONE
TXN0002070,2026-08-30 06:09:08+00:00,42,CARD,KOTAK,East,M001,967.89,1,NONE
TXN0004015,2026-08-30 06:09:10+00:00,42,UPI,AXIS,West,M006,2962.01,1,NONE
TXN0006103,2026-08-30 06:09:13+00:00,42,UPI,KOTAK,South,M003,767.0,1,NONE
TXN0002173,2026-08-30 06:09:14+00:00,42,CARD,ICICI,North,M001,1799.49,1,NONE
TXN0001504,2026-08-30 06:09:15+00:00,42,UPI,ICICI,South,M006,415.75,1,NONE
TXN0000669,2026-08-30 06:09:18+00:00,42,CARD,HDFC,South,M004,1834.28,1,NONE
TXN0002130,2026-08-30 06:09:18+00:00,42,UPI,ICICI,East,M003,621.86,1,NONE
TXN0004208,2026-08-30 06:09:19+00:00,42,UPI,KOTAK,North,M005,3346.81,1,NONE
TXN0000043,2026-08-30 06:09:20+00:00,42,UPI,AXIS,South,M001,1628.26,1,NONE
TXN0004340,2026-08-30 06:09:21+00:00,42,CARD,KOTAK,West,M002,776.51,1,NONE
TXN0003051,2026-08-30 06:09:21+00:00,42,UPI,HDFC,East,M002,4042.17,1,NONE
TXN0002777,2026-08-30 06:09:21+00:00,42,NETBANKING,AXIS,East,M003,898.11,1,NONE
TXN0002933,2026-08-30 06:09:22+00:00,42,CARD,AXIS,West,M004,3224.73,1,NONE
TXN0003016,2026-08-30 06:09:22+00:00,42,WALLET,AXIS,West,M004,847.91,0,INSUFFICIENT_FUNDS
TXN0002787,2026-08-30 06:09:26+00:00,42,UPI,ICICI,South,M002,1509.28,1,NONE
TXN0000164,2026-08-30 06:09:27+00:00,42,WALLET,ICICI,North,M006,1442.43,1,NONE
TXN0003079,2026-08-30 06:09:28+00:00,42,CARD,AXIS,West,M006,1315.08,0,CUSTOMER_CANCELLED
TXN0001395,2026-08-30 06:09:28+00:00,42,UPI,SBI,Central,M002,1912.19,1,NONE
TXN0001524,2026-08-30 06:09:33+00:00,42,NETBANKING,ICICI,South,M004,1279.71,1,NONE
TXN0001282,2026-08-30 06:09:33+00:00,42,UPI,ICICI,South,M004,1536.1,1,NONE
TXN0003243,2026-08-30 06:09:34+00:00,42,UPI,HDFC,South,M005,799.32,1,NONE
TXN0002808,2026-08-30 06:09:34+00:00,42,WALLET,ICICI,South,M004,1451.1,1,NONE
TXN0004492,2026-08-30 06:09:35+00:00,42,UPI,SBI,South,M003,2138.09,1,NONE
TXN0000166,2026-08-30 06:09:39+00:00,42,UPI,SBI,West,M006,1435.19,1,NONE
TXN0003024,2026-08-30 06:09:40+00:00,42,UPI,ICICI,North,M001,4291.43,1,NONE
TXN0001328,2026-08-30 06:09:41+00:00,42,UPI,HDFC,North,M006,415.81,1,NONE
TXN0004365,2026-08-30 06:09:43+00:00,42,CARD,AXIS,North,M003,488.37,1,NONE
TXN0001619,2026-08-30 06:09:44+00:00,42,UPI,ICICI,South,M006,2912.0,1,NONE
TXN0001508,2026-08-30 06:09:47+00:00,42,NETBANKING,ICICI,West,M004,673.39,1,NONE
TXN0004862,2026-08-30 06:09:48+00:00,42,CARD,ICICI,East,M003,748.98,1,NONE
TXN0001973,2026-08-30 06:09:49+00:00,42,UPI,HDFC,West,M006,780.77,1,NONE
TXN0005259,2026-08-30 06:09:51+00:00,42,CARD,HDFC,North,M001,3888.92,1,NONE
TXN0004272,2026-08-30 06:09:54+00:00,42,CARD,SBI,West,M005,1909.9,1,NONE
TXN0000923,2026-08-30 06:09:55+00:00,42,NETBANKING,SBI,South,M005,2363.18,1,NONE
TXN0001652,2026-08-30 06:09:57+00:00,42,WALLET,SBI,North,M004,855.88,1,NONE
TXN0000825,2026-08-30 06:10:00+00:00,43,CARD,AXIS,East,M002,1336.06,1,NONE
TXN0004045,2026-08-30 06:10:02+00:00,43,WALLET,AXIS,West,M001,1584.27,1,NONE
TXN0006889,2026-08-30 06:10:02+00:00,43,NETBANKING,SBI,East,M005,580.15,1,NONE
TXN0006595,2026-08-30 06:10:02+00:00,43,CARD,ICICI,West,M002,3740.32,1,NONE
TXN0006457,2026-08-30 06:10:06+00:00,43,UPI,SBI,North,M004,1325.6,1,NONE
TXN0003993,2026-08-30 06:10:07+00:00,43,UPI,HDFC,West,M002,1492.95,1,NONE
TXN0007088,2026-08-30 06:10:07+00:00,43,UPI,KOTAK,South,M005,1531.29,0,BANK_DECLINED
TXN0005388,2026-08-30 06:10:11+00:00,43,UPI,SBI,North,M006,277.9,1,NONE
TXN0006515,2026-08-30 06:10:13+00:00,43,NETBANKING,ICICI,West,M002,1695.52,0,TIMEOUT
TXN0006709,2026-08-30 06:10:13+00:00,43,CARD,HDFC,East,M002,2005.25,1,NONE
TXN0005450,2026-08-30 06:10:13+00:00,43,UPI,SBI,South,M006,745.57,1,NONE
TXN0003194,2026-08-30 06:10:14+00:00,43,UPI,AXIS,South,M004,2625.85,1,NONE
TXN0001119,2026-08-30 06:10:18+00:00,43,CARD,ICICI,West,M005,2704.72,1,NONE
TXN0002171,2026-08-30 06:10:21+00:00,43,UPI,KOTAK,West,M005,901.96,1,NONE
TXN0000686,2026-08-30 06:10:21+00:00,43,UPI,KOTAK,South,M006,1350.26,1,NONE
TXN0005570,2026-08-30 06:10:24+00:00,43,UPI,ICICI,South,M002,592.92,1,NONE
TXN0006804,2026-08-30 06:10:24+00:00,43,CARD,KOTAK,West,M005,355.75,1,NONE
TXN0006932,2026-08-30 06:10:24+00:00,43,CARD,ICICI,West,M004,3007.35,1,NONE
TXN0004632,2026-08-30 06:10:25+00:00,43,NETBANKING,SBI,West,M001,685.68,1,NONE
TXN0003998,2026-08-30 06:10:26+00:00,43,CARD,HDFC,North,M005,1479.36,1,NONE
TXN0000565,2026-08-30 06:10:28+00:00,43,UPI,HDFC,South,M005,726.82,1,NONE
TXN0004574,2026-08-30 06:10:29+00:00,43,NETBANKING,SBI,South,M003,1848.99,1,NONE
TXN0004522,2026-08-30 06:10:29+00:00,43,CARD,KOTAK,West,M002,901.62,0,BANK_DECLINED
TXN0002900,2026-08-30 06:10:30+00:00,43,UPI,AXIS,South,M005,2383.02,1,NONE
TXN0003262,2026-08-30 06:10:34+00:00,43,CARD,SBI,East,M004,927.46,1,NONE
TXN0003905,2026-08-30 06:10:35+00:00,43,UPI,KOTAK,South,M005,1445.22,1,NONE
TXN0003898,2026-08-30 06:10:35+00:00,43,UPI,SBI,West,M006,1284.3,1,NONE
TXN0005989,2026-08-30 06:10:37+00:00,43,UPI,KOTAK,North,M002,2940.24,1,NONE
TXN0000929,2026-08-30 06:10:37+00:00,43,CARD,ICICI,West,M004,337.22,1,NONE
TXN0002270,2026-08-30 06:10:38+00:00,43,CARD,AXIS,West,M005,4019.26,1,NONE
TXN0005136,2026-08-30 06:10:39+00:00,43,CARD,SBI,South,M005,2287.27,0,INSUFFICIENT_FUNDS
TXN0000987,2026-08-30 06:10:42+00:00,43,WALLET,KOTAK,South,M001,4421.97,1,NONE
TXN0005708,2026-08-30 06:10:45+00:00,43,UPI,ICICI,South,M002,1177.77,1,NONE
TXN0006321,2026-08-30 06:10:46+00:00,43,UPI,ICICI,West,M004,1630.76,1,NONE
TXN0005295,2026-08-30 06:10:47+00:00,43,UPI,HDFC,Central,M005,382.59,1,NONE
TXN0005007,2026-08-30 06:10:47+00:00,43,WALLET,KOTAK,South,M005,354.8,1,NONE
TXN0006491,2026-08-30 06:10:51+00:00,43,UPI,HDFC,Central,M001,3294.87,1,NONE
TXN0005225,2026-08-30 06:10:52+00:00,43,NETBANKING,SBI,West,M005,536.61,1,NONE
TXN0004905,2026-08-30 06:10:52+00:00,43,CARD,ICICI,East,M002,596.86,1,NONE
TXN0003427,2026-08-30 06:10:56+00:00,43,CARD,ICICI,East,M005,2931.97,0,CUSTOMER_CANCELLED
TXN0004163,2026-08-30 06:11:01+00:00,44,CARD,ICICI,North,M001,642.89,1,NONE
TXN0002720,2026-08-30 06:11:02+00:00,44,CARD,SBI,West,M006,3748.75,1,NONE
TXN0003263,2026-08-30 06:11:08+00:00,44,NETBANKING,HDFC,East,M005,2899.11,1,NONE
TXN0006429,2026-08-30 06:11:11+00:00,44,UPI,SBI,West,M003,1370.81,1,NONE
TXN0004225,2026-08-30 06:11:13+00:00,44,CARD,SBI,Central,M005,659.07,1,NONE
TXN0005104,2026-08-30 06:11:16+00:00,44,NETBANKING,HDFC,North,M005,462.39,1,NONE
TXN0005407,2026-08-30 06:11:18+00:00,44,NETBANKING,SBI,East,M005,1931.6,1,NONE
TXN0000197,2026-08-30 06:11:19+00:00,44,UPI,HDFC,South,M005,4789.43,1,NONE
TXN0006075,2026-08-30 06:11:19+00:00,44,CARD,SBI,South,M002,1514.36,1,NONE
TXN0005192,2026-08-30 06:11:20+00:00,44,CARD,HDFC,South,M003,285.89,1,NONE
TXN0005702,2026-08-30 06:11:21+00:00,44,CARD,HDFC,East,M003,3587.32,1,NONE
TXN0004294,2026-08-30 06:11:23+00:00,44,CARD,SBI,West,M002,1636.27,1,NONE
TXN0004740,2026-08-30 06:11:23+00:00,44,UPI,SBI,West,M003,1308.93,1,NONE
TXN0002233,2026-08-30 06:11:25+00:00,44,UPI,HDFC,South,M005,1413.39,1,NONE
TXN0004001,2026-08-30 06:11:25+00:00,44,UPI,HDFC,South,M002,1546.24,0,INSUFFICIENT_FUNDS
TXN0004451,2026-08-30 06:11:28+00:00,44,NETBANKING,ICICI,West,M002,671.31,1,NONE
TXN0002153,2026-08-30 06:11:29+00:00,44,UPI,ICICI,North,M003,878.65,1,NONE
TXN0002308,2026-08-30 06:11:31+00:00,44,UPI,KOTAK,South,M003,1066.76,1,NONE
TXN0004144,2026-08-30 06:11:36+00:00,44,CARD,SBI,North,M005,1789.03,1,NONE
TXN0002101,2026-08-30 06:11:37+00:00,44,CARD,AXIS,South,M006,1708.0,1,NONE
TXN0001962,2026-08-30 06:11:38+00:00,44,WALLET,ICICI,North,M002,861.27,1,NONE
TXN0004022,2026-08-30 06:11:38+00:00,44,UPI,ICICI,West,M002,1154.99,1,NONE
TXN0002487,2026-08-30 06:11:38+00:00,44,UPI,HDFC,West,M003,1297.7,1,NONE
TXN0003914,2026-08-30 06:11:39+00:00,44,CARD,SBI,East,M003,4137.49,1,NONE
TXN0005001,2026-08-30 06:11:41+00:00,44,CARD,AXIS,East,M002,884.62,1,NONE
TXN0001006,2026-08-30 06:11:41+00:00,44,UPI,SBI,East,M002,5335.94,1,NONE
TXN0003750,2026-08-30 06:11:44+00:00,44,CARD,ICICI,South,M006,1128.14,1,NONE
TXN0005843,2026-08-30 06:11:46+00:00,44,UPI,HDFC,Central,M006,1399.41,1,NONE
TXN0001511,2026-08-30 06:11:47+00:00,44,UPI,SBI,South,M005,9912.97,1,NONE
TXN0001554,2026-08-30 06:11:50+00:00,44,UPI,HDFC,South,M004,1264.79,1,NONE
TXN0006789,2026-08-30 06:11:52+00:00,44,CARD,ICICI,North,M004,1931.58,1,NONE
TXN0001662,2026-08-30 06:11:54+00:00,44,UPI,AXIS,South,M006,570.98,1,NONE
TXN0005127,2026-08-30 06:11:54+00:00,44,NETBANKING,KOTAK,North,M004,3111.8,1,NONE
TXN0003221,2026-08-30 06:11:54+00:00,44,UPI,KOTAK,East,M005,742.89,1,NONE
TXN0000667,2026-08-30 06:11:54+00:00,44,UPI,HDFC,North,M006,3045.64,1,NONE
TXN0004249,2026-08-30 06:11:56+00:00,44,WALLET,HDFC,Central,M004,619.95,1,NONE
TXN0000021,2026-08-30 06:11:56+00:00,44,CARD,ICICI,West,M004,593.46,1,NONE
TXN0000441,2026-08-30 06:11:57+00:00,44,UPI,SBI,East,M005,2997.12,1,NONE
TXN0003080,2026-08-30 06:11:58+00:00,44,CARD,SBI,West,M005,607.3,1,NONE
TXN0001864,2026-08-30 06:11:58+00:00,44,UPI,ICICI,West,M005,2795.98,1,NONE
TXN0001779,2026-08-30 06:12:03+00:00,45,UPI,HDFC,South,M004,1542.31,1,NONE
TXN0005825,2026-08-30 06:12:05+00:00,45,CARD,AXIS,North,M003,544.31,1,NONE
TXN0000172,2026-08-30 06:12:06+00:00,45,WALLET,AXIS,South,M003,3379.68,1,NONE
TXN0006121,2026-08-30 06:12:06+00:00,45,CARD,ICICI,East,M004,1653.44,1,NONE
TXN0005904,2026-08-30 06:12:07+00:00,45,NETBANKING,AXIS,West,M005,739.88,1,NONE
TXN0001734,2026-08-30 06:12:10+00:00,45,CARD,AXIS,Central,M006,2513.6,1,NONE
TXN0005888,2026-08-30 06:12:15+00:00,45,UPI,AXIS,South,M001,1248.17,1,NONE
TXN0006345,2026-08-30 06:12:17+00:00,45,UPI,KOTAK,East,M002,2102.94,1,NONE
TXN0001313,2026-08-30 06:12:18+00:00,45,CARD,KOTAK,East,M001,1581.0,1,NONE
TXN0000141,2026-08-30 06:12:19+00:00,45,WALLET,SBI,North,M005,172.8,1,NONE
TXN0004373,2026-08-30 06:12:19+00:00,45,UPI,SBI,North,M006,3481.67,1,NONE
TXN0004063,2026-08-30 06:12:23+00:00,45,NETBANKING,ICICI,North,M004,1286.94,0,CUSTOMER_CANCELLED
TXN0005226,2026-08-30 06:12:25+00:00,45,UPI,AXIS,North,M003,1410.97,1,NONE
TXN0002348,2026-08-30 06:12:25+00:00,45,UPI,ICICI,South,M006,1248.34,1,NONE
TXN0006228,2026-08-30 06:12:25+00:00,45,UPI,HDFC,Central,M002,1351.49,1,NONE
TXN0000106,2026-08-30 06:12:26+00:00,45,CARD,HDFC,Central,M003,516.99,1,NONE
TXN0006810,2026-08-30 06:12:27+00:00,45,CARD,HDFC,West,M004,1081.13,1,NONE
TXN0005258,2026-08-30 06:12:30+00:00,45,UPI,ICICI,South,M002,1382.85,1,NONE
TXN0000884,2026-08-30 06:12:32+00:00,45,UPI,HDFC,North,M003,2026.73,1,NONE
TXN0003859,2026-08-30 06:12:32+00:00,45,CARD,HDFC,Central,M004,2857.64,1,NONE
TXN0001778,2026-08-30 06:12:32+00:00,45,UPI,AXIS,East,M003,1106.13,1,NONE
TXN0001283,2026-08-30 06:12:36+00:00,45,CARD,HDFC,West,M003,3451.37,1,NONE
TXN0005892,2026-08-30 06:12:36+00:00,45,UPI,AXIS,South,M006,816.15,1,NONE
TXN0004067,2026-08-30 06:12:36+00:00,45,UPI,HDFC,North,M002,657.34,1,NONE
TXN0004672,2026-08-30 06:12:39+00:00,45,UPI,SBI,North,M005,317.01,1,NONE
TXN0006592,2026-08-30 06:12:39+00:00,45,UPI,ICICI,East,M005,6632.89,1,NONE
TXN0005313,2026-08-30 06:12:40+00:00,45,UPI,HDFC,Central,M001,1085.46,1,NONE
TXN0000438,2026-08-30 06:12:41+00:00,45,WALLET,ICICI,East,M004,1052.77,1,NONE
TXN0004563,2026-08-30 06:12:43+00:00,45,NETBANKING,AXIS,Central,M001,1969.33,1,NONE
TXN0005285,2026-08-30 06:12:44+00:00,45,UPI,ICICI,East,M002,3767.94,1,NONE
TXN0001127,2026-08-30 06:12:46+00:00,45,CARD,HDFC,East,M004,2653.6,1,NONE
TXN0007152,2026-08-30 06:12:47+00:00,45,UPI,KOTAK,Central,M003,1946.95,1,NONE
TXN0002944,2026-08-30 06:12:47+00:00,45,UPI,HDFC,North,M004,779.86,1,NONE
TXN0006869,2026-08-30 06:12:49+00:00,45,UPI,HDFC,West,M001,603.24,1,NONE
TXN0001483,2026-08-30 06:12:49+00:00,45,UPI,ICICI,North,M004,653.0,1,NONE
TXN0001054,2026-08-30 06:12:53+00:00,45,UPI,SBI,East,M005,514.84,1,NONE
TXN0003353,2026-08-30 06:12:53+00:00,45,UPI,SBI,West,M006,1826.62,1,NONE
TXN0000439,2026-08-30 06:12:54+00:00,45,UPI,AXIS,East,M005,1089.15,1,NONE
TXN0006675,2026-08-30 06:12:55+00:00,45,WALLET,ICICI,West,M004,2930.34,1,NONE
TXN0006711,2026-08-30 06:12:59+00:00,45,CARD,ICICI,Central,M001,2115.31,1,NONE
TXN0004202,2026-08-30 06:13:01+00:00,46,CARD,AXIS,East,M003,2432.51,1,NONE
TXN0005431,2026-08-30 06:13:02+00:00,46,NETBANKING,ICICI,South,M004,780.11,1,NONE
TXN0004270,2026-08-30 06:13:04+00:00,46,UPI,SBI,Central,M001,818.3,1,NONE
TXN0001770,2026-08-30 06:13:05+00:00,46,CARD,HDFC,West,M003,766.64,1,NONE
TXN0001057,2026-08-30 06:13:05+00:00,46,NETBANKING,SBI,North,M004,2058.0,1,NONE
TXN0003301,2026-08-30 06:13:06+00:00,46,UPI,HDFC,East,M001,4143.45,1,NONE
TXN0001455,2026-08-30 06:13:07+00:00,46,UPI,HDFC,North,M006,918.51,1,NONE
TXN0006277,2026-08-30 06:13:08+00:00,46,UPI,SBI,South,M005,5158.64,0,CUSTOMER_CANCELLED
TXN0002925,2026-08-30 06:13:12+00:00,46,CARD,SBI,South,M006,275.69,1,NONE
TXN0002478,2026-08-30 06:13:12+00:00,46,UPI,HDFC,East,M001,1140.03,1,NONE
TXN0003884,2026-08-30 06:13:16+00:00,46,UPI,SBI,West,M003,1051.04,1,NONE
TXN0002238,2026-08-30 06:13:16+00:00,46,UPI,ICICI,Central,M002,4500.58,1,NONE
TXN0006234,2026-08-30 06:13:19+00:00,46,UPI,HDFC,West,M005,1241.63,1,NONE
TXN0002996,2026-08-30 06:13:19+00:00,46,CARD,ICICI,North,M001,7832.55,1,NONE
TXN0003319,2026-08-30 06:13:19+00:00,46,UPI,AXIS,West,M001,356.51,1,NONE
TXN0003782,2026-08-30 06:13:25+00:00,46,CARD,SBI,West,M004,1577.25,1,NONE
TXN0002804,2026-08-30 06:13:26+00:00,46,CARD,KOTAK,South,M006,417.54,1,NONE
TXN0004152,2026-08-30 06:13:28+00:00,46,WALLET,ICICI,South,M001,3227.02,1,NONE
TXN0004983,2026-08-30 06:13:28+00:00,46,NETBANKING,SBI,East,M002,2697.4,1,NONE
TXN0004350,2026-08-30 06:13:29+00:00,46,UPI,ICICI,East,M005,2288.2,1,NONE
TXN0002743,2026-08-30 06:13:30+00:00,46,UPI,SBI,North,M003,684.1,1,NONE
TXN0006466,2026-08-30 06:13:32+00:00,46,CARD,AXIS,West,M005,766.64,1,NONE
TXN0003590,2026-08-30 06:13:33+00:00,46,CARD,HDFC,South,M001,7907.28,1,NONE
TXN0006706,2026-08-30 06:13:33+00:00,46,UPI,SBI,Central,M006,1097.44,1,NONE
TXN0002172,2026-08-30 06:13:36+00:00,46,UPI,HDFC,West,M003,1124.93,0,CUSTOMER_CANCELLED
TXN0002964,2026-08-30 06:13:37+00:00,46,CARD,SBI,South,M002,2152.88,1,NONE
TXN0002667,2026-08-30 06:13:39+00:00,46,UPI,HDFC,Central,M004,4516.48,1,NONE
TXN0005652,2026-08-30 06:13:39+00:00,46,CARD,ICICI,East,M001,3323.3,1,NONE
TXN0006494,2026-08-30 06:13:40+00:00,46,UPI,ICICI,South,M001,377.45,0,CUSTOMER_CANCELLED
TXN0002086,2026-08-30 06:13:40+00:00,46,UPI,SBI,Central,M001,693.7,0,CUSTOMER_CANCELLED
TXN0001300,2026-08-30 06:13:40+00:00,46,UPI,SBI,North,M001,1001.32,1,NONE
TXN0004947,2026-08-30 06:13:41+00:00,46,UPI,HDFC,North,M006,3224.62,1,NONE
TXN0004072,2026-08-30 06:13:42+00:00,46,UPI,SBI,West,M006,9278.21,1,NONE
TXN0004203,2026-08-30 06:13:45+00:00,46,CARD,HDFC,West,M005,2465.32,1,NONE
TXN0005332,2026-08-30 06:13:48+00:00,46,UPI,SBI,South,M006,1011.13,1,NONE
TXN0005508,2026-08-30 06:13:53+00:00,46,NETBANKING,SBI,South,M002,1581.19,1,NONE
TXN0002385,2026-08-30 06:13:53+00:00,46,UPI,HDFC,North,M002,707.69,1,NONE
TXN0000882,2026-08-30 06:13:54+00:00,46,UPI,HDFC,North,M003,3686.69,1,NONE
TXN0002274,2026-08-30 06:13:57+00:00,46,UPI,SBI,South,M005,817.6,1,NONE
TXN0005324,2026-08-30 06:13:59+00:00,46,UPI,SBI,West,M006,707.82,1,NONE
TXN0004946,2026-08-30 06:14:00+00:00,47,UPI,SBI,South,M006,4136.27,1,NONE
TXN0006517,2026-08-30 06:14:00+00:00,47,NETBANKING,KOTAK,North,M004,1028.84,0,INSUFFICIENT_FUNDS
TXN0002731,2026-08-30 06:14:00+00:00,47,CARD,SBI,West,M001,472.43,0,INSUFFICIENT_FUNDS
TXN0006464,2026-08-30 06:14:03+00:00,47,CARD,KOTAK,North,M004,978.39,1,NONE
TXN0000274,2026-08-30 06:14:05+00:00,47,CARD,SBI,South,M003,833.04,1,NONE
TXN0006748,2026-08-30 06:14:06+00:00,47,CARD,KOTAK,East,M003,1654.51,1,NONE
TXN0002906,2026-08-30 06:14:07+00:00,47,CARD,HDFC,West,M002,907.55,1,NONE
TXN0003157,2026-08-30 06:14:08+00:00,47,CARD,ICICI,Central,M005,330.19,1,NONE
TXN0004262,2026-08-30 06:14:08+00:00,47,UPI,AXIS,South,M001,780.81,1,NONE
TXN0006074,2026-08-30 06:14:12+00:00,47,UPI,KOTAK,West,M001,2341.05,0,TIMEOUT
TXN0007029,2026-08-30 06:14:13+00:00,47,WALLET,AXIS,Central,M004,2956.73,1,NONE
TXN0000134,2026-08-30 06:14:14+00:00,47,UPI,HDFC,South,M003,958.57,1,NONE
TXN0005348,2026-08-30 06:14:15+00:00,47,UPI,KOTAK,North,M006,419.09,0,INSUFFICIENT_FUNDS
TXN0000795,2026-08-30 06:14:15+00:00,47,CARD,SBI,East,M001,3235.63,1,NONE
TXN0001900,2026-08-30 06:14:15+00:00,47,CARD,SBI,North,M003,1088.77,1,NONE
TXN0003928,2026-08-30 06:14:19+00:00,47,CARD,AXIS,East,M001,1436.61,1,NONE
TXN0003255,2026-08-30 06:14:20+00:00,47,CARD,KOTAK,West,M006,1028.05,1,NONE
TXN0005210,2026-08-30 06:14:22+00:00,47,UPI,KOTAK,East,M004,1485.98,1,NONE
TXN0003440,2026-08-30 06:14:23+00:00,47,NETBANKING,SBI,North,M001,3170.62,1,NONE
TXN0001314,2026-08-30 06:14:24+00:00,47,UPI,ICICI,West,M001,341.51,1,NONE
TXN0003292,2026-08-30 06:14:25+00:00,47,CARD,HDFC,North,M001,1240.67,1,NONE
TXN0000940,2026-08-30 06:14:25+00:00,47,UPI,AXIS,South,M004,696.44,1,NONE
TXN0004204,2026-08-30 06:14:33+00:00,47,UPI,HDFC,West,M005,8980.78,1,NONE
TXN0000653,2026-08-30 06:14:37+00:00,47,UPI,SBI,West,M003,2087.19,1,NONE
TXN0001093,2026-08-30 06:14:37+00:00,47,CARD,AXIS,South,M005,5401.27,0,TIMEOUT
TXN0000302,2026-08-30 06:14:38+00:00,47,CARD,ICICI,West,M006,882.55,1,NONE
TXN0004110,2026-08-30 06:14:42+00:00,47,CARD,ICICI,North,M005,1325.7,1,NONE
TXN0000230,2026-08-30 06:14:43+00:00,47,UPI,AXIS,North,M001,573.31,1,NONE
TXN0006877,2026-08-30 06:14:45+00:00,47,UPI,ICICI,West,M002,896.94,1,NONE
TXN0002615,2026-08-30 06:14:47+00:00,47,CARD,KOTAK,West,M003,2444.81,1,NONE
TXN0005943,2026-08-30 06:14:48+00:00,47,UPI,HDFC,North,M004,2254.87,1,NONE
TXN0003749,2026-08-30 06:14:48+00:00,47,UPI,SBI,Central,M005,289.13,1,NONE
TXN0006925,2026-08-30 06:14:49+00:00,47,UPI,AXIS,North,M002,587.37,1,NONE
TXN0005250,2026-08-30 06:14:50+00:00,47,WALLET,HDFC,East,M004,2177.29,1,NONE
TXN0001452,2026-08-30 06:14:50+00:00,47,CARD,ICICI,South,M004,427.54,1,NONE
TXN0002404,2026-08-30 06:14:52+00:00,47,NETBANKING,SBI,South,M004,3531.11,1,NONE
TXN0001718,2026-08-30 06:14:53+00:00,47,UPI,ICICI,Central,M006,2096.84,1,NONE
TXN0003734,2026-08-30 06:14:53+00:00,47,UPI,HDFC,North,M001,1815.15,1,NONE
TXN0005640,2026-08-30 06:14:55+00:00,47,CARD,ICICI,Central,M001,1302.98,1,NONE
TXN0005496,2026-08-30 06:14:59+00:00,47,NETBANKING,HDFC,West,M006,3997.25,1,NONE
TXN0005095,2026-08-30 06:15:00+00:00,48,UPI,AXIS,South,M005,1182.64,1,NONE
TXN0006607,2026-08-30 06:15:01+00:00,48,NETBANKING,SBI,West,M003,1091.53,1,NONE
TXN0001786,2026-08-30 06:15:02+00:00,48,CARD,ICICI,North,M002,379.6,1,NONE
TXN0000308,2026-08-30 06:15:02+00:00,48,UPI,KOTAK,South,M005,3180.41,1,NONE
TXN0006237,2026-08-30 06:15:03+00:00,48,UPI,AXIS,North,M005,2417.93,1,NONE
TXN0000398,2026-08-30 06:15:04+00:00,48,NETBANKING,ICICI,West,M005,3813.31,1,NONE
TXN0006623,2026-08-30 06:15:09+00:00,48,UPI,AXIS,West,M002,1714.03,1,NONE
TXN0006638,2026-08-30 06:15:10+00:00,48,UPI,SBI,South,M001,3618.66,1,NONE
TXN0001067,2026-08-30 06:15:10+00:00,48,CARD,AXIS,North,M001,3358.5,1,NONE
TXN0002685,2026-08-30 06:15:11+00:00,48,CARD,HDFC,Central,M006,1363.89,1,NONE
TXN0001585,2026-08-30 06:15:12+00:00,48,UPI,SBI,East,M006,612.81,1,NONE
TXN0006000,2026-08-30 06:15:13+00:00,48,UPI,HDFC,East,M001,1360.87,1,NONE
TXN0006779,2026-08-30 06:15:15+00:00,48,UPI,KOTAK,Central,M002,4822.3,1,NONE
TXN0004836,2026-08-30 06:15:15+00:00,48,CARD,ICICI,South,M004,1007.83,1,NONE
TXN0001610,2026-08-30 06:15:17+00:00,48,UPI,AXIS,North,M002,1486.49,1,NONE
TXN0003876,2026-08-30 06:15:20+00:00,48,UPI,ICICI,East,M001,1038.48,1,NONE
TXN0003476,2026-08-30 06:15:21+00:00,48,CARD,HDFC,South,M001,3982.28,1,NONE
TXN0001356,2026-08-30 06:15:22+00:00,48,UPI,KOTAK,West,M003,1179.3,1,NONE
TXN0000365,2026-08-30 06:15:22+00:00,48,UPI,HDFC,East,M006,612.65,1,NONE
TXN0004329,2026-08-30 06:15:23+00:00,48,UPI,ICICI,South,M002,1856.61,1,NONE
TXN0003602,2026-08-30 06:15:23+00:00,48,NETBANKING,SBI,West,M004,3899.5,1,NONE
TXN0004580,2026-08-30 06:15:25+00:00,48,UPI,AXIS,West,M003,9513.19,1,NONE
TXN0002134,2026-08-30 06:15:26+00:00,48,CARD,SBI,North,M005,976.94,1,NONE
TXN0000029,2026-08-30 06:15:36+00:00,48,UPI,HDFC,South,M006,358.65,1,NONE
TXN0002313,2026-08-30 06:15:38+00:00,48,UPI,ICICI,South,M005,323.56,1,NONE
TXN0001655,2026-08-30 06:15:38+00:00,48,UPI,KOTAK,South,M006,1495.47,1,NONE
TXN0004594,2026-08-30 06:15:39+00:00,48,UPI,AXIS,Central,M004,1961.17,1,NONE
TXN0004213,2026-08-30 06:15:40+00:00,48,CARD,SBI,South,M005,1394.54,1,NONE
TXN0001367,2026-08-30 06:15:42+00:00,48,NETBANKING,ICICI,East,M001,1409.95,1,NONE
TXN0005505,2026-08-30 06:15:46+00:00,48,CARD,AXIS,South,M003,1518.27,1,NONE
TXN0003257,2026-08-30 06:15:47+00:00,48,UPI,ICICI,North,M003,723.56,1,NONE
TXN0004002,2026-08-30 06:15:47+00:00,48,UPI,SBI,North,M006,1218.35,1,NONE
TXN0006474,2026-08-30 06:15:47+00:00,48,CARD,HDFC,South,M003,3197.95,1,NONE
TXN0006389,2026-08-30 06:15:49+00:00,48,NETBANKING,ICICI,North,M003,3128.87,1,NONE
TXN0000174,2026-08-30 06:15:49+00:00,48,UPI,HDFC,North,M004,18326.48,1,NONE
TXN0005279,2026-08-30 06:15:52+00:00,48,CARD,HDFC,West,M004,1782.9,1,NONE
TXN0002301,2026-08-30 06:15:53+00:00,48,UPI,SBI,North,M003,456.51,1,NONE
TXN0001270,2026-08-30 06:15:54+00:00,48,UPI,AXIS,North,M003,227.7,1,NONE
TXN0006016,2026-08-30 06:15:57+00:00,48,UPI,HDFC,East,M004,240.22,1,NONE
TXN0006255,2026-08-30 06:15:58+00:00,48,UPI,ICICI,South,M003,376.7,1,NONE
TXN0002480,2026-08-30 06:16:00+00:00,49,CARD,SBI,East,M005,6135.67,1,NONE
TXN0005807,2026-08-30 06:16:02+00:00,49,WALLET,KOTAK,West,M004,885.28,1,NONE
TXN0002577,2026-08-30 06:16:03+00:00,49,CARD,AXIS,North,M001,3839.07,1,NONE
TXN0001896,2026-08-30 06:16:05+00:00,49,UPI,AXIS,North,M004,1024.15,1,NONE
TXN0003948,2026-08-30 06:16:08+00:00,49,UPI,ICICI,West,M004,655.48,1,NONE
TXN0004118,2026-08-30 06:16:11+00:00,49,CARD,SBI,West,M003,1243.33,0,BANK_DECLINED
TXN0006136,2026-08-30 06:16:13+00:00,49,CARD,HDFC,West,M001,1390.38,1,NONE
TXN0003730,2026-08-30 06:16:15+00:00,49,NETBANKING,SBI,West,M004,300.86,1,NONE
TXN0002272,2026-08-30 06:16:16+00:00,49,NETBANKING,SBI,Central,M002,919.08,1,NONE
TXN0003178,2026-08-30 06:16:16+00:00,49,UPI,KOTAK,Central,M003,7778.47,1,NONE
TXN0000081,2026-08-30 06:16:17+00:00,49,CARD,AXIS,South,M003,538.51,1,NONE
TXN0003597,2026-08-30 06:16:20+00:00,49,UPI,HDFC,East,M003,656.15,1,NONE
TXN0001335,2026-08-30 06:16:23+00:00,49,UPI,ICICI,South,M003,4169.33,1,NONE
TXN0002336,2026-08-30 06:16:26+00:00,49,UPI,HDFC,West,M004,1028.22,1,NONE
TXN0003084,2026-08-30 06:16:27+00:00,49,UPI,ICICI,East,M004,5291.75,1,NONE
TXN0005885,2026-08-30 06:16:29+00:00,49,NETBANKING,HDFC,West,M006,1528.28,1,NONE
TXN0003090,2026-08-30 06:16:31+00:00,49,NETBANKING,SBI,East,M006,698.41,1,NONE
TXN0001987,2026-08-30 06:16:32+00:00,49,UPI,KOTAK,South,M003,1157.04,1,NONE
TXN0006845,2026-08-30 06:16:35+00:00,49,UPI,ICICI,South,M002,477.22,1,NONE
TXN0001186,2026-08-30 06:16:36+00:00,49,CARD,HDFC,South,M002,631.14,1,NONE
TXN0001537,2026-08-30 06:16:38+00:00,49,UPI,SBI,South,M003,6647.65,1,NONE
TXN0004710,2026-08-30 06:16:40+00:00,49,UPI,HDFC,South,M006,1740.37,1,NONE
TXN0006483,2026-08-30 06:16:41+00:00,49,NETBANKING,ICICI,East,M005,1480.74,1,NONE
TXN0004399,2026-08-30 06:16:42+00:00,49,NETBANKING,KOTAK,East,M003,3543.46,1,NONE
TXN0004496,2026-08-30 06:16:45+00:00,49,NETBANKING,AXIS,West,M004,871.67,1,NONE
TXN0006652,2026-08-30 06:16:47+00:00,49,UPI,AXIS,West,M005,2422.75,1,NONE
TXN0003294,2026-08-30 06:16:47+00:00,49,NETBANKING,SBI,East,M005,6886.0,1,NONE
TXN0006114,2026-08-30 06:16:48+00:00,49,UPI,SBI,South,M004,6263.42,1,NONE
TXN0001215,2026-08-30 06:16:48+00:00,49,UPI,AXIS,North,M003,3009.75,1,NONE
TXN0004323,2026-08-30 06:16:49+00:00,49,UPI,AXIS,West,M006,9840.14,1,NONE
TXN0001462,2026-08-30 06:16:50+00:00,49,CARD,KOTAK,North,M005,1470.02,1,NONE
TXN0006011,2026-08-30 06:16:53+00:00,49,NETBANKING,AXIS,Central,M003,2375.43,1,NONE
TXN0002375,2026-08-30 06:16:54+00:00,49,UPI,AXIS,South,M004,4003.89,1,NONE
TXN0001147,2026-08-30 06:16:54+00:00,49,UPI,SBI,West,M002,2025.61,1,NONE
TXN0003895,2026-08-30 06:16:55+00:00,49,WALLET,KOTAK,West,M001,2576.48,1,NONE
TXN0000229,2026-08-30 06:16:55+00:00,49,UPI,KOTAK,West,M004,702.2,1,NONE
TXN0000641,2026-08-30 06:16:56+00:00,49,CARD,SBI,South,M003,1171.37,1,NONE
TXN0005720,2026-08-30 06:16:56+00:00,49,UPI,AXIS,West,M001,3822.67,1,NONE
TXN0002250,2026-08-30 06:16:58+00:00,49,UPI,ICICI,West,M003,2428.58,1,NONE
TXN0002726,2026-08-30 06:16:59+00:00,49,CARD,HDFC,West,M004,1340.07,1,NONE
TXN0003313,2026-08-30 06:17:01+00:00,50,UPI,HDFC,East,M006,2222.35,1,NONE
TXN0003385,2026-08-30 06:17:01+00:00,50,UPI,AXIS,South,M003,1295.95,1,NONE
TXN0007090,2026-08-30 06:17:02+00:00,50,UPI,AXIS,West,M002,2826.88,1,NONE
TXN0005949,2026-08-30 06:17:04+00:00,50,NETBANKING,SBI,West,M001,5757.94,0,INSUFFICIENT_FUNDS
TXN0001423,2026-08-30 06:17:04+00:00,50,CARD,AXIS,South,M001,3439.88,1,NONE
TXN0002359,2026-08-30 06:17:05+00:00,50,CARD,AXIS,East,M001,835.92,0,TIMEOUT
TXN0001234,2026-08-30 06:17:05+00:00,50,UPI,ICICI,North,M003,846.87,1,NONE
TXN0002723,2026-08-30 06:17:06+00:00,50,WALLET,HDFC,South,M005,2854.77,1,NONE
TXN0002704,2026-08-30 06:17:08+00:00,50,UPI,KOTAK,Central,M001,345.91,1,NONE
TXN0001028,2026-08-30 06:17:09+00:00,50,UPI,ICICI,South,M005,1211.92,1,NONE
TXN0003891,2026-08-30 06:17:09+00:00,50,UPI,HDFC,South,M004,1937.88,1,NONE
TXN0004404,2026-08-30 06:17:11+00:00,50,UPI,HDFC,North,M006,3396.35,1,NONE
TXN0002334,2026-08-30 06:17:14+00:00,50,CARD,ICICI,Central,M006,5604.37,0,TIMEOUT
TXN0001394,2026-08-30 06:17:15+00:00,50,CARD,SBI,North,M006,1300.41,1,NONE
TXN0004908,2026-08-30 06:17:17+00:00,50,WALLET,HDFC,East,M002,20589.93,1,NONE
TXN0005311,2026-08-30 06:17:21+00:00,50,UPI,ICICI,South,M002,5674.96,1,NONE
TXN0000885,2026-08-30 06:17:25+00:00,50,UPI,HDFC,South,M003,431.56,1,NONE
TXN0005150,2026-08-30 06:17:26+00:00,50,UPI,SBI,West,M003,1005.2,1,NONE
TXN0001421,2026-08-30 06:17:28+00:00,50,UPI,HDFC,East,M003,3023.98,1,NONE
TXN0005424,2026-08-30 06:17:32+00:00,50,UPI,AXIS,South,M006,824.85,1,NONE
TXN0005301,2026-08-30 06:17:36+00:00,50,UPI,SBI,South,M001,3220.83,1,NONE
TXN0000799,2026-08-30 06:17:37+00:00,50,UPI,ICICI,East,M001,5046.48,1,NONE
TXN0001150,2026-08-30 06:17:40+00:00,50,UPI,AXIS,East,M002,951.14,1,NONE
TXN0003910,2026-08-30 06:17:41+00:00,50,CARD,ICICI,West,M001,7486.61,1,NONE
TXN0001920,2026-08-30 06:17:41+00:00,50,NETBANKING,HDFC,West,M003,179.29,1,NONE
TXN0000769,2026-08-30 06:17:42+00:00,50,WALLET,SBI,East,M005,1345.71,1,NONE
TXN0004324,2026-08-30 06:17:43+00:00,50,UPI,AXIS,East,M001,1486.05,1,NONE
TXN0003252,2026-08-30 06:17:45+00:00,50,UPI,KOTAK,Central,M004,889.63,0,INSUFFICIENT_FUNDS
TXN0001264,2026-08-30 06:17:46+00:00,50,UPI,SBI,South,M001,2021.85,1,NONE
TXN0000394,2026-08-30 06:17:49+00:00,50,UPI,ICICI,South,M001,660.34,0,INSUFFICIENT_FUNDS
TXN0001761,2026-08-30 06:17:49+00:00,50,NETBANKING,ICICI,West,M005,5680.13,1,NONE
TXN0002004,2026-08-30 06:17:53+00:00,50,UPI,SBI,East,M006,368.8,1,NONE
TXN0004950,2026-08-30 06:17:56+00:00,50,UPI,AXIS,East,M003,536.24,1,NONE
TXN0006279,2026-08-30 06:17:56+00:00,50,UPI,HDFC,East,M002,3109.89,1,NONE
TXN0000668,2026-08-30 06:17:57+00:00,50,UPI,HDFC,South,M006,3230.92,0,BANK_DECLINED
TXN0003636,2026-08-30 06:17:58+00:00,50,CARD,SBI,Central,M003,6411.81,1,NONE
TXN0002037,2026-08-30 06:17:58+00:00,50,UPI,HDFC,North,M006,2938.37,1,NONE
TXN0005986,2026-08-30 06:17:58+00:00,50,NETBANKING,AXIS,East,M006,2478.02,1,NONE
TXN0004805,2026-08-30 06:17:58+00:00,50,UPI,HDFC,South,M003,1749.6,1,NONE
TXN0000225,2026-08-30 06:17:59+00:00,50,UPI,KOTAK,South,M005,1090.76,0,INSUFFICIENT_FUNDS
TXN0000561,2026-08-30 06:18:00+00:00,51,UPI,SBI,Central,M003,903.33,1,NONE
TXN0002876,2026-08-30 06:18:01+00:00,51,WALLET,SBI,Central,M002,1715.42,1,NONE
TXN0000952,2026-08-30 06:18:02+00:00,51,UPI,ICICI,West,M006,968.2,1,NONE
TXN0001469,2026-08-30 06:18:08+00:00,51,UPI,HDFC,East,M004,2553.05,1,NONE
TXN0005797,2026-08-30 06:18:09+00:00,51,UPI,ICICI,South,M006,1113.81,1,NONE
TXN0004336,2026-08-30 06:18:12+00:00,51,UPI,HDFC,South,M004,2855.1,1,NONE
TXN0002653,2026-08-30 06:18:16+00:00,51,CARD,HDFC,South,M001,1105.19,1,NONE
TXN0005205,2026-08-30 06:18:17+00:00,51,UPI,AXIS,East,M003,2281.81,1,NONE
TXN0002079,2026-08-30 06:18:18+00:00,51,UPI,SBI,North,M002,1790.12,1,NONE
TXN0000605,2026-08-30 06:18:19+00:00,51,CARD,KOTAK,South,M002,1896.73,0,TIMEOUT
TXN0005476,2026-08-30 06:18:21+00:00,51,UPI,SBI,North,M002,1643.36,1,NONE
TXN0001736,2026-08-30 06:18:22+00:00,51,CARD,SBI,West,M006,2423.38,1,NONE
TXN0004555,2026-08-30 06:18:23+00:00,51,CARD,KOTAK,North,M002,492.19,1,NONE
TXN0002401,2026-08-30 06:18:25+00:00,51,NETBANKING,HDFC,South,M005,1451.09,1,NONE
TXN0002067,2026-08-30 06:18:28+00:00,51,CARD,ICICI,Central,M001,5785.16,1,NONE
TXN0005726,2026-08-30 06:18:29+00:00,51,UPI,SBI,South,M003,1441.13,1,NONE
TXN0005870,2026-08-30 06:18:31+00:00,51,NETBANKING,ICICI,South,M002,1342.23,0,BANK_DECLINED
TXN0004586,2026-08-30 06:18:32+00:00,51,CARD,KOTAK,Central,M001,672.41,1,NONE
TXN0001499,2026-08-30 06:18:33+00:00,51,UPI,KOTAK,South,M002,12583.84,1,NONE
TXN0002314,2026-08-30 06:18:36+00:00,51,CARD,AXIS,North,M004,1953.39,0,BANK_DECLINED
TXN0004210,2026-08-30 06:18:37+00:00,51,NETBANKING,ICICI,West,M001,1910.32,1,NONE
TXN0003261,2026-08-30 06:18:39+00:00,51,CARD,ICICI,South,M003,2771.62,1,NONE
TXN0006555,2026-08-30 06:18:42+00:00,51,UPI,ICICI,South,M001,662.78,1,NONE
TXN0002414,2026-08-30 06:18:42+00:00,51,CARD,SBI,East,M006,1070.25,1,NONE
TXN0002807,2026-08-30 06:18:43+00:00,51,NETBANKING,SBI,South,M004,1586.88,1,NONE
TXN0006410,2026-08-30 06:18:45+00:00,51,NETBANKING,ICICI,South,M001,1119.4,1,NONE
TXN0001143,2026-08-30 06:18:45+00:00,51,CARD,KOTAK,South,M004,1191.06,1,NONE
TXN0003142,2026-08-30 06:18:47+00:00,51,CARD,HDFC,East,M005,1973.59,1,NONE
TXN0004073,2026-08-30 06:18:47+00:00,51,WALLET,ICICI,South,M006,1081.99,1,NONE
TXN0003042,2026-08-30 06:18:49+00:00,51,CARD,AXIS,South,M002,689.89,1,NONE
TXN0001045,2026-08-30 06:18:49+00:00,51,UPI,SBI,South,M002,1766.97,1,NONE
TXN0001035,2026-08-30 06:18:50+00:00,51,UPI,HDFC,North,M004,479.02,1,NONE
TXN0003330,2026-08-30 06:18:51+00:00,51,UPI,HDFC,West,M003,796.59,1,NONE
TXN0002295,2026-08-30 06:18:51+00:00,51,WALLET,ICICI,East,M001,720.25,1,NONE
TXN0004131,2026-08-30 06:18:51+00:00,51,CARD,HDFC,East,M001,782.02,1,NONE
TXN0004794,2026-08-30 06:18:53+00:00,51,WALLET,SBI,North,M006,584.92,1,NONE
TXN0006148,2026-08-30 06:18:55+00:00,51,UPI,AXIS,North,M006,1796.13,1,NONE
TXN0004440,2026-08-30 06:18:56+00:00,51,UPI,ICICI,South,M006,2540.91,1,NONE
TXN0005312,2026-08-30 06:18:58+00:00,51,UPI,AXIS,South,M003,3167.36,1,NONE
TXN0000768,2026-08-30 06:18:58+00:00,51,CARD,SBI,East,M002,1198.43,1,NONE
TXN0004774,2026-08-30 06:19:00+00:00,52,NETBANKING,SBI,South,M006,586.55,1,NONE
TXN0003207,2026-08-30 06:19:01+00:00,52,CARD,AXIS,East,M003,1672.94,1,NONE
TXN0001740,2026-08-30 06:19:07+00:00,52,CARD,HDFC,West,M004,249.25,1,NONE
TXN0005605,2026-08-30 06:19:08+00:00,52,WALLET,SBI,East,M003,991.69,1,NONE
TXN0005693,2026-08-30 06:19:08+00:00,52,UPI,HDFC,South,M006,1532.14,1,NONE
TXN0001489,2026-08-30 06:19:08+00:00,52,NETBANKING,KOTAK,North,M004,1052.86,1,NONE
TXN0006537,2026-08-30 06:19:12+00:00,52,UPI,SBI,West,M006,1190.62,1,NONE
TXN0005284,2026-08-30 06:19:13+00:00,52,WALLET,SBI,South,M006,2109.16,1,NONE
TXN0002758,2026-08-30 06:19:14+00:00,52,UPI,AXIS,South,M006,2021.19,1,NONE
TXN0002583,2026-08-30 06:19:15+00:00,52,CARD,HDFC,West,M003,1144.25,1,NONE
TXN0000879,2026-08-30 06:19:17+00:00,52,NETBANKING,ICICI,West,M006,1459.76,1,NONE
TXN0002283,2026-08-30 06:19:20+00:00,52,NETBANKING,AXIS,West,M003,1904.06,1,NONE
TXN0003056,2026-08-30 06:19:27+00:00,52,UPI,HDFC,Central,M003,1392.59,1,NONE
TXN0000820,2026-08-30 06:19:30+00:00,52,NETBANKING,HDFC,Central,M001,3972.57,1,NONE
TXN0001897,2026-08-30 06:19:30+00:00,52,UPI,KOTAK,West,M001,4164.52,1,NONE
TXN0001847,2026-08-30 06:19:31+00:00,52,UPI,AXIS,South,M005,216.1,1,NONE
TXN0005984,2026-08-30 06:19:37+00:00,52,UPI,SBI,North,M004,1416.79,1,NONE
TXN0002559,2026-08-30 06:19:37+00:00,52,UPI,KOTAK,West,M001,1026.06,1,NONE
TXN0004141,2026-08-30 06:19:38+00:00,52,UPI,SBI,North,M006,1278.89,1,NONE
TXN0004778,2026-08-30 06:19:40+00:00,52,WALLET,KOTAK,South,M006,639.64,1,NONE
TXN0002237,2026-08-30 06:19:41+00:00,52,NETBANKING,AXIS,South,M005,1520.06,1,NONE
TXN0004527,2026-08-30 06:19:41+00:00,52,CARD,HDFC,South,M003,5259.01,1,NONE
TXN0006462,2026-08-30 06:19:42+00:00,52,UPI,AXIS,North,M003,1665.58,1,NONE
TXN0005905,2026-08-30 06:19:44+00:00,52,UPI,ICICI,Central,M001,512.08,1,NONE
TXN0003161,2026-08-30 06:19:45+00:00,52,UPI,HDFC,West,M005,1183.89,1,NONE
TXN0003286,2026-08-30 06:19:46+00:00,52,CARD,HDFC,West,M002,1691.71,1,NONE
TXN0004172,2026-08-30 06:19:47+00:00,52,UPI,HDFC,South,M004,621.65,1,NONE
TXN0001710,2026-08-30 06:19:49+00:00,52,NETBANKING,ICICI,South,M005,2534.25,1,NONE
TXN0003377,2026-08-30 06:19:50+00:00,52,UPI,SBI,West,M005,3223.4,1,NONE
TXN0005473,2026-08-30 06:19:51+00:00,52,WALLET,SBI,Central,M001,716.97,1,NONE
TXN0005502,2026-08-30 06:19:52+00:00,52,CARD,HDFC,East,M003,1976.38,1,NONE
TXN0003354,2026-08-30 06:19:53+00:00,52,CARD,HDFC,North,M006,2208.9,1,NONE
TXN0001743,2026-08-30 06:19:54+00:00,52,CARD,SBI,South,M005,1172.42,1,NONE
TXN0002184,2026-08-30 06:19:54+00:00,52,NETBANKING,AXIS,Central,M005,2138.4,1,NONE
TXN0006930,2026-08-30 06:19:54+00:00,52,CARD,SBI,South,M005,331.64,1,NONE
TXN0001699,2026-08-30 06:19:55+00:00,52,UPI,HDFC,West,M006,1863.54,1,NONE
TXN0006658,2026-08-30 06:19:55+00:00,52,UPI,HDFC,South,M003,2504.18,1,NONE
TXN0006552,2026-08-30 06:19:56+00:00,52,CARD,ICICI,South,M002,2915.86,0,CUSTOMER_CANCELLED
TXN0002191,2026-08-30 06:19:56+00:00,52,WALLET,SBI,South,M005,541.11,1,NONE
TXN0003557,2026-08-30 06:19:56+00:00,52,UPI,HDFC,Central,M002,3359.23,0,CUSTOMER_CANCELLED
TXN0001384,2026-08-30 06:20:02+00:00,53,UPI,SBI,South,M004,3070.82,1,NONE
TXN0004427,2026-08-30 06:20:03+00:00,53,UPI,SBI,West,M002,291.13,1,NONE
TXN0006650,2026-08-30 06:20:03+00:00,53,CARD,AXIS,East,M005,865.17,1,NONE
TXN0001677,2026-08-30 06:20:04+00:00,53,UPI,AXIS,South,M006,1894.81,1,NONE
TXN0005660,2026-08-30 06:20:05+00:00,53,WALLET,KOTAK,Central,M002,1178.93,1,NONE
TXN0000483,2026-08-30 06:20:07+00:00,53,UPI,SBI,South,M003,1040.41,1,NONE
TXN0006336,2026-08-30 06:20:11+00:00,53,UPI,ICICI,East,M001,2639.97,1,NONE
TXN0006802,2026-08-30 06:20:14+00:00,53,NETBANKING,SBI,West,M005,591.71,1,NONE
TXN0006524,2026-08-30 06:20:20+00:00,53,UPI,SBI,West,M001,390.71,1,NONE
TXN0000557,2026-08-30 06:20:22+00:00,53,CARD,AXIS,East,M005,3166.17,1,NONE
TXN0001798,2026-08-30 06:20:24+00:00,53,UPI,SBI,South,M003,7797.65,1,NONE
TXN0001105,2026-08-30 06:20:24+00:00,53,UPI,HDFC,South,M002,1771.4,1,NONE
TXN0002995,2026-08-30 06:20:25+00:00,53,UPI,SBI,North,M003,1951.93,1,NONE
TXN0002441,2026-08-30 06:20:25+00:00,53,UPI,HDFC,South,M006,1519.02,1,NONE
TXN0001089,2026-08-30 06:20:26+00:00,53,UPI,SBI,East,M006,1389.97,1,NONE
TXN0006883,2026-08-30 06:20:27+00:00,53,UPI,AXIS,North,M002,2363.3,1,NONE
TXN0006835,2026-08-30 06:20:27+00:00,53,CARD,HDFC,Central,M001,403.79,1,NONE
TXN0001927,2026-08-30 06:20:30+00:00,53,NETBANKING,HDFC,East,M003,1636.46,1,NONE
TXN0000579,2026-08-30 06:20:30+00:00,53,NETBANKING,ICICI,South,M005,1213.73,1,NONE
TXN0002340,2026-08-30 06:20:30+00:00,53,CARD,SBI,West,M003,1430.8,1,NONE
TXN0002543,2026-08-30 06:20:31+00:00,53,UPI,AXIS,North,M001,1630.27,1,NONE
TXN0001583,2026-08-30 06:20:31+00:00,53,CARD,HDFC,North,M005,2657.7,1,NONE
TXN0004420,2026-08-30 06:20:32+00:00,53,UPI,AXIS,North,M006,11473.99,1,NONE
TXN0001558,2026-08-30 06:20:35+00:00,53,CARD,SBI,North,M001,564.81,1,NONE
TXN0005466,2026-08-30 06:20:39+00:00,53,UPI,HDFC,East,M002,1248.61,1,NONE
TXN0004446,2026-08-30 06:20:47+00:00,53,NETBANKING,ICICI,North,M002,957.02,1,NONE
TXN0004590,2026-08-30 06:20:48+00:00,53,CARD,SBI,North,M004,983.64,0,BANK_DECLINED
TXN0006079,2026-08-30 06:20:50+00:00,53,UPI,ICICI,North,M006,5277.47,1,NONE
TXN0002290,2026-08-30 06:20:50+00:00,53,UPI,HDFC,North,M004,464.67,1,NONE
TXN0006646,2026-08-30 06:20:50+00:00,53,UPI,ICICI,West,M005,2082.31,1,NONE
TXN0005356,2026-08-30 06:20:52+00:00,53,UPI,KOTAK,North,M003,1375.03,1,NONE
TXN0001347,2026-08-30 06:20:54+00:00,53,UPI,AXIS,West,M001,1569.71,1,NONE
TXN0002451,2026-08-30 06:20:55+00:00,53,UPI,HDFC,Central,M004,1215.52,0,TIMEOUT
TXN0002488,2026-08-30 06:20:57+00:00,53,CARD,KOTAK,West,M001,4282.58,1,NONE
TXN0002016,2026-08-30 06:20:58+00:00,53,UPI,HDFC,South,M003,1273.48,1,NONE
TXN0000239,2026-08-30 06:20:58+00:00,53,UPI,ICICI,North,M006,616.11,1,NONE
TXN0002367,2026-08-30 06:20:58+00:00,53,UPI,HDFC,South,M002,4004.46,1,NONE
TXN0004973,2026-08-30 06:20:58+00:00,53,UPI,HDFC,South,M004,1403.66,1,NONE
TXN0003645,2026-08-30 06:20:59+00:00,53,CARD,HDFC,South,M003,723.22,1,NONE
TXN0002026,2026-08-30 06:20:59+00:00,53,UPI,AXIS,North,M006,11140.03,1,NONE
TXN0003712,2026-08-30 06:21:01+00:00,54,CARD,HDFC,West,M005,633.61,1,NONE
TXN0006059,2026-08-30 06:21:02+00:00,54,UPI,KOTAK,North,M005,1047.79,1,NONE
TXN0003215,2026-08-30 06:21:02+00:00,54,UPI,AXIS,West,M004,3938.09,1,NONE
TXN0001196,2026-08-30 06:21:04+00:00,54,UPI,SBI,North,M001,985.79,1,NONE
TXN0001849,2026-08-30 06:21:06+00:00,54,NETBANKING,SBI,West,M005,1645.51,1,NONE
TXN0003389,2026-08-30 06:21:10+00:00,54,NETBANKING,AXIS,Central,M002,1676.83,1,NONE
TXN0007194,2026-08-30 06:21:11+00:00,54,CARD,SBI,North,M004,790.57,1,NONE
TXN0002529,2026-08-30 06:21:13+00:00,54,UPI,HDFC,South,M006,3386.97,1,NONE
TXN0007117,2026-08-30 06:21:17+00:00,54,UPI,SBI,West,M006,1052.26,1,NONE
TXN0000271,2026-08-30 06:21:19+00:00,54,UPI,KOTAK,West,M002,1263.01,1,NONE
TXN0005320,2026-08-30 06:21:19+00:00,54,UPI,HDFC,North,M003,1157.6,1,NONE
TXN0004925,2026-08-30 06:21:20+00:00,54,UPI,ICICI,South,M006,1861.42,1,NONE
TXN0004326,2026-08-30 06:21:20+00:00,54,NETBANKING,ICICI,Central,M001,209.62,1,NONE
TXN0004573,2026-08-30 06:21:20+00:00,54,UPI,SBI,East,M001,1639.94,1,NONE
TXN0005272,2026-08-30 06:21:22+00:00,54,CARD,SBI,East,M001,1503.01,1,NONE
TXN0003228,2026-08-30 06:21:23+00:00,54,UPI,SBI,West,M004,678.66,1,NONE
TXN0000542,2026-08-30 06:21:25+00:00,54,UPI,AXIS,West,M003,5394.49,1,NONE
TXN0006401,2026-08-30 06:21:25+00:00,54,UPI,SBI,North,M006,12814.86,1,NONE
TXN0002273,2026-08-30 06:21:26+00:00,54,UPI,SBI,North,M006,812.51,1,NONE
TXN0004673,2026-08-30 06:21:28+00:00,54,UPI,HDFC,Central,M002,569.59,1,NONE
TXN0001296,2026-08-30 06:21:30+00:00,54,WALLET,SBI,West,M006,1509.53,1,NONE
TXN0004706,2026-08-30 06:21:30+00:00,54,UPI,ICICI,South,M003,178.67,1,NONE
TXN0002395,2026-08-30 06:21:33+00:00,54,UPI,HDFC,North,M002,3125.45,1,NONE
TXN0001359,2026-08-30 06:21:36+00:00,54,UPI,KOTAK,West,M002,423.63,1,NONE
TXN0001210,2026-08-30 06:21:36+00:00,54,UPI,ICICI,North,M001,1047.01,1,NONE
TXN0003917,2026-08-30 06:21:38+00:00,54,WALLET,HDFC,South,M001,224.99,1,NONE
TXN0001955,2026-08-30 06:21:41+00:00,54,UPI,SBI,South,M005,1876.59,1,NONE
TXN0006328,2026-08-30 06:21:41+00:00,54,CARD,AXIS,North,M002,2080.29,1,NONE
TXN0003577,2026-08-30 06:21:42+00:00,54,UPI,HDFC,South,M006,2260.47,1,NONE
TXN0001975,2026-08-30 06:21:45+00:00,54,CARD,ICICI,West,M004,3198.48,1,NONE
TXN0001091,2026-08-30 06:21:46+00:00,54,UPI,SBI,East,M004,1705.07,1,NONE
TXN0006295,2026-08-30 06:21:49+00:00,54,NETBANKING,HDFC,South,M001,2468.48,1,NONE
TXN0000210,2026-08-30 06:21:52+00:00,54,UPI,HDFC,South,M005,2786.2,1,NONE
TXN0006913,2026-08-30 06:21:52+00:00,54,NETBANKING,HDFC,North,M004,4145.66,1,NONE
TXN0002792,2026-08-30 06:21:52+00:00,54,UPI,SBI,Central,M005,1176.64,1,NONE
TXN0004107,2026-08-30 06:21:54+00:00,54,NETBANKING,HDFC,South,M006,382.16,1,NONE
TXN0006064,2026-08-30 06:21:54+00:00,54,UPI,ICICI,South,M001,1431.73,1,NONE
TXN0004380,2026-08-30 06:21:57+00:00,54,CARD,ICICI,East,M003,2649.15,1,NONE
TXN0001948,2026-08-30 06:21:57+00:00,54,UPI,AXIS,South,M002,2298.53,1,NONE
TXN0003314,2026-08-30 06:21:58+00:00,54,WALLET,ICICI,West,M006,538.81,1,NONE
TXN0006667,2026-08-30 06:22:00+00:00,55,CARD,SBI,North,M006,770.86,1,NONE
TXN0003470,2026-08-30 06:22:00+00:00,55,UPI,HDFC,Central,M001,1046.29,1,NONE
TXN0001916,2026-08-30 06:22:03+00:00,55,UPI,SBI,East,M004,565.48,1,NONE
TXN0002291,2026-08-30 06:22:04+00:00,55,UPI,AXIS,North,M001,587.48,1,NONE
TXN0004075,2026-08-30 06:22:05+00:00,55,UPI,HDFC,East,M005,2122.96,1,NONE
TXN0001372,2026-08-30 06:22:06+00:00,55,UPI,AXIS,South,M006,3395.74,1,NONE
TXN0003339,2026-08-30 06:22:07+00:00,55,UPI,AXIS,South,M003,192.62,1,NONE
TXN0001685,2026-08-30 06:22:08+00:00,55,UPI,ICICI,Central,M001,1477.87,1,NONE
TXN0000708,2026-08-30 06:22:10+00:00,55,UPI,KOTAK,West,M005,836.84,1,NONE
TXN0003526,2026-08-30 06:22:10+00:00,55,UPI,KOTAK,West,M006,1894.01,1,NONE
TXN0002700,2026-08-30 06:22:10+00:00,55,UPI,SBI,South,M005,1301.34,1,NONE
TXN0006917,2026-08-30 06:22:10+00:00,55,CARD,SBI,South,M005,767.41,1,NONE
TXN0001437,2026-08-30 06:22:12+00:00,55,CARD,AXIS,South,M004,526.06,1,NONE
TXN0002582,2026-08-30 06:22:16+00:00,55,UPI,SBI,West,M001,11083.11,1,NONE
TXN0004467,2026-08-30 06:22:27+00:00,55,UPI,ICICI,South,M003,1969.65,1,NONE
TXN0007115,2026-08-30 06:22:27+00:00,55,CARD,SBI,East,M004,1105.61,1,NONE
TXN0006597,2026-08-30 06:22:28+00:00,55,NETBANKING,AXIS,North,M006,2296.8,1,NONE
TXN0001621,2026-08-30 06:22:28+00:00,55,CARD,HDFC,East,M003,1348.57,1,NONE
TXN0004549,2026-08-30 06:22:28+00:00,55,UPI,SBI,West,M001,5327.05,1,NONE
TXN0004789,2026-08-30 06:22:32+00:00,55,UPI,HDFC,West,M002,737.04,1,NONE
TXN0006468,2026-08-30 06:22:32+00:00,55,NETBANKING,AXIS,South,M006,3407.42,1,NONE
TXN0006908,2026-08-30 06:22:34+00:00,55,UPI,SBI,North,M006,789.75,1,NONE
TXN0007065,2026-08-30 06:22:34+00:00,55,CARD,SBI,South,M004,1351.94,1,NONE
TXN0005412,2026-08-30 06:22:35+00:00,55,UPI,SBI,West,M005,1226.68,1,NONE
TXN0005187,2026-08-30 06:22:35+00:00,55,NETBANKING,SBI,South,M004,3954.01,1,NONE
TXN0001269,2026-08-30 06:22:36+00:00,55,CARD,AXIS,South,M002,310.85,1,NONE
TXN0006868,2026-08-30 06:22:39+00:00,55,CARD,AXIS,West,M004,876.06,1,NONE
TXN0000262,2026-08-30 06:22:40+00:00,55,CARD,ICICI,South,M006,2443.91,1,NONE
TXN0006456,2026-08-30 06:22:40+00:00,55,UPI,HDFC,South,M001,4670.69,0,INSUFFICIENT_FUNDS
TXN0004521,2026-08-30 06:22:41+00:00,55,WALLET,AXIS,South,M001,757.3,1,NONE
TXN0000151,2026-08-30 06:22:42+00:00,55,UPI,HDFC,West,M005,424.18,1,NONE
TXN0000320,2026-08-30 06:22:51+00:00,55,UPI,SBI,South,M004,663.36,1,NONE
TXN0003506,2026-08-30 06:22:53+00:00,55,UPI,ICICI,South,M006,1740.68,1,NONE
TXN0006026,2026-08-30 06:22:53+00:00,55,CARD,HDFC,East,M005,1109.06,1,NONE
TXN0004999,2026-08-30 06:22:54+00:00,55,UPI,SBI,Central,M001,3191.7,1,NONE
TXN0003548,2026-08-30 06:22:54+00:00,55,UPI,ICICI,West,M004,543.71,1,NONE
TXN0006769,2026-08-30 06:22:54+00:00,55,UPI,HDFC,West,M001,1410.18,1,NONE
TXN0004244,2026-08-30 06:22:55+00:00,55,UPI,SBI,North,M003,1400.4,1,NONE
TXN0000454,2026-08-30 06:22:55+00:00,55,WALLET,SBI,West,M006,1362.74,1,NONE
TXN0006702,2026-08-30 06:22:57+00:00,55,UPI,KOTAK,West,M002,793.82,0,BANK_DECLINED
TXN0000420,2026-08-30 06:23:01+00:00,56,WALLET,HDFC,South,M001,924.09,1,NONE
TXN0007145,2026-08-30 06:23:04+00:00,56,UPI,HDFC,North,M006,1244.12,1,NONE
TXN0000133,2026-08-30 06:23:05+00:00,56,UPI,ICICI,South,M002,1480.07,1,NONE
TXN0006440,2026-08-30 06:23:06+00:00,56,CARD,SBI,East,M003,2360.39,1,NONE
TXN0000482,2026-08-30 06:23:08+00:00,56,CARD,SBI,South,M002,493.92,1,NONE
TXN0002129,2026-08-30 06:23:09+00:00,56,NETBANKING,ICICI,South,M001,901.06,1,NONE
TXN0000449,2026-08-30 06:23:11+00:00,56,UPI,SBI,Central,M005,1747.93,1,NONE
TXN0005836,2026-08-30 06:23:12+00:00,56,CARD,ICICI,West,M001,167.79,1,NONE
TXN0005970,2026-08-30 06:23:12+00:00,56,CARD,ICICI,West,M004,256.39,1,NONE
TXN0000783,2026-08-30 06:23:13+00:00,56,CARD,HDFC,North,M006,1272.69,0,BANK_DECLINED
TXN0001538,2026-08-30 06:23:14+00:00,56,CARD,KOTAK,South,M001,2709.7,1,NONE
TXN0001382,2026-08-30 06:23:15+00:00,56,WALLET,ICICI,West,M002,4506.76,1,NONE
TXN0000364,2026-08-30 06:23:17+00:00,56,CARD,SBI,South,M003,1013.16,1,NONE
TXN0000640,2026-08-30 06:23:21+00:00,56,UPI,HDFC,East,M006,2339.23,1,NONE
TXN0005464,2026-08-30 06:23:23+00:00,56,UPI,AXIS,Central,M001,1630.95,1,NONE
TXN0001908,2026-08-30 06:23:23+00:00,56,CARD,KOTAK,South,M005,239.37,1,NONE
TXN0006981,2026-08-30 06:23:24+00:00,56,UPI,SBI,West,M004,230.3,0,INSUFFICIENT_FUNDS
TXN0002159,2026-08-30 06:23:25+00:00,56,CARD,SBI,West,M004,869.73,1,NONE
TXN0004233,2026-08-30 06:23:28+00:00,56,NETBANKING,ICICI,West,M006,1231.95,1,NONE
TXN0003233,2026-08-30 06:23:30+00:00,56,UPI,HDFC,West,M006,2282.1,1,NONE
TXN0000586,2026-08-30 06:23:31+00:00,56,UPI,SBI,West,M006,5592.46,1,NONE
TXN0002982,2026-08-30 06:23:31+00:00,56,NETBANKING,AXIS,South,M005,4339.52,1,NONE
TXN0004698,2026-08-30 06:23:32+00:00,56,UPI,ICICI,South,M005,1371.01,1,NONE
TXN0003648,2026-08-30 06:23:35+00:00,56,CARD,AXIS,East,M004,2445.99,1,NONE
TXN0004359,2026-08-30 06:23:37+00:00,56,UPI,AXIS,North,M005,3520.8,1,NONE
TXN0006225,2026-08-30 06:23:39+00:00,56,UPI,HDFC,East,M006,1825.95,1,NONE
TXN0006812,2026-08-30 06:23:41+00:00,56,UPI,ICICI,North,M002,1949.55,1,NONE
TXN0002193,2026-08-30 06:23:42+00:00,56,WALLET,AXIS,South,M006,2566.7,1,NONE
TXN0005567,2026-08-30 06:23:44+00:00,56,UPI,KOTAK,North,M004,6707.22,1,NONE
TXN0002840,2026-08-30 06:23:44+00:00,56,WALLET,ICICI,West,M003,1527.18,1,NONE
TXN0006744,2026-08-30 06:23:44+00:00,56,CARD,ICICI,South,M002,1269.05,1,NONE
TXN0004398,2026-08-30 06:23:46+00:00,56,UPI,ICICI,South,M001,898.81,1,NONE
TXN0005303,2026-08-30 06:23:48+00:00,56,WALLET,AXIS,South,M002,2087.87,1,NONE
TXN0006728,2026-08-30 06:23:49+00:00,56,UPI,SBI,Central,M006,514.31,1,NONE
TXN0001386,2026-08-30 06:23:49+00:00,56,CARD,HDFC,Central,M003,529.36,1,NONE
TXN0003666,2026-08-30 06:23:50+00:00,56,UPI,AXIS,West,M001,99.42,1,NONE
TXN0003437,2026-08-30 06:23:52+00:00,56,NETBANKING,SBI,East,M004,2784.34,1,NONE
TXN0006361,2026-08-30 06:23:55+00:00,56,UPI,SBI,East,M006,311.42,1,NONE
TXN0003571,2026-08-30 06:23:58+00:00,56,UPI,KOTAK,West,M006,3806.17,1,NONE
TXN0005834,2026-08-30 06:23:59+00:00,56,UPI,AXIS,West,M004,2067.82,1,NONE
TXN0001700,2026-08-30 06:24:00+00:00,57,CARD,AXIS,West,M005,2276.68,1,NONE
TXN0005664,2026-08-30 06:24:03+00:00,57,UPI,AXIS,Central,M006,2675.39,1,NONE
TXN0002902,2026-08-30 06:24:06+00:00,57,CARD,HDFC,North,M005,1063.56,1,NONE
TXN0006786,2026-08-30 06:24:08+00:00,57,CARD,HDFC,Central,M005,1087.4,1,NONE
TXN0004240,2026-08-30 06:24:09+00:00,57,UPI,AXIS,West,M005,1522.2,1,NONE
TXN0003796,2026-08-30 06:24:10+00:00,57,UPI,SBI,West,M004,1213.24,1,NONE
TXN0001533,2026-08-30 06:24:14+00:00,57,CARD,KOTAK,Central,M005,2754.37,1,NONE
TXN0004903,2026-08-30 06:24:16+00:00,57,CARD,HDFC,South,M005,1681.72,1,NONE
TXN0003512,2026-08-30 06:24:16+00:00,57,UPI,AXIS,South,M005,1707.64,1,NONE
TXN0001338,2026-08-30 06:24:17+00:00,57,CARD,ICICI,East,M005,7451.99,0,BANK_DECLINED
TXN0006084,2026-08-30 06:24:18+00:00,57,UPI,ICICI,South,M001,1431.22,1,NONE
TXN0001523,2026-08-30 06:24:18+00:00,57,NETBANKING,SBI,West,M004,1550.54,1,NONE
TXN0002659,2026-08-30 06:24:19+00:00,57,CARD,HDFC,East,M002,263.24,1,NONE
TXN0005613,2026-08-30 06:24:23+00:00,57,UPI,SBI,South,M005,1122.64,1,NONE
TXN0006972,2026-08-30 06:24:27+00:00,57,CARD,ICICI,South,M001,1381.76,1,NONE
TXN0005015,2026-08-30 06:24:31+00:00,57,UPI,SBI,North,M001,791.79,1,NONE
TXN0006856,2026-08-30 06:24:31+00:00,57,UPI,SBI,East,M002,2428.61,1,NONE
TXN0004395,2026-08-30 06:24:34+00:00,57,NETBANKING,ICICI,West,M001,5383.18,1,NONE
TXN0003055,2026-08-30 06:24:35+00:00,57,UPI,HDFC,Central,M003,8385.37,1,NONE
TXN0003264,2026-08-30 06:24:37+00:00,57,UPI,ICICI,South,M002,2193.32,1,NONE
TXN0001938,2026-08-30 06:24:38+00:00,57,UPI,SBI,South,M005,920.17,1,NONE
TXN0001688,2026-08-30 06:24:39+00:00,57,NETBANKING,AXIS,South,M001,2996.96,0,CUSTOMER_CANCELLED
TXN0005884,2026-08-30 06:24:41+00:00,57,NETBANKING,HDFC,West,M003,1901.87,1,NONE
TXN0006768,2026-08-30 06:24:44+00:00,57,WALLET,AXIS,North,M006,1119.28,1,NONE
TXN0004489,2026-08-30 06:24:44+00:00,57,UPI,HDFC,West,M004,1525.33,1,NONE
TXN0000184,2026-08-30 06:24:45+00:00,57,CARD,HDFC,Central,M006,1419.19,1,NONE
TXN0003295,2026-08-30 06:24:45+00:00,57,UPI,KOTAK,South,M005,1399.62,1,NONE
TXN0007055,2026-08-30 06:24:47+00:00,57,UPI,SBI,North,M001,2584.82,1,NONE
TXN0002952,2026-08-30 06:24:47+00:00,57,NETBANKING,HDFC,South,M003,4811.17,1,NONE
TXN0005520,2026-08-30 06:24:48+00:00,57,CARD,ICICI,North,M001,698.8,0,BANK_DECLINED
TXN0005070,2026-08-30 06:24:49+00:00,57,NETBANKING,AXIS,West,M003,1308.79,0,TIMEOUT
TXN0000191,2026-08-30 06:24:49+00:00,57,UPI,SBI,West,M003,6340.82,1,NONE
TXN0002766,2026-08-30 06:24:50+00:00,57,CARD,SBI,West,M006,429.64,1,NONE
TXN0002059,2026-08-30 06:24:52+00:00,57,UPI,HDFC,South,M004,1593.83,1,NONE
TXN0005241,2026-08-30 06:24:54+00:00,57,UPI,KOTAK,West,M005,4287.25,1,NONE
TXN0006062,2026-08-30 06:24:55+00:00,57,CARD,HDFC,Central,M003,4069.12,1,NONE
TXN0004414,2026-08-30 06:24:55+00:00,57,UPI,AXIS,South,M004,1551.14,1,NONE
TXN0002834,2026-08-30 06:24:57+00:00,57,UPI,ICICI,North,M006,1102.18,1,NONE
TXN0000033,2026-08-30 06:24:58+00:00,57,UPI,KOTAK,South,M001,812.42,1,NONE
TXN0006958,2026-08-30 06:24:59+00:00,57,UPI,HDFC,Central,M004,2586.14,1,NONE
TXN0001992,2026-08-30 06:25:00+00:00,58,UPI,HDFC,North,M002,830.59,1,NONE
TXN0002734,2026-08-30 06:25:05+00:00,58,WALLET,SBI,Central,M002,1297.73,1,NONE
TXN0001844,2026-08-30 06:25:05+00:00,58,WALLET,AXIS,West,M006,1249.66,1,NONE
TXN0002665,2026-08-30 06:25:05+00:00,58,UPI,HDFC,Central,M004,790.33,1,NONE
TXN0003466,2026-08-30 06:25:07+00:00,58,CARD,KOTAK,Central,M002,481.91,1,NONE
TXN0005076,2026-08-30 06:25:09+00:00,58,UPI,ICICI,East,M002,3722.84,1,NONE
TXN0004530,2026-08-30 06:25:09+00:00,58,UPI,KOTAK,Central,M004,1123.64,1,NONE
TXN0005756,2026-08-30 06:25:10+00:00,58,CARD,SBI,East,M005,3636.61,1,NONE
TXN0001175,2026-08-30 06:25:13+00:00,58,CARD,SBI,West,M005,4322.74,1,NONE
TXN0000656,2026-08-30 06:25:18+00:00,58,WALLET,AXIS,West,M003,1641.61,1,NONE
TXN0000392,2026-08-30 06:25:21+00:00,58,NETBANKING,ICICI,Central,M002,616.12,1,NONE
TXN0001231,2026-08-30 06:25:21+00:00,58,UPI,HDFC,South,M003,3125.07,1,NONE
TXN0007037,2026-08-30 06:25:22+00:00,58,CARD,KOTAK,West,M005,1007.28,1,NONE
TXN0006402,2026-08-30 06:25:22+00:00,58,UPI,ICICI,Central,M004,691.65,1,NONE
TXN0004569,2026-08-30 06:25:22+00:00,58,UPI,ICICI,South,M006,1094.06,1,NONE
TXN0006048,2026-08-30 06:25:22+00:00,58,UPI,SBI,West,M002,2835.9,1,NONE
TXN0004758,2026-08-30 06:25:23+00:00,58,NETBANKING,SBI,West,M006,1214.65,0,TIMEOUT
TXN0003812,2026-08-30 06:25:25+00:00,58,UPI,HDFC,West,M001,965.52,1,NONE
TXN0001738,2026-08-30 06:25:27+00:00,58,UPI,KOTAK,North,M006,2300.39,1,NONE
TXN0005826,2026-08-30 06:25:29+00:00,58,UPI,KOTAK,West,M005,507.38,1,NONE
TXN0000547,2026-08-30 06:25:30+00:00,58,UPI,ICICI,West,M005,977.46,1,NONE
TXN0004571,2026-08-30 06:25:35+00:00,58,UPI,SBI,Central,M005,4549.85,1,NONE
TXN0000866,2026-08-30 06:25:38+00:00,58,CARD,SBI,South,M004,1923.42,1,NONE
TXN0004498,2026-08-30 06:25:44+00:00,58,UPI,SBI,South,M004,1456.51,1,NONE
TXN0002865,2026-08-30 06:25:46+00:00,58,UPI,SBI,South,M001,1213.17,1,NONE
TXN0001945,2026-08-30 06:25:50+00:00,58,CARD,AXIS,South,M003,777.93,1,NONE
TXN0002776,2026-08-30 06:25:51+00:00,58,NETBANKING,HDFC,South,M006,1784.77,1,NONE
TXN0002259,2026-08-30 06:25:51+00:00,58,WALLET,HDFC,East,M001,3412.66,1,NONE
TXN0001039,2026-08-30 06:25:51+00:00,58,CARD,HDFC,South,M003,547.87,1,NONE
TXN0006927,2026-08-30 06:25:51+00:00,58,UPI,SBI,East,M001,9044.08,1,NONE
TXN0000880,2026-08-30 06:25:53+00:00,58,UPI,SBI,North,M001,4135.81,1,NONE
TXN0005401,2026-08-30 06:25:53+00:00,58,UPI,SBI,South,M001,311.26,1,NONE
TXN0004004,2026-08-30 06:25:55+00:00,58,UPI,HDFC,West,M003,4094.52,1,NONE
TXN0005125,2026-08-30 06:25:57+00:00,58,CARD,KOTAK,East,M002,2114.02,1,NONE
TXN0007133,2026-08-30 06:25:57+00:00,58,UPI,AXIS,East,M002,4178.42,1,NONE
TXN0004321,2026-08-30 06:25:58+00:00,58,UPI,SBI,South,M005,1002.69,1,NONE
TXN0005770,2026-08-30 06:25:58+00:00,58,UPI,HDFC,East,M006,260.39,1,NONE
TXN0003435,2026-08-30 06:25:58+00:00,58,CARD,AXIS,Central,M003,1068.1,1,NONE
TXN0001744,2026-08-30 06:25:59+00:00,58,UPI,HDFC,East,M003,196.87,1,NONE
TXN0005036,2026-08-30 06:25:59+00:00,58,CARD,ICICI,East,M003,6018.49,1,NONE
TXN0006991,2026-08-30 06:26:02+00:00,59,UPI,SBI,North,M003,455.65,0,CUSTOMER_CANCELLED
TXN0001853,2026-08-30 06:26:02+00:00,59,UPI,SBI,West,M001,925.36,1,NONE
TXN0006945,2026-08-30 06:26:04+00:00,59,UPI,ICICI,West,M005,4908.76,1,NONE
TXN0007101,2026-08-30 06:26:05+00:00,59,CARD,HDFC,East,M002,2016.03,1,NONE
TXN0001265,2026-08-30 06:26:06+00:00,59,NETBANKING,KOTAK,Central,M004,1459.34,1,NONE
TXN0004126,2026-08-30 06:26:06+00:00,59,UPI,ICICI,North,M001,584.23,1,NONE
TXN0007132,2026-08-30 06:26:07+00:00,59,NETBANKING,AXIS,North,M003,923.45,1,NONE
TXN0002795,2026-08-30 06:26:07+00:00,59,CARD,ICICI,North,M003,1003.08,1,NONE
TXN0001424,2026-08-30 06:26:09+00:00,59,UPI,SBI,North,M003,3496.78,1,NONE
TXN0001040,2026-08-30 06:26:10+00:00,59,CARD,KOTAK,North,M001,2118.32,1,NONE
TXN0004655,2026-08-30 06:26:11+00:00,59,UPI,KOTAK,South,M002,402.04,1,NONE
TXN0002218,2026-08-30 06:26:13+00:00,59,UPI,ICICI,East,M006,1162.38,0,BANK_DECLINED
TXN0000469,2026-08-30 06:26:17+00:00,59,CARD,AXIS,Central,M002,1760.09,1,NONE
TXN0003405,2026-08-30 06:26:18+00:00,59,UPI,KOTAK,South,M006,6428.73,0,BANK_DECLINED
TXN0001576,2026-08-30 06:26:20+00:00,59,CARD,AXIS,South,M002,3140.85,1,NONE
TXN0001293,2026-08-30 06:26:20+00:00,59,UPI,SBI,West,M005,801.01,1,NONE
TXN0001980,2026-08-30 06:26:21+00:00,59,NETBANKING,HDFC,East,M002,3093.43,1,NONE
TXN0004228,2026-08-30 06:26:23+00:00,59,UPI,SBI,South,M002,1230.37,1,NONE
TXN0006289,2026-08-30 06:26:25+00:00,59,UPI,SBI,East,M002,4566.07,1,NONE
TXN0003114,2026-08-30 06:26:26+00:00,59,UPI,AXIS,South,M006,4790.89,1,NONE
TXN0003856,2026-08-30 06:26:28+00:00,59,WALLET,KOTAK,West,M001,10008.05,1,NONE
TXN0005287,2026-08-30 06:26:31+00:00,59,UPI,HDFC,South,M004,1251.57,1,NONE
TXN0000193,2026-08-30 06:26:31+00:00,59,CARD,ICICI,East,M005,806.52,1,NONE
TXN0001461,2026-08-30 06:26:32+00:00,59,CARD,KOTAK,North,M004,645.72,1,NONE
TXN0003199,2026-08-30 06:26:35+00:00,59,CARD,ICICI,South,M004,1680.27,1,NONE
TXN0000807,2026-08-30 06:26:36+00:00,59,UPI,KOTAK,Central,M003,373.37,1,NONE
TXN0005796,2026-08-30 06:26:38+00:00,59,UPI,AXIS,East,M006,911.3,1,NONE
TXN0002955,2026-08-30 06:26:39+00:00,59,CARD,HDFC,West,M004,1642.66,1,NONE
TXN0002657,2026-08-30 06:26:39+00:00,59,CARD,HDFC,West,M003,20877.92,0,CUSTOMER_CANCELLED
TXN0001404,2026-08-30 06:26:40+00:00,59,NETBANKING,HDFC,West,M002,557.6,1,NONE
TXN0006379,2026-08-30 06:26:43+00:00,59,UPI,HDFC,West,M001,513.01,1,NONE
TXN0005645,2026-08-30 06:26:45+00:00,59,UPI,SBI,South,M006,1898.76,1,NONE
TXN0002271,2026-08-30 06:26:45+00:00,59,NETBANKING,SBI,West,M001,2903.43,1,NONE
TXN0002562,2026-08-30 06:26:48+00:00,59,UPI,ICICI,North,M001,1151.89,0,TIMEOUT
TXN0004409,2026-08-30 06:26:50+00:00,59,NETBANKING,HDFC,South,M006,256.41,1,NONE
TXN0002298,2026-08-30 06:26:50+00:00,59,CARD,AXIS,West,M002,607.54,1,NONE
TXN0000376,2026-08-30 06:26:54+00:00,59,UPI,HDFC,West,M003,785.85,1,NONE
TXN0002399,2026-08-30 06:26:55+00:00,59,UPI,HDFC,South,M003,1587.77,1,NONE
TXN0005648,2026-08-30 06:26:56+00:00,59,UPI,HDFC,North,M001,1672.65,1,NONE
TXN0006115,2026-08-30 06:26:56+00:00,59,UPI,KOTAK,South,M003,605.7,1,NONE
TXN0003713,2026-08-30 06:27:02+00:00,60,CARD,SBI,West,M006,3817.47,1,NONE
TXN0001568,2026-08-30 06:27:03+00:00,60,NETBANKING,AXIS,West,M005,5598.0,1,NONE
TXN0005120,2026-08-30 06:27:03+00:00,60,UPI,KOTAK,North,M005,532.17,1,NONE
TXN0002715,2026-08-30 06:27:03+00:00,60,CARD,AXIS,East,M002,3685.51,1,NONE
TXN0004897,2026-08-30 06:27:03+00:00,60,CARD,ICICI,South,M005,1033.17,1,NONE
TXN0001607,2026-08-30 06:27:04+00:00,60,UPI,SBI,Central,M003,809.18,1,NONE
TXN0002122,2026-08-30 06:27:08+00:00,60,UPI,HDFC,East,M004,2717.83,1,NONE
TXN0000478,2026-08-30 06:27:12+00:00,60,UPI,KOTAK,Central,M005,649.12,1,NONE
TXN0000477,2026-08-30 06:27:15+00:00,60,UPI,ICICI,North,M006,3448.49,1,NONE
TXN0005956,2026-08-30 06:27:16+00:00,60,UPI,KOTAK,Central,M006,4476.2,1,NONE
TXN0006759,2026-08-30 06:27:17+00:00,60,UPI,HDFC,East,M006,835.57,1,NONE
TXN0001285,2026-08-30 06:27:20+00:00,60,WALLET,ICICI,West,M004,1280.34,1,NONE
TXN0003216,2026-08-30 06:27:20+00:00,60,NETBANKING,HDFC,Central,M005,1322.69,1,NONE
TXN0004681,2026-08-30 06:27:22+00:00,60,UPI,AXIS,South,M002,1668.56,1,NONE
TXN0001691,2026-08-30 06:27:22+00:00,60,UPI,HDFC,Central,M003,702.07,1,NONE
TXN0005481,2026-08-30 06:27:23+00:00,60,UPI,AXIS,North,M006,991.07,1,NONE
TXN0007118,2026-08-30 06:27:29+00:00,60,UPI,ICICI,East,M006,399.06,1,NONE
TXN0002580,2026-08-30 06:27:29+00:00,60,UPI,SBI,South,M004,343.77,1,NONE
TXN0005976,2026-08-30 06:27:30+00:00,60,CARD,SBI,South,M002,1107.46,1,NONE
TXN0002248,2026-08-30 06:27:30+00:00,60,NETBANKING,AXIS,Central,M003,2341.35,1,NONE
TXN0001876,2026-08-30 06:27:33+00:00,60,UPI,AXIS,North,M001,1457.72,1,NONE
TXN0000004,2026-08-30 06:27:38+00:00,60,WALLET,ICICI,West,M005,2110.66,1,NONE
TXN0001796,2026-08-30 06:27:38+00:00,60,NETBANKING,HDFC,North,M003,875.71,1,NONE
TXN0004425,2026-08-30 06:27:39+00:00,60,UPI,ICICI,East,M003,5658.8,1,NONE
TXN0000348,2026-08-30 06:27:41+00:00,60,UPI,AXIS,West,M002,6434.56,1,NONE
TXN0003570,2026-08-30 06:27:42+00:00,60,UPI,AXIS,West,M002,1197.34,1,NONE
TXN0002590,2026-08-30 06:27:43+00:00,60,UPI,SBI,South,M006,286.42,1,NONE
TXN0003355,2026-08-30 06:27:43+00:00,60,UPI,SBI,Central,M001,1658.07,0,BANK_DECLINED
TXN0006719,2026-08-30 06:27:44+00:00,60,CARD,SBI,South,M002,996.33,1,NONE
TXN0000498,2026-08-30 06:27:46+00:00,60,UPI,KOTAK,West,M005,864.87,1,NONE
TXN0005385,2026-08-30 06:27:47+00:00,60,CARD,ICICI,West,M001,4702.21,1,NONE
TXN0006265,2026-08-30 06:27:47+00:00,60,CARD,HDFC,Central,M003,2307.57,1,NONE
TXN0006179,2026-08-30 06:27:48+00:00,60,CARD,KOTAK,South,M003,860.74,1,NONE
TXN0000530,2026-08-30 06:27:49+00:00,60,UPI,SBI,North,M004,4331.82,1,NONE
TXN0006506,2026-08-30 06:27:49+00:00,60,UPI,SBI,Central,M005,221.95,1,NONE
TXN0000584,2026-08-30 06:27:55+00:00,60,NETBANKING,SBI,North,M004,2378.03,1,NONE
TXN0003474,2026-08-30 06:27:56+00:00,60,UPI,SBI,Central,M005,1747.1,1,NONE
TXN0005650,2026-08-30 06:27:56+00:00,60,CARD,HDFC,North,M006,193.96,0,TIMEOUT
TXN0003290,2026-08-30 06:27:57+00:00,60,UPI,ICICI,North,M005,1981.8,0,BANK_DECLINED
TXN0004683,2026-08-30 06:27:59+00:00,60,WALLET,AXIS,East,M006,1888.12,1,NONE
TXN0006954,2026-08-30 06:28:00+00:00,61,NETBANKING,HDFC,North,M002,2168.21,1,NONE
TXN0000181,2026-08-30 06:28:02+00:00,61,CARD,AXIS,North,M001,1151.17,1,NONE
TXN0001706,2026-08-30 06:28:03+00:00,61,UPI,SBI,South,M006,1314.99,1,NONE
TXN0002617,2026-08-30 06:28:03+00:00,61,CARD,HDFC,West,M005,2743.71,1,NONE
TXN0002208,2026-08-30 06:28:04+00:00,61,NETBANKING,AXIS,North,M003,495.99,1,NONE
TXN0005072,2026-08-30 06:28:06+00:00,61,CARD,HDFC,South,M005,3499.1,1,NONE
TXN0004581,2026-08-30 06:28:06+00:00,61,UPI,HDFC,West,M005,871.1,1,NONE
TXN0003742,2026-08-30 06:28:07+00:00,61,UPI,SBI,West,M001,3357.38,1,NONE
TXN0004461,2026-08-30 06:28:13+00:00,61,CARD,AXIS,North,M001,1456.26,1,NONE
TXN0006863,2026-08-30 06:28:13+00:00,61,UPI,SBI,West,M004,338.68,1,NONE
TXN0004478,2026-08-30 06:28:15+00:00,61,UPI,AXIS,West,M002,243.03,1,NONE
TXN0005211,2026-08-30 06:28:15+00:00,61,UPI,HDFC,South,M003,1758.84,1,NONE
TXN0006651,2026-08-30 06:28:17+00:00,61,UPI,AXIS,North,M005,1655.94,1,NONE
TXN0004416,2026-08-30 06:28:17+00:00,61,WALLET,SBI,West,M003,2051.82,1,NONE
TXN0006449,2026-08-30 06:28:18+00:00,61,CARD,AXIS,South,M004,1631.3,1,NONE
TXN0001937,2026-08-30 06:28:19+00:00,61,CARD,SBI,East,M006,1831.46,1,NONE
TXN0002000,2026-08-30 06:28:20+00:00,61,NETBANKING,KOTAK,North,M001,577.78,1,NONE
TXN0002205,2026-08-30 06:28:22+00:00,61,CARD,AXIS,South,M005,2743.94,1,NONE
TXN0005054,2026-08-30 06:28:22+00:00,61,NETBANKING,AXIS,South,M006,1965.57,1,NONE
TXN0005750,2026-08-30 06:28:29+00:00,61,CARD,ICICI,North,M004,1559.58,0,BANK_DECLINED
TXN0004319,2026-08-30 06:28:29+00:00,61,UPI,SBI,North,M004,361.58,1,NONE
TXN0004635,2026-08-30 06:28:31+00:00,61,CARD,AXIS,East,M006,1293.96,1,NONE
TXN0006411,2026-08-30 06:28:32+00:00,61,UPI,ICICI,West,M005,1047.39,1,NONE
TXN0002822,2026-08-30 06:28:36+00:00,61,WALLET,HDFC,Central,M004,2070.85,1,NONE
TXN0002284,2026-08-30 06:28:43+00:00,61,UPI,SBI,South,M002,1053.18,1,NONE
TXN0003445,2026-08-30 06:28:43+00:00,61,UPI,SBI,East,M001,1401.59,1,NONE
TXN0004133,2026-08-30 06:28:46+00:00,61,UPI,AXIS,West,M002,187.68,1,NONE
TXN0005611,2026-08-30 06:28:48+00:00,61,UPI,AXIS,South,M003,5029.82,1,NONE
TXN0001124,2026-08-30 06:28:48+00:00,61,CARD,ICICI,East,M005,2101.39,1,NONE
TXN0001694,2026-08-30 06:28:51+00:00,61,UPI,ICICI,South,M001,2989.46,1,NONE
TXN0006979,2026-08-30 06:28:51+00:00,61,CARD,HDFC,South,M005,3569.13,1,NONE
TXN0003030,2026-08-30 06:28:53+00:00,61,UPI,AXIS,North,M006,2873.29,1,NONE
TXN0002721,2026-08-30 06:28:54+00:00,61,UPI,KOTAK,West,M001,463.91,1,NONE
TXN0007002,2026-08-30 06:28:55+00:00,61,UPI,SBI,South,M006,2481.25,1,NONE
TXN0006202,2026-08-30 06:28:56+00:00,61,CARD,ICICI,North,M002,1536.45,1,NONE
TXN0006508,2026-08-30 06:28:56+00:00,61,CARD,ICICI,East,M001,1283.53,1,NONE
TXN0001081,2026-08-30 06:28:57+00:00,61,UPI,SBI,South,M006,1463.35,1,NONE
TXN0001653,2026-08-30 06:28:57+00:00,61,UPI,KOTAK,South,M004,1763.4,1,NONE
TXN0000939,2026-08-30 06:28:58+00:00,61,WALLET,SBI,East,M004,4660.39,1,NONE
TXN0001762,2026-08-30 06:28:59+00:00,61,UPI,SBI,West,M003,425.57,1,NONE
TXN0003813,2026-08-30 06:29:00+00:00,62,UPI,ICICI,West,M001,3186.01,1,NONE
TXN0003736,2026-08-30 06:29:00+00:00,62,UPI,SBI,West,M001,1998.74,1,NONE
TXN0003299,2026-08-30 06:29:04+00:00,62,CARD,SBI,North,M005,1675.08,1,NONE
TXN0004428,2026-08-30 06:29:04+00:00,62,WALLET,AXIS,East,M001,4203.63,1,NONE
TXN0003122,2026-08-30 06:29:07+00:00,62,UPI,ICICI,North,M002,2616.31,0,INSUFFICIENT_FUNDS
TXN0001626,2026-08-30 06:29:13+00:00,62,UPI,HDFC,West,M003,903.96,1,NONE
TXN0002321,2026-08-30 06:29:16+00:00,62,UPI,AXIS,North,M006,3607.36,1,NONE
TXN0006335,2026-08-30 06:29:17+00:00,62,NETBANKING,HDFC,North,M001,3936.8,1,NONE
TXN0003987,2026-08-30 06:29:22+00:00,62,NETBANKING,AXIS,South,M003,840.92,1,NONE
TXN0005345,2026-08-30 06:29:26+00:00,62,UPI,KOTAK,Central,M002,5350.28,1,NONE
TXN0003686,2026-08-30 06:29:27+00:00,62,UPI,HDFC,South,M002,2089.63,1,NONE
TXN0005361,2026-08-30 06:29:27+00:00,62,CARD,ICICI,South,M002,1682.75,1,NONE
TXN0005282,2026-08-30 06:29:29+00:00,62,UPI,AXIS,West,M003,525.07,1,NONE
TXN0005233,2026-08-30 06:29:31+00:00,62,UPI,ICICI,North,M003,192.81,1,NONE
TXN0001717,2026-08-30 06:29:31+00:00,62,WALLET,KOTAK,South,M001,805.06,1,NONE
TXN0005609,2026-08-30 06:29:34+00:00,62,WALLET,AXIS,Central,M006,1226.84,1,NONE
TXN0007164,2026-08-30 06:29:34+00:00,62,CARD,ICICI,East,M004,1758.1,1,NONE
TXN0000249,2026-08-30 06:29:36+00:00,62,NETBANKING,HDFC,West,M006,476.2,1,NONE
TXN0002464,2026-08-30 06:29:36+00:00,62,CARD,KOTAK,West,M002,2720.46,1,NONE
TXN0004265,2026-08-30 06:29:37+00:00,62,UPI,ICICI,West,M001,542.05,1,NONE
TXN0006542,2026-08-30 06:29:38+00:00,62,CARD,AXIS,East,M003,4648.05,1,NONE
TXN0006388,2026-08-30 06:29:40+00:00,62,WALLET,SBI,North,M005,703.92,1,NONE
TXN0003538,2026-08-30 06:29:43+00:00,62,UPI,HDFC,North,M002,1729.94,0,INSUFFICIENT_FUNDS
TXN0000844,2026-08-30 06:29:43+00:00,62,CARD,HDFC,West,M003,2043.36,1,NONE
TXN0005507,2026-08-30 06:29:43+00:00,62,NETBANKING,ICICI,North,M003,392.17,1,NONE
TXN0006773,2026-08-30 06:29:44+00:00,62,UPI,ICICI,East,M004,370.3,1,NONE
TXN0002695,2026-08-30 06:29:45+00:00,62,NETBANKING,ICICI,South,M001,1553.19,1,NONE
TXN0003877,2026-08-30 06:29:48+00:00,62,CARD,ICICI,Central,M001,1289.85,1,NONE
TXN0007031,2026-08-30 06:29:48+00:00,62,UPI,AXIS,North,M002,1737.8,1,NONE
TXN0003573,2026-08-30 06:29:50+00:00,62,UPI,AXIS,West,M002,1085.1,1,NONE
TXN0001377,2026-08-30 06:29:50+00:00,62,UPI,SBI,South,M003,293.83,1,NONE
TXN0003807,2026-08-30 06:29:52+00:00,62,CARD,HDFC,West,M001,12860.24,1,NONE
TXN0006808,2026-08-30 06:29:53+00:00,62,WALLET,HDFC,East,M001,1350.41,1,NONE
TXN0001575,2026-08-30 06:29:54+00:00,62,UPI,SBI,East,M003,1640.37,1,NONE
TXN0004930,2026-08-30 06:29:54+00:00,62,UPI,AXIS,South,M005,6713.54,1,NONE
TXN0000853,2026-08-30 06:29:56+00:00,62,UPI,KOTAK,West,M004,6963.17,1,NONE
TXN0002338,2026-08-30 06:29:57+00:00,62,UPI,HDFC,West,M001,463.2,1,NONE
TXN0000291,2026-08-30 06:29:57+00:00,62,NETBANKING,HDFC,North,M002,3043.57,0,CUSTOMER_CANCELLED
TXN0000460,2026-08-30 06:29:58+00:00,62,CARD,SBI,East,M003,1259.48,1,NONE
TXN0000265,2026-08-30 06:29:59+00:00,62,UPI,ICICI,South,M003,1309.95,1,NONE
TXN0004847,2026-08-30 06:30:01+00:00,63,NETBANKING,SBI,North,M006,1384.0,0,INSUFFICIENT_FUNDS
TXN0004089,2026-08-30 06:30:02+00:00,63,UPI,AXIS,East,M001,4747.09,1,NONE
TXN0001425,2026-08-30 06:30:06+00:00,63,UPI,SBI,North,M002,650.36,1,NONE
TXN0003767,2026-08-30 06:30:09+00:00,63,UPI,SBI,South,M006,1023.05,1,NONE
TXN0005179,2026-08-30 06:30:11+00:00,63,CARD,KOTAK,South,M001,1759.48,1,NONE
TXN0003923,2026-08-30 06:30:13+00:00,63,CARD,ICICI,Central,M004,907.9,1,NONE
TXN0005898,2026-08-30 06:30:15+00:00,63,UPI,AXIS,North,M005,684.52,1,NONE
TXN0004754,2026-08-30 06:30:16+00:00,63,UPI,AXIS,North,M006,1651.52,1,NONE
TXN0006487,2026-08-30 06:30:17+00:00,63,CARD,HDFC,East,M004,290.42,1,NONE
TXN0001066,2026-08-30 06:30:17+00:00,63,UPI,AXIS,West,M001,1379.17,1,NONE
TXN0003934,2026-08-30 06:30:18+00:00,63,CARD,SBI,East,M002,3744.99,1,NONE
TXN0005953,2026-08-30 06:30:18+00:00,63,CARD,SBI,East,M001,3965.53,1,NONE
TXN0000541,2026-08-30 06:30:19+00:00,63,UPI,SBI,North,M001,893.0,1,NONE
TXN0004193,2026-08-30 06:30:21+00:00,63,UPI,HDFC,West,M005,939.56,1,NONE
TXN0003564,2026-08-30 06:30:22+00:00,63,UPI,AXIS,South,M005,4992.1,1,NONE
TXN0005912,2026-08-30 06:30:23+00:00,63,UPI,KOTAK,East,M004,1102.93,1,NONE
TXN0002497,2026-08-30 06:30:23+00:00,63,CARD,ICICI,North,M001,2498.02,1,NONE
TXN0006240,2026-08-30 06:30:23+00:00,63,NETBANKING,SBI,Central,M002,1033.03,1,NONE
TXN0003344,2026-08-30 06:30:24+00:00,63,UPI,HDFC,South,M004,797.64,0,BANK_DECLINED
TXN0004881,2026-08-30 06:30:25+00:00,63,UPI,ICICI,South,M004,2216.49,1,NONE
TXN0006946,2026-08-30 06:30:28+00:00,63,UPI,ICICI,Central,M003,2801.1,1,NONE
TXN0002076,2026-08-30 06:30:30+00:00,63,CARD,SBI,Central,M006,973.22,1,NONE
TXN0003074,2026-08-30 06:30:33+00:00,63,WALLET,HDFC,East,M004,3222.29,1,NONE
TXN0006851,2026-08-30 06:30:35+00:00,63,CARD,KOTAK,East,M002,1630.59,1,NONE
TXN0005576,2026-08-30 06:30:39+00:00,63,UPI,HDFC,North,M003,765.82,1,NONE
TXN0005586,2026-08-30 06:30:40+00:00,63,NETBANKING,SBI,South,M001,1583.02,1,NONE
TXN0005201,2026-08-30 06:30:40+00:00,63,NETBANKING,HDFC,Central,M005,1683.38,1,NONE
TXN0006027,2026-08-30 06:30:41+00:00,63,CARD,HDFC,South,M005,1021.22,1,NONE
TXN0006031,2026-08-30 06:30:44+00:00,63,UPI,KOTAK,West,M001,7026.87,1,NONE
TXN0006192,2026-08-30 06:30:45+00:00,63,UPI,ICICI,South,M001,5094.3,1,NONE
TXN0000805,2026-08-30 06:30:45+00:00,63,UPI,ICICI,East,M003,1782.45,1,NONE
TXN0006780,2026-08-30 06:30:47+00:00,63,CARD,AXIS,North,M005,3120.91,1,NONE
TXN0001014,2026-08-30 06:30:49+00:00,63,CARD,AXIS,East,M005,1562.29,1,NONE
TXN0003875,2026-08-30 06:30:50+00:00,63,CARD,SBI,South,M003,980.61,1,NONE
TXN0003838,2026-08-30 06:30:50+00:00,63,NETBANKING,SBI,South,M005,814.43,1,NONE
TXN0000659,2026-08-30 06:30:53+00:00,63,CARD,SBI,South,M004,608.04,1,NONE
TXN0002558,2026-08-30 06:30:54+00:00,63,UPI,HDFC,West,M004,2819.22,1,NONE
TXN0000327,2026-08-30 06:30:55+00:00,63,CARD,ICICI,Central,M005,1169.35,1,NONE
TXN0002595,2026-08-30 06:30:55+00:00,63,UPI,ICICI,North,M006,4531.23,1,NONE
TXN0006073,2026-08-30 06:30:56+00:00,63,CARD,SBI,North,M002,2005.85,1,NONE
TXN0004609,2026-08-30 06:31:00+00:00,64,UPI,SBI,South,M004,1704.26,1,NONE
TXN0004742,2026-08-30 06:31:02+00:00,64,CARD,AXIS,North,M001,1350.67,1,NONE
TXN0005545,2026-08-30 06:31:03+00:00,64,UPI,AXIS,North,M003,3338.8,1,NONE
TXN0004770,2026-08-30 06:31:03+00:00,64,NETBANKING,AXIS,North,M004,3360.97,1,NONE
TXN0000826,2026-08-30 06:31:07+00:00,64,UPI,ICICI,West,M004,677.09,1,NONE
TXN0000731,2026-08-30 06:31:07+00:00,64,UPI,AXIS,East,M004,279.14,1,NONE
TXN0003095,2026-08-30 06:31:09+00:00,64,CARD,ICICI,Central,M004,2157.55,1,NONE
TXN0005878,2026-08-30 06:31:10+00:00,64,CARD,KOTAK,West,M001,2126.82,1,NONE
TXN0006396,2026-08-30 06:31:10+00:00,64,UPI,SBI,Central,M005,925.25,1,NONE
TXN0005103,2026-08-30 06:31:12+00:00,64,CARD,HDFC,North,M006,1062.09,1,NONE
TXN0004138,2026-08-30 06:31:13+00:00,64,CARD,KOTAK,East,M001,752.86,1,NONE
TXN0000966,2026-08-30 06:31:13+00:00,64,WALLET,HDFC,North,M001,896.75,1,NONE
TXN0001925,2026-08-30 06:31:14+00:00,64,UPI,AXIS,North,M005,2762.38,1,NONE
TXN0000785,2026-08-30 06:31:17+00:00,64,CARD,SBI,North,M006,972.27,1,NONE
TXN0002714,2026-08-30 06:31:18+00:00,64,NETBANKING,HDFC,North,M005,1180.52,1,NONE
TXN0000791,2026-08-30 06:31:20+00:00,64,UPI,SBI,East,M005,1401.16,1,NONE
TXN0005558,2026-08-30 06:31:21+00:00,64,CARD,KOTAK,North,M005,1804.06,0,CUSTOMER_CANCELLED
TXN0005255,2026-08-30 06:31:21+00:00,64,UPI,AXIS,East,M003,1190.7,1,NONE
TXN0004620,2026-08-30 06:31:21+00:00,64,UPI,HDFC,East,M001,487.35,1,NONE
TXN0004954,2026-08-30 06:31:22+00:00,64,UPI,HDFC,West,M005,3617.17,1,NONE
TXN0006004,2026-08-30 06:31:22+00:00,64,UPI,HDFC,Central,M002,1728.46,1,NONE
TXN0003942,2026-08-30 06:31:25+00:00,64,NETBANKING,KOTAK,South,M003,5148.13,1,NONE
TXN0001676,2026-08-30 06:31:27+00:00,64,UPI,KOTAK,South,M005,1653.82,1,NONE
TXN0004572,2026-08-30 06:31:28+00:00,64,UPI,SBI,West,M003,587.55,1,NONE
TXN0004231,2026-08-30 06:31:32+00:00,64,NETBANKING,SBI,South,M001,4739.08,1,NONE
TXN0003523,2026-08-30 06:31:33+00:00,64,CARD,SBI,East,M001,7439.23,1,NONE
TXN0002959,2026-08-30 06:31:35+00:00,64,CARD,KOTAK,Central,M003,424.23,1,NONE
TXN0003867,2026-08-30 06:31:37+00:00,64,UPI,SBI,West,M002,1034.83,1,NONE
TXN0006006,2026-08-30 06:31:40+00:00,64,UPI,HDFC,Central,M003,472.06,1,NONE
TXN0001604,2026-08-30 06:31:41+00:00,64,UPI,SBI,Central,M001,641.96,1,NONE
TXN0000357,2026-08-30 06:31:41+00:00,64,CARD,AXIS,East,M005,1474.11,1,NONE
TXN0006397,2026-08-30 06:31:42+00:00,64,UPI,SBI,South,M002,2307.26,1,NONE
TXN0002370,2026-08-30 06:31:43+00:00,64,WALLET,KOTAK,West,M003,4451.43,1,NONE
TXN0005111,2026-08-30 06:31:45+00:00,64,CARD,HDFC,West,M003,676.24,1,NONE
TXN0001763,2026-08-30 06:31:46+00:00,64,WALLET,HDFC,North,M005,3075.77,1,NONE
TXN0005535,2026-08-30 06:31:47+00:00,64,UPI,AXIS,North,M005,13675.19,1,NONE
TXN0004032,2026-08-30 06:31:55+00:00,64,CARD,AXIS,Central,M001,1226.04,1,NONE
TXN0001170,2026-08-30 06:31:57+00:00,64,UPI,HDFC,North,M002,543.86,1,NONE
TXN0001433,2026-08-30 06:31:58+00:00,64,UPI,HDFC,West,M004,696.38,1,NONE
TXN0006882,2026-08-30 06:31:59+00:00,64,UPI,SBI,Central,M003,1626.42,1,NONE
TXN0006197,2026-08-30 06:32:02+00:00,65,UPI,HDFC,West,M005,1201.88,1,NONE
TXN0003229,2026-08-30 06:32:03+00:00,65,NETBANKING,ICICI,Central,M001,638.23,1,NONE
TXN0003696,2026-08-30 06:32:04+00:00,65,UPI,HDFC,West,M006,2808.74,1,NONE
TXN0005701,2026-08-30 06:32:06+00:00,65,CARD,HDFC,Central,M001,1155.09,1,NONE
TXN0004250,2026-08-30 06:32:07+00:00,65,UPI,KOTAK,South,M006,726.34,1,NONE
TXN0004752,2026-08-30 06:32:07+00:00,65,NETBANKING,HDFC,West,M006,156.24,1,NONE
TXN0000333,2026-08-30 06:32:08+00:00,65,UPI,HDFC,South,M003,1413.01,1,NONE
TXN0005163,2026-08-30 06:32:13+00:00,65,UPI,AXIS,Central,M001,1321.21,1,NONE
TXN0006849,2026-08-30 06:32:14+00:00,65,UPI,SBI,West,M006,5254.96,1,NONE
TXN0004158,2026-08-30 06:32:17+00:00,65,WALLET,ICICI,East,M005,1257.68,1,NONE
TXN0002550,2026-08-30 06:32:18+00:00,65,UPI,HDFC,West,M006,2337.2,1,NONE
TXN0004027,2026-08-30 06:32:21+00:00,65,CARD,SBI,North,M004,3132.27,1,NONE
TXN0003406,2026-08-30 06:32:21+00:00,65,CARD,SBI,South,M001,1402.0,1,NONE
TXN0000224,2026-08-30 06:32:22+00:00,65,WALLET,AXIS,South,M005,1033.25,1,NONE
TXN0001967,2026-08-30 06:32:23+00:00,65,UPI,ICICI,South,M005,4733.73,1,NONE
TXN0006683,2026-08-30 06:32:24+00:00,65,UPI,AXIS,South,M001,3356.55,1,NONE
TXN0000569,2026-08-30 06:32:24+00:00,65,UPI,AXIS,West,M005,2639.18,1,NONE
TXN0003120,2026-08-30 06:32:25+00:00,65,WALLET,HDFC,West,M006,2654.32,1,NONE
TXN0002204,2026-08-30 06:32:27+00:00,65,WALLET,AXIS,West,M004,1525.63,1,NONE
TXN0006826,2026-08-30 06:32:31+00:00,65,CARD,SBI,West,M002,418.37,1,NONE
TXN0004081,2026-08-30 06:32:32+00:00,65,UPI,ICICI,South,M002,7055.72,1,NONE
TXN0006438,2026-08-30 06:32:33+00:00,65,UPI,SBI,South,M002,1592.52,1,NONE
TXN0005788,2026-08-30 06:32:34+00:00,65,UPI,SBI,South,M005,4568.84,1,NONE
TXN0004379,2026-08-30 06:32:34+00:00,65,UPI,KOTAK,East,M001,1993.85,1,NONE
TXN0006716,2026-08-30 06:32:37+00:00,65,UPI,SBI,North,M004,1191.13,1,NONE
TXN0004857,2026-08-30 06:32:37+00:00,65,CARD,SBI,West,M004,624.06,1,NONE
TXN0001121,2026-08-30 06:32:40+00:00,65,UPI,KOTAK,North,M001,1876.05,1,NONE
TXN0004665,2026-08-30 06:32:40+00:00,65,UPI,AXIS,North,M006,1243.87,1,NONE
TXN0005045,2026-08-30 06:32:41+00:00,65,CARD,SBI,Central,M001,1373.26,1,NONE
TXN0003619,2026-08-30 06:32:42+00:00,65,CARD,HDFC,South,M005,2598.7,1,NONE
TXN0001182,2026-08-30 06:32:45+00:00,65,UPI,KOTAK,South,M006,644.53,1,NONE
TXN0006649,2026-08-30 06:32:46+00:00,65,CARD,ICICI,Central,M002,2424.89,1,NONE
TXN0006911,2026-08-30 06:32:50+00:00,65,UPI,ICICI,South,M006,2078.77,1,NONE
TXN0000165,2026-08-30 06:32:51+00:00,65,UPI,ICICI,North,M005,1512.94,1,NONE
TXN0006407,2026-08-30 06:32:51+00:00,65,UPI,HDFC,South,M005,995.61,1,NONE
TXN0003684,2026-08-30 06:32:53+00:00,65,CARD,ICICI,Central,M004,1295.86,1,NONE
TXN0002378,2026-08-30 06:32:55+00:00,65,UPI,AXIS,West,M001,782.6,1,NONE
TXN0002773,2026-08-30 06:32:56+00:00,65,UPI,HDFC,South,M001,1993.27,1,NONE
TXN0003843,2026-08-30 06:32:56+00:00,65,CARD,HDFC,South,M003,872.12,1,NONE
TXN0001403,2026-08-30 06:32:59+00:00,65,NETBANKING,KOTAK,East,M006,475.87,1,NONE
TXN0000461,2026-08-30 06:33:00+00:00,66,UPI,AXIS,South,M005,3356.44,1,NONE
TXN0006758,2026-08-30 06:33:00+00:00,66,CARD,AXIS,West,M001,1154.66,1,NONE
TXN0002771,2026-08-30 06:33:02+00:00,66,UPI,KOTAK,Central,M004,1550.5,1,NONE
TXN0004801,2026-08-30 06:33:03+00:00,66,CARD,HDFC,North,M006,1168.03,1,NONE
TXN0001589,2026-08-30 06:33:05+00:00,66,CARD,ICICI,West,M001,879.07,1,NONE
TXN0006894,2026-08-30 06:33:09+00:00,66,CARD,AXIS,East,M001,2788.36,1,NONE
TXN0004652,2026-08-30 06:33:09+00:00,66,UPI,ICICI,North,M005,4341.59,1,NONE
TXN0001837,2026-08-30 06:33:10+00:00,66,CARD,SBI,Central,M001,1895.9,1,NONE
TXN0007160,2026-08-30 06:33:10+00:00,66,CARD,AXIS,North,M005,1510.01,1,NONE
TXN0003340,2026-08-30 06:33:15+00:00,66,CARD,KOTAK,North,M003,574.07,1,NONE
TXN0000427,2026-08-30 06:33:17+00:00,66,UPI,AXIS,East,M001,666.61,1,NONE
TXN0005536,2026-08-30 06:33:17+00:00,66,CARD,SBI,North,M002,1248.35,1,NONE
TXN0001133,2026-08-30 06:33:18+00:00,66,CARD,ICICI,East,M005,1049.34,1,NONE
TXN0002252,2026-08-30 06:33:20+00:00,66,CARD,KOTAK,West,M005,1763.3,1,NONE
TXN0005446,2026-08-30 06:33:21+00:00,66,UPI,SBI,West,M006,1980.87,1,NONE
TXN0003494,2026-08-30 06:33:22+00:00,66,UPI,KOTAK,Central,M002,2314.61,0,INSUFFICIENT_FUNDS
TXN0000083,2026-08-30 06:33:22+00:00,66,NETBANKING,SBI,West,M005,1784.08,1,NONE
TXN0004904,2026-08-30 06:33:24+00:00,66,WALLET,HDFC,West,M003,3963.75,1,NONE
TXN0001449,2026-08-30 06:33:28+00:00,66,UPI,HDFC,North,M004,1621.96,1,NONE
TXN0004056,2026-08-30 06:33:31+00:00,66,CARD,SBI,East,M003,1772.8,1,NONE
TXN0002499,2026-08-30 06:33:31+00:00,66,CARD,ICICI,West,M001,5077.4,1,NONE
TXN0006022,2026-08-30 06:33:32+00:00,66,UPI,HDFC,North,M003,3083.89,1,NONE
TXN0000154,2026-08-30 06:33:33+00:00,66,UPI,KOTAK,East,M006,1289.76,1,NONE
TXN0006454,2026-08-30 06:33:33+00:00,66,CARD,HDFC,North,M003,1775.39,1,NONE
TXN0004490,2026-08-30 06:33:34+00:00,66,UPI,ICICI,East,M006,1546.42,1,NONE
TXN0001490,2026-08-30 06:33:37+00:00,66,UPI,HDFC,South,M001,3853.38,1,NONE
TXN0006092,2026-08-30 06:33:38+00:00,66,CARD,HDFC,East,M006,1154.89,1,NONE
TXN0006788,2026-08-30 06:33:40+00:00,66,UPI,SBI,North,M005,541.02,0,INSUFFICIENT_FUNDS
TXN0000062,2026-08-30 06:33:40+00:00,66,NETBANKING,KOTAK,South,M006,1651.94,1,NONE
TXN0006276,2026-08-30 06:33:42+00:00,66,NETBANKING,HDFC,South,M004,1868.74,1,NONE
TXN0003702,2026-08-30 06:33:43+00:00,66,CARD,ICICI,West,M001,1278.3,1,NONE
TXN0003615,2026-08-30 06:33:44+00:00,66,CARD,HDFC,South,M003,5647.55,1,NONE
TXN0007141,2026-08-30 06:33:44+00:00,66,NETBANKING,HDFC,South,M001,1120.11,0,TIMEOUT
TXN0000519,2026-08-30 06:33:45+00:00,66,UPI,SBI,East,M005,2278.99,1,NONE
TXN0003208,2026-08-30 06:33:49+00:00,66,UPI,AXIS,North,M005,554.89,1,NONE
TXN0005784,2026-08-30 06:33:56+00:00,66,UPI,AXIS,South,M003,3383.04,1,NONE
TXN0004147,2026-08-30 06:33:57+00:00,66,UPI,KOTAK,East,M003,542.05,1,NONE
TXN0000216,2026-08-30 06:33:57+00:00,66,CARD,KOTAK,West,M002,1684.8,1,NONE
TXN0000564,2026-08-30 06:33:57+00:00,66,UPI,HDFC,North,M001,2123.11,1,NONE
TXN0004998,2026-08-30 06:33:59+00:00,66,UPI,ICICI,South,M003,2737.94,1,NONE
TXN0004026,2026-08-30 06:34:00+00:00,67,UPI,ICICI,South,M001,481.96,1,NONE
TXN0003125,2026-08-30 06:34:01+00:00,67,CARD,ICICI,West,M004,342.13,1,NONE
TXN0005153,2026-08-30 06:34:02+00:00,67,UPI,SBI,East,M006,2044.91,1,NONE
TXN0000888,2026-08-30 06:34:03+00:00,67,NETBANKING,SBI,Central,M004,2596.86,1,NONE
TXN0005025,2026-08-30 06:34:03+00:00,67,UPI,SBI,West,M004,2777.32,1,NONE
TXN0001298,2026-08-30 06:34:04+00:00,67,UPI,ICICI,North,M003,1406.53,0,INSUFFICIENT_FUNDS
TXN0002223,2026-08-30 06:34:04+00:00,67,UPI,ICICI,East,M004,2286.75,0,BANK_DECLINED
TXN0006390,2026-08-30 06:34:06+00:00,67,UPI,KOTAK,East,M005,1859.58,1,NONE
TXN0002470,2026-08-30 06:34:09+00:00,67,NETBANKING,SBI,West,M005,664.34,1,NONE
TXN0005469,2026-08-30 06:34:10+00:00,67,CARD,HDFC,South,M006,4982.46,1,NONE
TXN0002510,2026-08-30 06:34:12+00:00,67,UPI,SBI,Central,M004,1351.08,1,NONE
TXN0001345,2026-08-30 06:34:13+00:00,67,NETBANKING,AXIS,West,M005,1090.28,1,NONE
TXN0000865,2026-08-30 06:34:14+00:00,67,WALLET,AXIS,South,M004,968.2,1,NONE
TXN0000267,2026-08-30 06:34:16+00:00,67,UPI,HDFC,West,M001,1481.4,1,NONE
TXN0002267,2026-08-30 06:34:18+00:00,67,UPI,HDFC,South,M004,2140.01,1,NONE
TXN0001223,2026-08-30 06:34:19+00:00,67,NETBANKING,ICICI,South,M005,361.74,1,NONE
TXN0006352,2026-08-30 06:34:24+00:00,67,CARD,HDFC,West,M006,1443.87,1,NONE
TXN0000223,2026-08-30 06:34:24+00:00,67,UPI,SBI,West,M003,586.69,1,NONE
TXN0006541,2026-08-30 06:34:26+00:00,67,UPI,ICICI,West,M006,1055.54,1,NONE
TXN0006239,2026-08-30 06:34:26+00:00,67,UPI,HDFC,East,M006,2285.09,0,INSUFFICIENT_FUNDS
TXN0006072,2026-08-30 06:34:26+00:00,67,UPI,SBI,North,M001,2729.22,1,NONE
TXN0005437,2026-08-30 06:34:27+00:00,67,CARD,SBI,North,M001,763.68,1,NONE
TXN0000695,2026-08-30 06:34:27+00:00,67,CARD,SBI,West,M002,1463.3,1,NONE
TXN0007021,2026-08-30 06:34:27+00:00,67,UPI,KOTAK,South,M003,1070.17,1,NONE
TXN0005078,2026-08-30 06:34:31+00:00,67,CARD,ICICI,North,M005,1539.42,1,NONE
TXN0003673,2026-08-30 06:34:31+00:00,67,UPI,AXIS,South,M004,4334.7,1,NONE
TXN0004915,2026-08-30 06:34:32+00:00,67,CARD,AXIS,West,M002,1847.48,1,NONE
TXN0006639,2026-08-30 06:34:34+00:00,67,UPI,ICICI,East,M006,9183.15,1,NONE
TXN0006689,2026-08-30 06:34:36+00:00,67,NETBANKING,SBI,South,M005,6355.87,1,NONE
TXN0003112,2026-08-30 06:34:37+00:00,67,UPI,HDFC,Central,M003,828.12,1,NONE
TXN0000784,2026-08-30 06:34:39+00:00,67,CARD,KOTAK,West,M001,3418.79,1,NONE
TXN0004702,2026-08-30 06:34:41+00:00,67,UPI,AXIS,South,M003,2651.0,1,NONE
TXN0004831,2026-08-30 06:34:42+00:00,67,CARD,HDFC,West,M002,811.67,1,NONE
TXN0004524,2026-08-30 06:34:44+00:00,67,WALLET,HDFC,South,M006,1938.88,1,NONE
TXN0001759,2026-08-30 06:34:45+00:00,67,UPI,AXIS,East,M005,1060.76,1,NONE
TXN0006763,2026-08-30 06:34:50+00:00,67,UPI,ICICI,North,M003,2839.44,1,NONE
TXN0000097,2026-08-30 06:34:52+00:00,67,UPI,SBI,West,M005,2141.52,1,NONE
TXN0004510,2026-08-30 06:34:52+00:00,67,UPI,KOTAK,West,M003,1224.44,1,NONE
TXN0004360,2026-08-30 06:34:52+00:00,67,WALLET,SBI,South,M002,1097.44,1,NONE
TXN0006853,2026-08-30 06:34:57+00:00,67,WALLET,HDFC,South,M003,8988.38,1,NONE
TXN0000537,2026-08-30 06:35:00+00:00,68,CARD,AXIS,South,M004,1021.52,1,NONE
TXN0000575,2026-08-30 06:35:03+00:00,68,CARD,ICICI,North,M001,1428.34,1,NONE
TXN0003677,2026-08-30 06:35:05+00:00,68,NETBANKING,ICICI,South,M003,6129.59,1,NONE
TXN0005668,2026-08-30 06:35:08+00:00,68,CARD,HDFC,West,M004,1750.57,1,NONE
TXN0003346,2026-08-30 06:35:09+00:00,68,UPI,SBI,West,M002,479.33,1,NONE
TXN0001004,2026-08-30 06:35:12+00:00,68,CARD,ICICI,West,M002,578.5,1,NONE
TXN0001059,2026-08-30 06:35:14+00:00,68,CARD,HDFC,West,M002,1555.91,1,NONE
TXN0003658,2026-08-30 06:35:15+00:00,68,UPI,AXIS,East,M006,982.04,1,NONE
TXN0000351,2026-08-30 06:35:16+00:00,68,UPI,HDFC,North,M006,4388.95,1,NONE
TXN0001212,2026-08-30 06:35:21+00:00,68,UPI,ICICI,North,M003,1888.71,1,NONE
TXN0006777,2026-08-30 06:35:21+00:00,68,UPI,SBI,North,M004,1363.48,1,NONE
TXN0000458,2026-08-30 06:35:23+00:00,68,UPI,AXIS,North,M003,674.06,1,NONE
TXN0000516,2026-08-30 06:35:23+00:00,68,WALLET,ICICI,North,M001,3765.9,0,BANK_DECLINED
TXN0000652,2026-08-30 06:35:24+00:00,68,CARD,AXIS,North,M003,1022.03,1,NONE
TXN0006096,2026-08-30 06:35:25+00:00,68,UPI,AXIS,North,M004,919.06,1,NONE
TXN0001484,2026-08-30 06:35:27+00:00,68,UPI,ICICI,West,M006,227.22,1,NONE
TXN0002072,2026-08-30 06:35:27+00:00,68,UPI,HDFC,West,M005,2130.63,0,BANK_DECLINED
TXN0000947,2026-08-30 06:35:30+00:00,68,NETBANKING,SBI,South,M005,2891.0,1,NONE
TXN0005831,2026-08-30 06:35:31+00:00,68,UPI,ICICI,North,M005,1023.18,1,NONE
TXN0005173,2026-08-30 06:35:34+00:00,68,NETBANKING,HDFC,South,M003,653.48,1,NONE
TXN0003156,2026-08-30 06:35:35+00:00,68,UPI,ICICI,North,M002,1647.81,1,NONE
TXN0005021,2026-08-30 06:35:36+00:00,68,NETBANKING,ICICI,South,M005,905.8,1,NONE
TXN0004819,2026-08-30 06:35:36+00:00,68,CARD,KOTAK,East,M005,723.97,1,NONE
TXN0004713,2026-08-30 06:35:37+00:00,68,UPI,KOTAK,South,M002,1185.08,1,NONE
TXN0006204,2026-08-30 06:35:39+00:00,68,UPI,KOTAK,North,M001,1810.82,1,NONE
TXN0002650,2026-08-30 06:35:39+00:00,68,CARD,KOTAK,West,M006,2693.15,1,NONE
TXN0002658,2026-08-30 06:35:39+00:00,68,UPI,AXIS,South,M006,1924.57,1,NONE
TXN0006479,2026-08-30 06:35:40+00:00,68,UPI,SBI,South,M001,600.46,1,NONE
TXN0004735,2026-08-30 06:35:41+00:00,68,UPI,KOTAK,East,M001,4966.85,1,NONE
TXN0002896,2026-08-30 06:35:42+00:00,68,WALLET,AXIS,South,M002,825.64,1,NONE
TXN0002997,2026-08-30 06:35:42+00:00,68,UPI,HDFC,South,M001,692.73,1,NONE
TXN0001712,2026-08-30 06:35:44+00:00,68,UPI,ICICI,Central,M006,782.33,0,BANK_DECLINED
TXN0003504,2026-08-30 06:35:44+00:00,68,UPI,KOTAK,West,M002,2179.48,1,NONE
TXN0001440,2026-08-30 06:35:47+00:00,68,UPI,ICICI,South,M005,1786.06,1,NONE
TXN0001530,2026-08-30 06:35:49+00:00,68,UPI,HDFC,North,M006,2986.76,1,NONE
TXN0003628,2026-08-30 06:35:49+00:00,68,UPI,KOTAK,West,M006,1467.0,1,NONE
TXN0002005,2026-08-30 06:35:50+00:00,68,NETBANKING,ICICI,South,M002,439.87,1,NONE
TXN0002343,2026-08-30 06:35:50+00:00,68,CARD,SBI,East,M001,1521.12,1,NONE
TXN0005732,2026-08-30 06:35:57+00:00,68,CARD,AXIS,South,M005,942.36,1,NONE
TXN0002368,2026-08-30 06:35:57+00:00,68,UPI,AXIS,North,M002,982.94,1,NONE
TXN0005865,2026-08-30 06:36:00+00:00,69,CARD,AXIS,South,M002,271.39,1,NONE
TXN0007052,2026-08-30 06:36:01+00:00,69,CARD,SBI,East,M004,1517.51,1,NONE
TXN0003626,2026-08-30 06:36:01+00:00,69,CARD,SBI,South,M005,1467.84,1,NONE
TXN0002769,2026-08-30 06:36:03+00:00,69,UPI,KOTAK,South,M001,1028.1,1,NONE
TXN0006864,2026-08-30 06:36:04+00:00,69,CARD,HDFC,East,M002,3267.6,1,NONE
TXN0004238,2026-08-30 06:36:05+00:00,69,CARD,HDFC,North,M005,1076.62,1,NONE
TXN0001480,2026-08-30 06:36:08+00:00,69,UPI,AXIS,East,M002,474.31,1,NONE
TXN0005004,2026-08-30 06:36:08+00:00,69,UPI,ICICI,South,M004,490.95,1,NONE
TXN0000991,2026-08-30 06:36:09+00:00,69,CARD,SBI,South,M004,1454.98,1,NONE
TXN0004780,2026-08-30 06:36:17+00:00,69,UPI,HDFC,South,M003,785.02,1,NONE
TXN0004766,2026-08-30 06:36:18+00:00,69,CARD,SBI,East,M003,2814.05,1,NONE
TXN0006433,2026-08-30 06:36:23+00:00,69,WALLET,AXIS,West,M001,1073.52,1,NONE
TXN0006874,2026-08-30 06:36:24+00:00,69,UPI,HDFC,South,M006,655.2,0,CUSTOMER_CANCELLED
TXN0004883,2026-08-30 06:36:26+00:00,69,CARD,SBI,Central,M006,835.32,1,NONE
TXN0000630,2026-08-30 06:36:27+00:00,69,UPI,HDFC,North,M006,447.68,1,NONE
TXN0002548,2026-08-30 06:36:30+00:00,69,CARD,SBI,North,M002,7216.09,0,TIMEOUT
TXN0000632,2026-08-30 06:36:34+00:00,69,CARD,ICICI,East,M004,2838.73,1,NONE
TXN0005091,2026-08-30 06:36:34+00:00,69,UPI,HDFC,Central,M004,1753.03,1,NONE
TXN0002915,2026-08-30 06:36:34+00:00,69,UPI,SBI,South,M001,5867.4,1,NONE
TXN0001895,2026-08-30 06:36:36+00:00,69,UPI,HDFC,North,M004,2245.29,1,NONE
TXN0003582,2026-08-30 06:36:37+00:00,69,UPI,KOTAK,North,M001,827.41,0,CUSTOMER_CANCELLED
TXN0000015,2026-08-30 06:36:38+00:00,69,NETBANKING,HDFC,Central,M005,1269.57,1,NONE
TXN0000902,2026-08-30 06:36:39+00:00,69,CARD,SBI,West,M003,1834.85,1,NONE
TXN0000540,2026-08-30 06:36:39+00:00,69,CARD,AXIS,South,M004,852.85,1,NONE
TXN0005289,2026-08-30 06:36:41+00:00,69,WALLET,AXIS,North,M005,1194.03,1,NONE
TXN0002557,2026-08-30 06:36:41+00:00,69,UPI,ICICI,South,M006,1765.49,1,NONE
TXN0004697,2026-08-30 06:36:42+00:00,69,UPI,ICICI,West,M001,1562.72,1,NONE
TXN0003952,2026-08-30 06:36:42+00:00,69,UPI,AXIS,South,M005,666.96,1,NONE
TXN0003443,2026-08-30 06:36:43+00:00,69,UPI,AXIS,North,M005,332.59,1,NONE
TXN0005877,2026-08-30 06:36:44+00:00,69,CARD,AXIS,Central,M006,1650.73,1,NONE
TXN0001064,2026-08-30 06:36:44+00:00,69,UPI,ICICI,South,M005,974.39,1,NONE
TXN0001968,2026-08-30 06:36:46+00:00,69,UPI,ICICI,Central,M004,3249.36,1,NONE
TXN0001076,2026-08-30 06:36:49+00:00,69,WALLET,AXIS,South,M003,187.74,1,NONE
TXN0001290,2026-08-30 06:36:49+00:00,69,UPI,HDFC,North,M005,566.49,1,NONE
TXN0001595,2026-08-30 06:36:51+00:00,69,CARD,HDFC,South,M002,384.25,1,NONE
TXN0000221,2026-08-30 06:36:51+00:00,69,CARD,HDFC,Central,M004,1503.72,1,NONE
TXN0001994,2026-08-30 06:36:55+00:00,69,UPI,KOTAK,North,M001,4902.95,1,NONE
TXN0006941,2026-08-30 06:36:55+00:00,69,CARD,SBI,West,M005,1586.85,1,NONE
TXN0006484,2026-08-30 06:36:55+00:00,69,UPI,AXIS,West,M005,705.74,1,NONE
TXN0004971,2026-08-30 06:36:58+00:00,69,NETBANKING,SBI,Central,M005,743.85,1,NONE
TXN0001046,2026-08-30 06:37:00+00:00,70,CARD,ICICI,South,M004,306.87,1,NONE
TXN0003410,2026-08-30 06:37:02+00:00,70,CARD,SBI,South,M004,605.79,1,NONE
TXN0005271,2026-08-30 06:37:02+00:00,70,CARD,SBI,North,M005,2415.38,1,NONE
TXN0001151,2026-08-30 06:37:03+00:00,70,UPI,ICICI,East,M006,2546.25,0,BANK_DECLINED
TXN0004259,2026-08-30 06:37:07+00:00,70,CARD,ICICI,South,M005,1725.99,1,NONE
TXN0006065,2026-08-30 06:37:08+00:00,70,UPI,AXIS,West,M001,335.76,1,NONE
TXN0005604,2026-08-30 06:37:09+00:00,70,NETBANKING,SBI,North,M003,1462.36,1,NONE
TXN0005901,2026-08-30 06:37:09+00:00,70,UPI,SBI,South,M005,1761.7,0,CUSTOMER_CANCELLED
TXN0000232,2026-08-30 06:37:10+00:00,70,WALLET,SBI,East,M005,3367.62,0,CUSTOMER_CANCELLED
TXN0006961,2026-08-30 06:37:11+00:00,70,WALLET,SBI,Central,M004,820.42,1,NONE
TXN0002409,2026-08-30 06:37:14+00:00,70,NETBANKING,KOTAK,North,M004,1625.81,1,NONE
TXN0001936,2026-08-30 06:37:17+00:00,70,NETBANKING,ICICI,West,M003,1130.13,1,NONE
TXN0001941,2026-08-30 06:37:17+00:00,70,UPI,AXIS,South,M003,1998.33,1,NONE
TXN0006723,2026-08-30 06:37:21+00:00,70,UPI,SBI,North,M001,1392.88,1,NONE
TXN0004076,2026-08-30 06:37:22+00:00,70,WALLET,ICICI,South,M002,960.36,1,NONE
TXN0005146,2026-08-30 06:37:23+00:00,70,UPI,ICICI,West,M006,5659.88,1,NONE
TXN0003821,2026-08-30 06:37:23+00:00,70,CARD,HDFC,Central,M004,2642.64,1,NONE
TXN0006005,2026-08-30 06:37:24+00:00,70,UPI,ICICI,West,M002,1829.24,1,NONE
TXN0002022,2026-08-30 06:37:25+00:00,70,NETBANKING,ICICI,West,M002,1367.81,1,NONE
TXN0006460,2026-08-30 06:37:26+00:00,70,UPI,SBI,West,M001,956.59,1,NONE
TXN0003991,2026-08-30 06:37:27+00:00,70,WALLET,AXIS,South,M004,567.72,1,NONE
TXN0006936,2026-08-30 06:37:30+00:00,70,UPI,SBI,West,M006,2254.26,1,NONE
TXN0002061,2026-08-30 06:37:32+00:00,70,UPI,AXIS,West,M002,4379.25,1,NONE
TXN0001506,2026-08-30 06:37:35+00:00,70,UPI,HDFC,North,M003,3518.16,1,NONE
TXN0001641,2026-08-30 06:37:36+00:00,70,UPI,HDFC,North,M006,3274.46,1,NONE
TXN0004589,2026-08-30 06:37:37+00:00,70,CARD,SBI,North,M001,937.96,1,NONE
TXN0006245,2026-08-30 06:37:38+00:00,70,UPI,HDFC,South,M004,1308.65,1,NONE
TXN0002941,2026-08-30 06:37:38+00:00,70,UPI,ICICI,South,M005,1364.56,1,NONE
TXN0000426,2026-08-30 06:37:40+00:00,70,CARD,SBI,South,M005,4013.06,1,NONE
TXN0005499,2026-08-30 06:37:41+00:00,70,UPI,ICICI,East,M001,481.65,1,NONE
TXN0005774,2026-08-30 06:37:41+00:00,70,WALLET,HDFC,West,M006,1361.37,1,NONE
TXN0005768,2026-08-30 06:37:42+00:00,70,UPI,AXIS,Central,M004,1785.0,1,NONE
TXN0004195,2026-08-30 06:37:45+00:00,70,WALLET,ICICI,North,M003,1188.85,1,NONE
TXN0005085,2026-08-30 06:37:46+00:00,70,NETBANKING,HDFC,Central,M005,5467.21,1,NONE
TXN0005328,2026-08-30 06:37:47+00:00,70,CARD,SBI,South,M005,766.27,1,NONE
TXN0001746,2026-08-30 06:37:52+00:00,70,CARD,AXIS,North,M003,346.67,1,NONE
TXN0004556,2026-08-30 06:37:52+00:00,70,UPI,SBI,East,M001,9814.07,1,NONE
TXN0003887,2026-08-30 06:37:57+00:00,70,UPI,SBI,East,M003,1680.17,1,NONE
TXN0000756,2026-08-30 06:37:57+00:00,70,UPI,ICICI,South,M002,1974.77,1,NONE
TXN0007143,2026-08-30 06:37:57+00:00,70,CARD,HDFC,Central,M001,1351.5,0,BANK_DECLINED
TXN0004544,2026-08-30 06:38:00+00:00,71,UPI,SBI,East,M001,943.41,1,NONE
TXN0004227,2026-08-30 06:38:04+00:00,71,UPI,ICICI,West,M004,753.93,1,NONE
TXN0001905,2026-08-30 06:38:04+00:00,71,UPI,SBI,Central,M006,3708.84,1,NONE
TXN0006635,2026-08-30 06:38:06+00:00,71,WALLET,SBI,South,M003,2532.12,1,NONE
TXN0000525,2026-08-30 06:38:07+00:00,71,UPI,SBI,Central,M005,2123.05,1,NONE
TXN0001567,2026-08-30 06:38:10+00:00,71,UPI,SBI,West,M003,13124.22,1,NONE
TXN0006344,2026-08-30 06:38:12+00:00,71,UPI,KOTAK,South,M003,1498.39,1,NONE
TXN0006892,2026-08-30 06:38:15+00:00,71,CARD,ICICI,South,M001,3201.75,1,NONE
TXN0000453,2026-08-30 06:38:17+00:00,71,WALLET,SBI,South,M001,1782.63,1,NONE
TXN0000918,2026-08-30 06:38:18+00:00,71,UPI,HDFC,Central,M006,1050.07,1,NONE
TXN0002509,2026-08-30 06:38:19+00:00,71,WALLET,AXIS,North,M002,853.21,1,NONE
TXN0000035,2026-08-30 06:38:26+00:00,71,UPI,AXIS,West,M005,1635.08,1,NONE
TXN0004854,2026-08-30 06:38:26+00:00,71,WALLET,KOTAK,North,M006,2513.32,1,NONE
TXN0002124,2026-08-30 06:38:30+00:00,71,NETBANKING,KOTAK,West,M005,3943.58,1,NONE
TXN0001989,2026-08-30 06:38:30+00:00,71,CARD,HDFC,South,M002,8128.72,1,NONE
TXN0003404,2026-08-30 06:38:31+00:00,71,WALLET,KOTAK,Central,M003,5418.35,1,NONE
TXN0004671,2026-08-30 06:38:32+00:00,71,NETBANKING,ICICI,South,M001,1372.56,1,NONE
TXN0003897,2026-08-30 06:38:33+00:00,71,WALLET,HDFC,West,M001,2605.51,1,NONE
TXN0006688,2026-08-30 06:38:34+00:00,71,CARD,ICICI,South,M003,1626.8,1,NONE
TXN0002692,2026-08-30 06:38:35+00:00,71,UPI,SBI,North,M001,2373.71,1,NONE
TXN0005578,2026-08-30 06:38:36+00:00,71,UPI,ICICI,North,M005,1417.35,1,NONE
TXN0003168,2026-08-30 06:38:36+00:00,71,CARD,AXIS,West,M004,773.57,1,NONE
TXN0000679,2026-08-30 06:38:36+00:00,71,CARD,SBI,East,M002,4552.15,1,NONE
TXN0000109,2026-08-30 06:38:36+00:00,71,UPI,SBI,West,M003,457.16,1,NONE
TXN0000617,2026-08-30 06:38:38+00:00,71,UPI,AXIS,West,M006,1603.94,1,NONE
TXN0001416,2026-08-30 06:38:38+00:00,71,CARD,SBI,West,M006,681.03,1,NONE
TXN0000380,2026-08-30 06:38:39+00:00,71,CARD,HDFC,West,M006,2400.39,1,NONE
TXN0000217,2026-08-30 06:38:39+00:00,71,CARD,KOTAK,East,M002,785.84,1,NONE
TXN0006496,2026-08-30 06:38:41+00:00,71,UPI,KOTAK,West,M005,1245.23,1,NONE
TXN0001019,2026-08-30 06:38:41+00:00,71,CARD,HDFC,South,M005,886.88,1,NONE
TXN0001517,2026-08-30 06:38:42+00:00,71,CARD,ICICI,East,M004,1020.67,1,NONE
TXN0007120,2026-08-30 06:38:43+00:00,71,NETBANKING,HDFC,North,M004,785.8,1,NONE
TXN0001250,2026-08-30 06:38:48+00:00,71,UPI,KOTAK,East,M004,3285.26,1,NONE
TXN0001408,2026-08-30 06:38:49+00:00,71,UPI,SBI,North,M006,1059.34,1,NONE
TXN0005245,2026-08-30 06:38:51+00:00,71,WALLET,AXIS,Central,M006,1100.5,1,NONE
TXN0001951,2026-08-30 06:38:52+00:00,71,CARD,SBI,South,M001,1305.2,1,NONE
TXN0005847,2026-08-30 06:38:53+00:00,71,UPI,AXIS,West,M001,2033.09,1,NONE
TXN0005186,2026-08-30 06:38:54+00:00,71,UPI,HDFC,South,M001,1058.02,1,NONE
TXN0004859,2026-08-30 06:38:55+00:00,71,CARD,AXIS,North,M003,3883.2,1,NONE
TXN0001169,2026-08-30 06:38:56+00:00,71,UPI,KOTAK,Central,M003,1492.58,1,NONE
TXN0003979,2026-08-30 06:39:01+00:00,72,UPI,HDFC,West,M004,1903.87,1,NONE
TXN0002471,2026-08-30 06:39:01+00:00,72,CARD,AXIS,West,M004,3157.58,1,NONE
TXN0002885,2026-08-30 06:39:04+00:00,72,UPI,KOTAK,East,M005,1667.08,1,NONE
TXN0005273,2026-08-30 06:39:05+00:00,72,NETBANKING,ICICI,Central,M002,226.6,1,NONE
TXN0002065,2026-08-30 06:39:06+00:00,72,CARD,SBI,West,M006,549.49,1,NONE
TXN0006944,2026-08-30 06:39:06+00:00,72,WALLET,ICICI,Central,M001,3843.43,1,NONE
TXN0002748,2026-08-30 06:39:07+00:00,72,WALLET,SBI,East,M003,1019.57,1,NONE
TXN0000045,2026-08-30 06:39:07+00:00,72,NETBANKING,SBI,Central,M002,2432.97,1,NONE
TXN0002842,2026-08-30 06:39:10+00:00,72,UPI,SBI,North,M004,1447.06,1,NONE
TXN0001261,2026-08-30 06:39:10+00:00,72,UPI,AXIS,South,M002,913.77,1,NONE
TXN0001555,2026-08-30 06:39:13+00:00,72,WALLET,ICICI,East,M006,3552.88,1,NONE
TXN0003151,2026-08-30 06:39:13+00:00,72,WALLET,HDFC,South,M002,2295.9,1,NONE
TXN0005911,2026-08-30 06:39:14+00:00,72,WALLET,HDFC,West,M003,593.76,1,NONE
TXN0006029,2026-08-30 06:39:14+00:00,72,NETBANKING,SBI,West,M006,325.81,1,NONE
TXN0006701,2026-08-30 06:39:17+00:00,72,NETBANKING,HDFC,Central,M004,2244.38,1,NONE
TXN0003300,2026-08-30 06:39:20+00:00,72,CARD,ICICI,Central,M002,329.42,1,NONE
TXN0001331,2026-08-30 06:39:20+00:00,72,NETBANKING,HDFC,West,M002,2188.66,1,NONE
TXN0001291,2026-08-30 06:39:22+00:00,72,NETBANKING,SBI,West,M002,1060.71,1,NONE
TXN0001034,2026-08-30 06:39:22+00:00,72,UPI,AXIS,West,M002,714.77,1,NONE
TXN0001666,2026-08-30 06:39:22+00:00,72,CARD,AXIS,Central,M005,2299.86,1,NONE
TXN0000312,2026-08-30 06:39:24+00:00,72,UPI,HDFC,North,M002,2288.34,1,NONE
TXN0000192,2026-08-30 06:39:25+00:00,72,UPI,AXIS,North,M001,1439.9,1,NONE
TXN0002810,2026-08-30 06:39:30+00:00,72,NETBANKING,SBI,East,M003,1750.43,1,NONE
TXN0005433,2026-08-30 06:39:31+00:00,72,UPI,HDFC,South,M003,442.03,1,NONE
TXN0006383,2026-08-30 06:39:31+00:00,72,WALLET,AXIS,East,M003,254.68,1,NONE
TXN0001030,2026-08-30 06:39:34+00:00,72,UPI,SBI,Central,M004,1732.35,1,NONE
TXN0005714,2026-08-30 06:39:37+00:00,72,NETBANKING,HDFC,South,M005,1284.71,1,NONE
TXN0006891,2026-08-30 06:39:39+00:00,72,UPI,ICICI,West,M002,399.2,1,NONE
TXN0002304,2026-08-30 06:39:41+00:00,72,UPI,ICICI,West,M003,1223.06,1,NONE
TXN0004239,2026-08-30 06:39:43+00:00,72,CARD,KOTAK,West,M001,639.37,1,NONE
TXN0004918,2026-08-30 06:39:44+00:00,72,UPI,ICICI,East,M002,587.25,1,NONE
TXN0005148,2026-08-30 06:39:44+00:00,72,UPI,SBI,West,M002,2399.59,1,NONE
TXN0003960,2026-08-30 06:39:45+00:00,72,WALLET,SBI,South,M002,7767.81,1,NONE
TXN0003659,2026-08-30 06:39:45+00:00,72,UPI,AXIS,South,M005,645.69,1,NONE
TXN0006699,2026-08-30 06:39:46+00:00,72,CARD,AXIS,East,M006,668.26,0,TIMEOUT
TXN0001809,2026-08-30 06:39:47+00:00,72,UPI,SBI,Central,M004,1947.6,1,NONE
TXN0003136,2026-08-30 06:39:48+00:00,72,WALLET,ICICI,North,M001,1309.28,1,NONE
TXN0002940,2026-08-30 06:39:52+00:00,72,UPI,AXIS,South,M004,208.4,1,NONE
TXN0002525,2026-08-30 06:39:54+00:00,72,UPI,SBI,South,M006,6964.84,1,NONE
TXN0005779,2026-08-30 06:39:57+00:00,72,CARD,HDFC,North,M005,4120.52,1,NONE
TXN0003784,2026-08-30 06:40:07+00:00,73,UPI,ICICI,East,M005,1560.45,1,NONE
TXN0004299,2026-08-30 06:40:07+00:00,73,CARD,ICICI,North,M001,2339.61,1,NONE
TXN0003265,2026-08-30 06:40:11+00:00,73,UPI,AXIS,South,M006,2480.97,1,NONE
TXN0001370,2026-08-30 06:40:13+00:00,73,NETBANKING,AXIS,Central,M003,1285.04,1,NONE
TXN0005987,2026-08-30 06:40:15+00:00,73,UPI,HDFC,Central,M003,1165.86,1,NONE
TXN0000314,2026-08-30 06:40:19+00:00,73,CARD,KOTAK,North,M004,2283.98,1,NONE
TXN0005893,2026-08-30 06:40:21+00:00,73,WALLET,KOTAK,Central,M005,367.48,1,NONE
TXN0001443,2026-08-30 06:40:21+00:00,73,UPI,ICICI,West,M002,2156.58,1,NONE
TXN0006718,2026-08-30 06:40:21+00:00,73,UPI,ICICI,North,M003,1850.57,1,NONE
TXN0001154,2026-08-30 06:40:22+00:00,73,UPI,HDFC,North,M001,1123.64,1,NONE
TXN0003399,2026-08-30 06:40:22+00:00,73,UPI,SBI,South,M005,457.32,1,NONE
TXN0002148,2026-08-30 06:40:25+00:00,73,CARD,KOTAK,East,M003,1673.97,1,NONE
TXN0005589,2026-08-30 06:40:25+00:00,73,CARD,KOTAK,South,M004,1002.04,1,NONE
TXN0005514,2026-08-30 06:40:25+00:00,73,UPI,HDFC,North,M005,876.55,1,NONE
TXN0000774,2026-08-30 06:40:27+00:00,73,UPI,KOTAK,South,M003,1242.03,0,INSUFFICIENT_FUNDS
TXN0006847,2026-08-30 06:40:28+00:00,73,UPI,KOTAK,West,M004,6764.88,1,NONE
TXN0004012,2026-08-30 06:40:32+00:00,73,UPI,ICICI,South,M005,1511.84,1,NONE
TXN0000837,2026-08-30 06:40:32+00:00,73,CARD,SBI,West,M001,1107.08,1,NONE
TXN0003976,2026-08-30 06:40:33+00:00,73,CARD,ICICI,East,M006,2193.82,1,NONE
TXN0004694,2026-08-30 06:40:35+00:00,73,CARD,ICICI,South,M002,2129.18,1,NONE
TXN0005362,2026-08-30 06:40:35+00:00,73,WALLET,AXIS,West,M005,1470.07,1,NONE
TXN0000895,2026-08-30 06:40:36+00:00,73,WALLET,HDFC,South,M001,2348.06,1,NONE
TXN0005488,2026-08-30 06:40:37+00:00,73,UPI,HDFC,West,M001,3203.43,1,NONE
TXN0002041,2026-08-30 06:40:37+00:00,73,CARD,AXIS,West,M001,2347.26,1,NONE
TXN0001158,2026-08-30 06:40:38+00:00,73,CARD,ICICI,East,M003,4456.23,1,NONE
TXN0000177,2026-08-30 06:40:39+00:00,73,UPI,SBI,West,M002,3271.41,1,NONE
TXN0004921,2026-08-30 06:40:40+00:00,73,UPI,SBI,Central,M005,2248.14,1,NONE
TXN0003432,2026-08-30 06:40:40+00:00,73,UPI,AXIS,South,M004,2807.86,1,NONE
TXN0004462,2026-08-30 06:40:44+00:00,73,UPI,SBI,West,M005,1648.23,1,NONE
TXN0000336,2026-08-30 06:40:45+00:00,73,WALLET,ICICI,West,M006,189.53,1,NONE
TXN0003001,2026-08-30 06:40:49+00:00,73,WALLET,SBI,West,M002,1298.45,1,NONE
TXN0000965,2026-08-30 06:40:49+00:00,73,CARD,HDFC,South,M002,5324.3,1,NONE
TXN0003002,2026-08-30 06:40:50+00:00,73,UPI,KOTAK,Central,M003,1159.54,1,NONE
TXN0002356,2026-08-30 06:40:52+00:00,73,CARD,HDFC,North,M004,2630.2,1,NONE
TXN0002446,2026-08-30 06:40:52+00:00,73,UPI,SBI,South,M002,2043.04,1,NONE
TXN0002693,2026-08-30 06:40:53+00:00,73,UPI,AXIS,East,M006,725.93,1,NONE
TXN0005327,2026-08-30 06:40:55+00:00,73,UPI,KOTAK,East,M003,363.78,1,NONE
TXN0006203,2026-08-30 06:40:55+00:00,73,CARD,SBI,East,M005,479.07,1,NONE
TXN0002502,2026-08-30 06:40:56+00:00,73,UPI,SBI,South,M003,2596.09,1,NONE
TXN0002071,2026-08-30 06:40:58+00:00,73,UPI,ICICI,South,M002,5078.47,1,NONE
TXN0003652,2026-08-30 06:41:00+00:00,74,WALLET,ICICI,North,M002,1207.49,0,CUSTOMER_CANCELLED
TXN0006170,2026-08-30 06:41:04+00:00,74,UPI,HDFC,West,M004,279.12,1,NONE
TXN0002286,2026-08-30 06:41:05+00:00,74,UPI,ICICI,East,M005,1773.33,1,NONE
TXN0002322,2026-08-30 06:41:06+00:00,74,WALLET,SBI,North,M004,2043.87,1,NONE
TXN0004243,2026-08-30 06:41:08+00:00,74,CARD,KOTAK,South,M006,1595.86,1,NONE
TXN0000305,2026-08-30 06:41:08+00:00,74,CARD,AXIS,West,M006,1863.55,1,NONE
TXN0002566,2026-08-30 06:41:09+00:00,74,WALLET,HDFC,West,M002,2290.98,1,NONE
TXN0001135,2026-08-30 06:41:09+00:00,74,CARD,AXIS,North,M002,4604.93,1,NONE
TXN0006077,2026-08-30 06:41:09+00:00,74,UPI,ICICI,North,M002,795.45,1,NONE
TXN0003610,2026-08-30 06:41:10+00:00,74,UPI,SBI,South,M003,1050.83,1,NONE
TXN0002118,2026-08-30 06:41:12+00:00,74,NETBANKING,SBI,Central,M006,1357.87,1,NONE
TXN0001542,2026-08-30 06:41:14+00:00,74,CARD,SBI,North,M005,397.69,1,NONE
TXN0003820,2026-08-30 06:41:18+00:00,74,CARD,ICICI,South,M006,2583.2,1,NONE
TXN0003596,2026-08-30 06:41:21+00:00,74,WALLET,HDFC,North,M006,4329.36,1,NONE
TXN0003804,2026-08-30 06:41:22+00:00,74,UPI,ICICI,North,M002,1441.47,1,NONE
TXN0006176,2026-08-30 06:41:23+00:00,74,UPI,ICICI,North,M005,2495.52,1,NONE
TXN0006446,2026-08-30 06:41:23+00:00,74,CARD,SBI,North,M002,7268.71,1,NONE
TXN0002508,2026-08-30 06:41:26+00:00,74,UPI,AXIS,Central,M001,2269.0,1,NONE
TXN0001254,2026-08-30 06:41:27+00:00,74,CARD,AXIS,South,M005,1253.28,1,NONE
TXN0003586,2026-08-30 06:41:28+00:00,74,UPI,HDFC,North,M004,1194.49,1,NONE
TXN0005194,2026-08-30 06:41:33+00:00,74,UPI,KOTAK,North,M006,2978.67,1,NONE
TXN0004469,2026-08-30 06:41:38+00:00,74,CARD,SBI,East,M004,699.3,1,NONE
TXN0000350,2026-08-30 06:41:39+00:00,74,UPI,KOTAK,North,M001,596.99,1,NONE
TXN0006191,2026-08-30 06:41:39+00:00,74,CARD,ICICI,South,M004,3501.37,1,NONE
TXN0001845,2026-08-30 06:41:41+00:00,74,WALLET,HDFC,West,M002,3094.77,1,NONE
TXN0001996,2026-08-30 06:41:41+00:00,74,NETBANKING,SBI,West,M001,1027.17,1,NONE
TXN0004963,2026-08-30 06:41:44+00:00,74,UPI,SBI,West,M006,2091.33,0,BANK_DECLINED
TXN0000621,2026-08-30 06:41:47+00:00,74,UPI,KOTAK,East,M003,1428.49,1,NONE
TXN0006486,2026-08-30 06:41:49+00:00,74,UPI,SBI,West,M004,1438.13,1,NONE
TXN0004180,2026-08-30 06:41:51+00:00,74,NETBANKING,AXIS,Central,M001,588.94,0,BANK_DECLINED
TXN0000404,2026-08-30 06:41:53+00:00,74,UPI,SBI,South,M003,1041.94,1,NONE
TXN0001198,2026-08-30 06:41:54+00:00,74,UPI,SBI,West,M002,2222.13,1,NONE
TXN0005574,2026-08-30 06:41:54+00:00,74,NETBANKING,ICICI,East,M002,1409.76,1,NONE
TXN0005381,2026-08-30 06:41:54+00:00,74,CARD,AXIS,East,M002,2380.65,1,NONE
TXN0005874,2026-08-30 06:41:55+00:00,74,CARD,AXIS,North,M002,2794.62,0,BANK_DECLINED
TXN0004939,2026-08-30 06:41:56+00:00,74,UPI,HDFC,Central,M005,761.58,1,NONE
TXN0003939,2026-08-30 06:41:56+00:00,74,CARD,KOTAK,West,M001,4851.26,1,NONE
TXN0001553,2026-08-30 06:41:57+00:00,74,UPI,SBI,West,M005,3763.56,0,CUSTOMER_CANCELLED
TXN0002832,2026-08-30 06:41:58+00:00,74,UPI,KOTAK,North,M005,626.27,1,NONE
TXN0002262,2026-08-30 06:41:59+00:00,74,CARD,AXIS,South,M002,1864.8,1,NONE
TXN0001518,2026-08-30 06:42:00+00:00,75,NETBANKING,HDFC,West,M006,13284.88,1,NONE
TXN0002849,2026-08-30 06:42:01+00:00,75,UPI,KOTAK,West,M006,884.14,1,NONE
TXN0006157,2026-08-30 06:42:01+00:00,75,UPI,SBI,West,M001,2371.58,1,NONE
TXN0005939,2026-08-30 06:42:01+00:00,75,CARD,AXIS,East,M005,1284.78,0,BANK_DECLINED
TXN0005185,2026-08-30 06:42:02+00:00,75,WALLET,SBI,South,M005,759.16,1,NONE
TXN0000277,2026-08-30 06:42:04+00:00,75,UPI,SBI,South,M001,1909.57,1,NONE
TXN0000092,2026-08-30 06:42:04+00:00,75,UPI,KOTAK,West,M005,2514.72,1,NONE
TXN0004661,2026-08-30 06:42:05+00:00,75,UPI,SBI,Central,M003,911.83,1,NONE
TXN0002506,2026-08-30 06:42:09+00:00,75,UPI,ICICI,East,M003,1083.85,1,NONE
TXN0006371,2026-08-30 06:42:11+00:00,75,CARD,SBI,Central,M002,1073.31,1,NONE
TXN0005983,2026-08-30 06:42:13+00:00,75,UPI,KOTAK,South,M003,1193.26,1,NONE
TXN0001606,2026-08-30 06:42:14+00:00,75,WALLET,SBI,North,M005,3423.47,1,NONE
TXN0007146,2026-08-30 06:42:16+00:00,75,UPI,HDFC,North,M001,1352.13,1,NONE
TXN0003077,2026-08-30 06:42:17+00:00,75,NETBANKING,SBI,South,M004,2224.83,1,NONE
TXN0001522,2026-08-30 06:42:18+00:00,75,UPI,HDFC,East,M002,1817.75,1,NONE
TXN0004593,2026-08-30 06:42:21+00:00,75,UPI,HDFC,South,M002,568.25,1,NONE
TXN0003165,2026-08-30 06:42:21+00:00,75,CARD,ICICI,West,M003,2576.26,1,NONE
TXN0006217,2026-08-30 06:42:23+00:00,75,UPI,KOTAK,East,M005,1213.2,1,NONE
TXN0006071,2026-08-30 06:42:27+00:00,75,NETBANKING,ICICI,North,M002,908.92,1,NONE
TXN0003484,2026-08-30 06:42:28+00:00,75,CARD,ICICI,West,M005,1231.12,1,NONE
TXN0003408,2026-08-30 06:42:31+00:00,75,NETBANKING,KOTAK,North,M005,1295.54,1,NONE
TXN0003902,2026-08-30 06:42:31+00:00,75,UPI,SBI,South,M004,2413.47,1,NONE
TXN0005895,2026-08-30 06:42:33+00:00,75,UPI,ICICI,North,M006,1207.76,1,NONE
TXN0006533,2026-08-30 06:42:34+00:00,75,UPI,ICICI,North,M002,3909.08,1,NONE
TXN0006110,2026-08-30 06:42:34+00:00,75,CARD,AXIS,Central,M004,2980.98,1,NONE
TXN0004175,2026-08-30 06:42:36+00:00,75,CARD,SBI,East,M006,1213.01,1,NONE
TXN0001049,2026-08-30 06:42:38+00:00,75,CARD,KOTAK,South,M003,1623.51,1,NONE
TXN0001531,2026-08-30 06:42:38+00:00,75,UPI,SBI,East,M001,726.38,1,NONE
TXN0002710,2026-08-30 06:42:39+00:00,75,UPI,SBI,Central,M002,2625.14,1,NONE
TXN0004867,2026-08-30 06:42:39+00:00,75,UPI,ICICI,South,M003,4357.62,1,NONE
TXN0000819,2026-08-30 06:42:41+00:00,75,UPI,HDFC,South,M001,1269.66,1,NONE
TXN0005621,2026-08-30 06:42:42+00:00,75,UPI,HDFC,South,M005,1546.2,1,NONE
TXN0006817,2026-08-30 06:42:43+00:00,75,UPI,HDFC,South,M004,2597.11,1,NONE
TXN0000491,2026-08-30 06:42:45+00:00,75,NETBANKING,HDFC,East,M002,5992.12,1,NONE
TXN0004896,2026-08-30 06:42:46+00:00,75,UPI,HDFC,North,M002,1588.86,1,NONE
TXN0004449,2026-08-30 06:42:46+00:00,75,UPI,SBI,North,M001,6716.37,1,NONE
TXN0006565,2026-08-30 06:42:46+00:00,75,CARD,HDFC,East,M001,1165.37,1,NONE
TXN0003180,2026-08-30 06:42:46+00:00,75,UPI,AXIS,East,M001,3355.93,1,NONE
TXN0004795,2026-08-30 06:42:52+00:00,75,NETBANKING,ICICI,North,M003,1090.38,1,NONE
TXN0003791,2026-08-30 06:42:56+00:00,75,WALLET,ICICI,South,M004,3411.89,1,NONE
TXN0000366,2026-08-30 06:43:04+00:00,76,CARD,HDFC,South,M004,2510.94,1,NONE
TXN0003511,2026-08-30 06:43:05+00:00,76,CARD,HDFC,West,M006,3509.11,1,NONE
TXN0003359,2026-08-30 06:43:05+00:00,76,UPI,SBI,West,M001,1289.07,1,NONE
TXN0003394,2026-08-30 06:43:06+00:00,76,CARD,HDFC,West,M003,977.52,0,INSUFFICIENT_FUNDS
TXN0003805,2026-08-30 06:43:07+00:00,76,WALLET,AXIS,North,M001,655.04,1,NONE
TXN0004811,2026-08-30 06:43:07+00:00,76,CARD,AXIS,West,M004,7286.61,1,NONE
TXN0006488,2026-08-30 06:43:11+00:00,76,UPI,ICICI,West,M006,3178.14,0,BANK_DECLINED
TXN0006161,2026-08-30 06:43:17+00:00,76,UPI,SBI,Central,M001,682.63,1,NONE
TXN0006841,2026-08-30 06:43:18+00:00,76,CARD,HDFC,North,M004,5767.13,0,TIMEOUT
TXN0006116,2026-08-30 06:43:18+00:00,76,CARD,AXIS,East,M006,909.4,1,NONE
TXN0005023,2026-08-30 06:43:20+00:00,76,CARD,AXIS,East,M005,1308.4,1,NONE
TXN0006685,2026-08-30 06:43:20+00:00,76,WALLET,HDFC,North,M002,2236.31,1,NONE
TXN0003618,2026-08-30 06:43:21+00:00,76,UPI,ICICI,South,M003,3371.53,1,NONE
TXN0001274,2026-08-30 06:43:23+00:00,76,CARD,SBI,North,M005,5225.67,1,NONE
TXN0000451,2026-08-30 06:43:24+00:00,76,UPI,SBI,West,M002,1951.08,1,NONE
TXN0006431,2026-08-30 06:43:25+00:00,76,CARD,AXIS,South,M006,1775.67,1,NONE
TXN0005951,2026-08-30 06:43:26+00:00,76,CARD,HDFC,Central,M001,7174.62,1,NONE
TXN0002394,2026-08-30 06:43:28+00:00,76,NETBANKING,ICICI,West,M001,1684.48,1,NONE
TXN0000375,2026-08-30 06:43:28+00:00,76,UPI,SBI,Central,M003,1591.52,1,NONE
TXN0001284,2026-08-30 06:43:30+00:00,76,UPI,HDFC,Central,M005,2531.48,1,NONE
TXN0000883,2026-08-30 06:43:31+00:00,76,UPI,ICICI,Central,M006,2817.48,1,NONE
TXN0002929,2026-08-30 06:43:31+00:00,76,UPI,AXIS,West,M002,1032.3,1,NONE
TXN0001515,2026-08-30 06:43:31+00:00,76,UPI,SBI,North,M003,1163.29,1,NONE
TXN0006952,2026-08-30 06:43:32+00:00,76,UPI,HDFC,North,M001,4237.86,1,NONE
TXN0001875,2026-08-30 06:43:32+00:00,76,CARD,SBI,North,M006,359.81,1,NONE
TXN0003965,2026-08-30 06:43:33+00:00,76,UPI,SBI,West,M003,390.07,1,NONE
TXN0000864,2026-08-30 06:43:34+00:00,76,UPI,HDFC,East,M002,15796.86,1,NONE
TXN0000422,2026-08-30 06:43:35+00:00,76,WALLET,ICICI,East,M003,3819.61,1,NONE
TXN0000359,2026-08-30 06:43:36+00:00,76,NETBANKING,HDFC,South,M006,9651.25,1,NONE
TXN0003031,2026-08-30 06:43:38+00:00,76,CARD,ICICI,West,M002,1520.97,1,NONE
TXN0004539,2026-08-30 06:43:44+00:00,76,WALLET,HDFC,East,M006,880.94,1,NONE
TXN0005395,2026-08-30 06:43:45+00:00,76,CARD,HDFC,Central,M004,1205.64,1,NONE
TXN0002696,2026-08-30 06:43:47+00:00,76,UPI,SBI,East,M002,1075.93,1,NONE
TXN0004833,2026-08-30 06:43:48+00:00,76,UPI,AXIS,North,M005,4451.84,1,NONE
TXN0006933,2026-08-30 06:43:49+00:00,76,WALLET,ICICI,South,M003,1262.14,1,NONE
TXN0001983,2026-08-30 06:43:50+00:00,76,UPI,ICICI,North,M002,816.48,1,NONE
TXN0005397,2026-08-30 06:43:52+00:00,76,UPI,HDFC,South,M001,1171.54,1,NONE
TXN0003797,2026-08-30 06:43:52+00:00,76,UPI,AXIS,East,M005,324.45,1,NONE
TXN0005696,2026-08-30 06:43:57+00:00,76,UPI,AXIS,East,M001,1705.19,1,NONE
TXN0000875,2026-08-30 06:43:58+00:00,76,CARD,ICICI,West,M006,2679.48,1,NONE
TXN0006973,2026-08-30 06:44:00+00:00,77,UPI,ICICI,East,M003,2002.62,1,NONE
TXN0003918,2026-08-30 06:44:00+00:00,77,UPI,ICICI,South,M001,4817.71,0,BANK_DECLINED
TXN0001157,2026-08-30 06:44:01+00:00,77,UPI,ICICI,South,M005,505.53,1,NONE
TXN0004832,2026-08-30 06:44:01+00:00,77,UPI,ICICI,East,M006,1166.16,0,BANK_DECLINED
TXN0000896,2026-08-30 06:44:02+00:00,77,UPI,AXIS,Central,M005,1809.91,1,NONE
TXN0001112,2026-08-30 06:44:05+00:00,77,UPI,SBI,West,M006,1090.9,1,NONE
TXN0001543,2026-08-30 06:44:05+00:00,77,UPI,SBI,South,M003,1975.83,1,NONE
TXN0001257,2026-08-30 06:44:06+00:00,77,UPI,AXIS,Central,M006,2505.83,1,NONE
TXN0001958,2026-08-30 06:44:09+00:00,77,UPI,KOTAK,West,M004,1341.08,1,NONE
TXN0000342,2026-08-30 06:44:09+00:00,77,CARD,AXIS,West,M004,1372.56,1,NONE
TXN0000073,2026-08-30 06:44:12+00:00,77,CARD,ICICI,West,M003,2712.76,0,TIMEOUT
TXN0005990,2026-08-30 06:44:12+00:00,77,NETBANKING,HDFC,South,M006,1822.15,1,NONE
TXN0003818,2026-08-30 06:44:13+00:00,77,UPI,AXIS,South,M005,1118.62,1,NONE
TXN0001739,2026-08-30 06:44:15+00:00,77,UPI,HDFC,North,M004,2862.2,1,NONE
TXN0005027,2026-08-30 06:44:16+00:00,77,UPI,HDFC,West,M004,1939.27,1,NONE
TXN0003973,2026-08-30 06:44:18+00:00,77,UPI,ICICI,North,M006,531.97,1,NONE
TXN0002931,2026-08-30 06:44:22+00:00,77,UPI,KOTAK,West,M002,1320.82,1,NONE
TXN0003373,2026-08-30 06:44:23+00:00,77,UPI,AXIS,Central,M006,1139.2,1,NONE
TXN0001984,2026-08-30 06:44:25+00:00,77,NETBANKING,SBI,South,M006,628.51,1,NONE
TXN0003861,2026-08-30 06:44:29+00:00,77,WALLET,ICICI,Central,M004,1842.72,1,NONE
TXN0001870,2026-08-30 06:44:32+00:00,77,CARD,HDFC,South,M005,3762.35,1,NONE
TXN0003560,2026-08-30 06:44:32+00:00,77,UPI,SBI,North,M001,2021.35,1,NONE
TXN0005998,2026-08-30 06:44:33+00:00,77,CARD,KOTAK,West,M003,5708.7,1,NONE
TXN0005304,2026-08-30 06:44:33+00:00,77,CARD,ICICI,West,M001,399.76,1,NONE
TXN0001419,2026-08-30 06:44:34+00:00,77,UPI,KOTAK,West,M006,1673.51,1,NONE
TXN0000760,2026-08-30 06:44:35+00:00,77,UPI,HDFC,South,M005,468.64,1,NONE
TXN0001909,2026-08-30 06:44:40+00:00,77,UPI,ICICI,North,M005,4090.5,1,NONE
TXN0000303,2026-08-30 06:44:41+00:00,77,UPI,SBI,South,M005,1990.2,1,NONE
TXN0006288,2026-08-30 06:44:41+00:00,77,NETBANKING,AXIS,West,M005,886.84,1,NONE
TXN0004851,2026-08-30 06:44:44+00:00,77,NETBANKING,SBI,Central,M004,810.42,1,NONE
TXN0005963,2026-08-30 06:44:45+00:00,77,CARD,ICICI,South,M003,3688.62,1,NONE
TXN0002466,2026-08-30 06:44:45+00:00,77,CARD,SBI,East,M006,1135.3,1,NONE
TXN0004612,2026-08-30 06:44:46+00:00,77,NETBANKING,HDFC,West,M001,2034.2,1,NONE
TXN0002176,2026-08-30 06:44:49+00:00,77,NETBANKING,ICICI,South,M004,1506.95,1,NONE
TXN0004506,2026-08-30 06:44:50+00:00,77,CARD,HDFC,South,M002,11824.51,0,CUSTOMER_CANCELLED
TXN0005923,2026-08-30 06:44:56+00:00,77,UPI,KOTAK,West,M003,4851.62,1,NONE
TXN0006818,2026-08-30 06:44:56+00:00,77,UPI,HDFC,South,M006,2355.21,1,NONE
TXN0000732,2026-08-30 06:44:57+00:00,77,UPI,ICICI,East,M003,502.64,1,NONE
TXN0006472,2026-08-30 06:44:58+00:00,77,NETBANKING,ICICI,South,M004,743.37,1,NONE
TXN0005419,2026-08-30 06:44:59+00:00,77,CARD,ICICI,North,M002,1589.83,1,NONE
TXN0001914,2026-08-30 06:45:00+00:00,78,CARD,KOTAK,North,M001,13409.79,1,NONE
TXN0005455,2026-08-30 06:45:04+00:00,78,CARD,ICICI,West,M001,693.59,1,NONE
TXN0002287,2026-08-30 06:45:04+00:00,78,UPI,ICICI,North,M001,835.07,1,NONE
TXN0003166,2026-08-30 06:45:05+00:00,78,NETBANKING,SBI,South,M003,469.25,1,NONE
TXN0007131,2026-08-30 06:45:06+00:00,78,CARD,HDFC,Central,M003,4606.08,1,NONE
TXN0002456,2026-08-30 06:45:08+00:00,78,CARD,HDFC,South,M006,881.38,1,NONE
TXN0005064,2026-08-30 06:45:14+00:00,78,CARD,SBI,North,M004,816.92,1,NONE
TXN0006505,2026-08-30 06:45:17+00:00,78,UPI,HDFC,West,M005,544.78,1,NONE
TXN0006928,2026-08-30 06:45:18+00:00,78,UPI,HDFC,West,M005,1648.98,1,NONE
TXN0002843,2026-08-30 06:45:20+00:00,78,CARD,AXIS,Central,M001,7807.48,0,CUSTOMER_CANCELLED
TXN0006971,2026-08-30 06:45:24+00:00,78,NETBANKING,SBI,East,M005,1233.04,1,NONE
TXN0000190,2026-08-30 06:45:25+00:00,78,WALLET,SBI,North,M003,953.13,1,NONE
TXN0000721,2026-08-30 06:45:27+00:00,78,CARD,ICICI,West,M005,431.46,1,NONE
TXN0004164,2026-08-30 06:45:27+00:00,78,UPI,SBI,East,M001,5739.75,1,NONE
TXN0004384,2026-08-30 06:45:29+00:00,78,UPI,KOTAK,North,M002,2897.24,1,NONE
TXN0001439,2026-08-30 06:45:29+00:00,78,UPI,SBI,East,M005,5994.16,1,NONE
TXN0003772,2026-08-30 06:45:30+00:00,78,WALLET,SBI,West,M005,910.83,1,NONE
TXN0006043,2026-08-30 06:45:32+00:00,78,UPI,SBI,Central,M006,849.67,1,NONE
TXN0001569,2026-08-30 06:45:32+00:00,78,CARD,HDFC,North,M002,2589.8,1,NONE
TXN0000861,2026-08-30 06:45:34+00:00,78,CARD,HDFC,South,M004,976.92,1,NONE
TXN0004603,2026-08-30 06:45:34+00:00,78,UPI,SBI,South,M004,538.55,1,NONE
TXN0001549,2026-08-30 06:45:34+00:00,78,CARD,SBI,South,M006,1577.45,1,NONE
TXN0003367,2026-08-30 06:45:36+00:00,78,UPI,AXIS,West,M002,2879.64,1,NONE
TXN0006884,2026-08-30 06:45:39+00:00,78,CARD,SBI,Central,M002,1691.38,1,NONE
TXN0002429,2026-08-30 06:45:40+00:00,78,CARD,HDFC,South,M004,1759.47,1,NONE
TXN0002422,2026-08-30 06:45:42+00:00,78,UPI,ICICI,Central,M004,2185.03,1,NONE
TXN0004234,2026-08-30 06:45:44+00:00,78,UPI,HDFC,South,M003,684.49,0,BANK_DECLINED
TXN0002636,2026-08-30 06:45:45+00:00,78,WALLET,ICICI,South,M006,707.66,1,NONE
TXN0001608,2026-08-30 06:45:46+00:00,78,UPI,HDFC,North,M002,714.38,1,NONE
TXN0005288,2026-08-30 06:45:46+00:00,78,NETBANKING,SBI,South,M006,9883.03,1,NONE
TXN0004888,2026-08-30 06:45:46+00:00,78,UPI,AXIS,North,M006,843.6,1,NONE
TXN0007040,2026-08-30 06:45:46+00:00,78,WALLET,HDFC,North,M004,6239.07,1,NONE
TXN0001581,2026-08-30 06:45:49+00:00,78,UPI,SBI,North,M004,195.72,1,NONE
TXN0006441,2026-08-30 06:45:50+00:00,78,UPI,ICICI,South,M002,446.0,1,NONE
TXN0001794,2026-08-30 06:45:53+00:00,78,UPI,KOTAK,South,M003,1264.07,1,NONE
TXN0003660,2026-08-30 06:45:54+00:00,78,UPI,HDFC,West,M005,2825.62,1,NONE
TXN0006742,2026-08-30 06:45:55+00:00,78,CARD,KOTAK,North,M003,2057.19,1,NONE
TXN0005213,2026-08-30 06:45:56+00:00,78,UPI,HDFC,West,M002,390.01,1,NONE
TXN0003342,2026-08-30 06:45:58+00:00,78,CARD,ICICI,Central,M002,5910.95,1,NONE
TXN0004085,2026-08-30 06:45:59+00:00,78,UPI,HDFC,North,M002,486.45,1,NONE
TXN0001784,2026-08-30 06:46:01+00:00,79,UPI,AXIS,South,M005,944.67,1,NONE
TXN0004220,2026-08-30 06:46:01+00:00,79,CARD,KOTAK,Central,M006,1536.53,1,NONE
TXN0000551,2026-08-30 06:46:02+00:00,79,UPI,HDFC,South,M005,922.09,1,NONE
TXN0005559,2026-08-30 06:46:04+00:00,79,NETBANKING,SBI,South,M001,1618.76,1,NONE
TXN0006351,2026-08-30 06:46:05+00:00,79,UPI,SBI,North,M003,674.63,1,NONE
TXN0003096,2026-08-30 06:46:09+00:00,79,CARD,ICICI,East,M001,653.05,1,NONE
TXN0000148,2026-08-30 06:46:11+00:00,79,UPI,SBI,West,M006,725.33,0,INSUFFICIENT_FUNDS
TXN0003231,2026-08-30 06:46:12+00:00,79,UPI,KOTAK,West,M003,2332.44,1,NONE
TXN0000435,2026-08-30 06:46:12+00:00,79,UPI,SBI,West,M003,1077.88,1,NONE
TXN0001438,2026-08-30 06:46:13+00:00,79,CARD,AXIS,North,M004,3960.78,1,NONE
TXN0003738,2026-08-30 06:46:13+00:00,79,UPI,SBI,South,M002,1313.89,1,NONE
TXN0006002,2026-08-30 06:46:13+00:00,79,NETBANKING,HDFC,North,M001,3678.91,1,NONE
TXN0006254,2026-08-30 06:46:14+00:00,79,NETBANKING,ICICI,West,M004,2031.68,1,NONE
TXN0002946,2026-08-30 06:46:15+00:00,79,CARD,SBI,North,M002,820.4,1,NONE
TXN0002599,2026-08-30 06:46:19+00:00,79,NETBANKING,ICICI,South,M002,4345.82,1,NONE
TXN0007082,2026-08-30 06:46:20+00:00,79,UPI,KOTAK,North,M001,1507.73,0,BANK_DECLINED
TXN0002521,2026-08-30 06:46:24+00:00,79,NETBANKING,AXIS,South,M001,662.17,0,BANK_DECLINED
TXN0002605,2026-08-30 06:46:24+00:00,79,CARD,AXIS,Central,M003,587.1,1,NONE
TXN0002362,2026-08-30 06:46:27+00:00,79,UPI,SBI,North,M006,2845.74,1,NONE
TXN0007005,2026-08-30 06:46:29+00:00,79,UPI,HDFC,West,M001,5123.34,1,NONE
TXN0002631,2026-08-30 06:46:29+00:00,79,NETBANKING,HDFC,Central,M003,878.69,1,NONE
TXN0002371,2026-08-30 06:46:30+00:00,79,CARD,ICICI,South,M006,606.93,1,NONE
TXN0001056,2026-08-30 06:46:32+00:00,79,NETBANKING,ICICI,East,M005,8332.14,1,NONE
TXN0004088,2026-08-30 06:46:32+00:00,79,WALLET,SBI,West,M005,3842.81,1,NONE
TXN0000572,2026-08-30 06:46:32+00:00,79,NETBANKING,HDFC,West,M005,956.66,0,CUSTOMER_CANCELLED
TXN0002246,2026-08-30 06:46:33+00:00,79,NETBANKING,HDFC,Central,M005,2783.36,1,NONE
TXN0002330,2026-08-30 06:46:34+00:00,79,UPI,ICICI,South,M005,208.88,1,NONE
TXN0001643,2026-08-30 06:46:37+00:00,79,CARD,AXIS,East,M003,6169.53,1,NONE
TXN0002150,2026-08-30 06:46:40+00:00,79,CARD,ICICI,North,M002,416.95,1,NONE
TXN0004784,2026-08-30 06:46:40+00:00,79,UPI,HDFC,South,M002,7524.05,1,NONE
TXN0000503,2026-08-30 06:46:42+00:00,79,UPI,SBI,West,M001,1534.47,1,NONE
TXN0005350,2026-08-30 06:46:43+00:00,79,UPI,HDFC,East,M002,4698.59,1,NONE
TXN0002772,2026-08-30 06:46:43+00:00,79,UPI,HDFC,South,M004,3305.83,1,NONE
TXN0002867,2026-08-30 06:46:46+00:00,79,CARD,KOTAK,East,M005,1277.91,1,NONE
TXN0000958,2026-08-30 06:46:47+00:00,79,WALLET,SBI,North,M001,813.28,1,NONE
TXN0001162,2026-08-30 06:46:53+00:00,79,WALLET,KOTAK,West,M002,481.84,1,NONE
TXN0005458,2026-08-30 06:46:54+00:00,79,UPI,SBI,South,M001,699.94,1,NONE
TXN0002753,2026-08-30 06:46:55+00:00,79,WALLET,SBI,East,M005,779.44,1,NONE
TXN0006720,2026-08-30 06:46:58+00:00,79,UPI,HDFC,North,M006,1345.21,1,NONE
TXN0001888,2026-08-30 06:46:58+00:00,79,UPI,SBI,Central,M005,2479.52,1,NONE
TXN0002649,2026-08-30 06:47:00+00:00,80,NETBANKING,ICICI,East,M006,2562.7,1,NONE
TXN0005257,2026-08-30 06:47:01+00:00,80,CARD,HDFC,West,M002,1608.72,1,NONE
TXN0006725,2026-08-30 06:47:03+00:00,80,UPI,HDFC,West,M001,1586.31,1,NONE
TXN0004044,2026-08-30 06:47:04+00:00,80,WALLET,SBI,South,M006,4304.34,1,NONE
TXN0001986,2026-08-30 06:47:05+00:00,80,UPI,KOTAK,South,M003,728.57,1,NONE
TXN0001560,2026-08-30 06:47:08+00:00,80,CARD,ICICI,South,M002,1164.42,1,NONE
TXN0002084,2026-08-30 06:47:08+00:00,80,UPI,SBI,Central,M006,2860.89,1,NONE
TXN0000802,2026-08-30 06:47:10+00:00,80,CARD,KOTAK,West,M001,8193.49,1,NONE
TXN0000592,2026-08-30 06:47:11+00:00,80,UPI,HDFC,West,M003,2467.93,1,NONE
TXN0002461,2026-08-30 06:47:11+00:00,80,UPI,SBI,East,M006,515.62,1,NONE
TXN0003975,2026-08-30 06:47:12+00:00,80,UPI,ICICI,North,M005,2495.75,1,NONE
TXN0003392,2026-08-30 06:47:12+00:00,80,UPI,HDFC,East,M003,4999.59,0,BANK_DECLINED
TXN0006617,2026-08-30 06:47:13+00:00,80,UPI,HDFC,West,M004,206.54,1,NONE
TXN0005375,2026-08-30 06:47:15+00:00,80,UPI,AXIS,South,M006,2454.84,1,NONE
TXN0002669,2026-08-30 06:47:15+00:00,80,CARD,AXIS,South,M002,5785.94,0,TIMEOUT
TXN0003482,2026-08-30 06:47:19+00:00,80,CARD,SBI,West,M005,559.14,1,NONE
TXN0004917,2026-08-30 06:47:19+00:00,80,UPI,SBI,North,M002,3343.99,1,NONE
TXN0001970,2026-08-30 06:47:19+00:00,80,WALLET,KOTAK,East,M005,1674.0,1,NONE
TXN0003083,2026-08-30 06:47:20+00:00,80,CARD,SBI,South,M001,1511.48,0,INSUFFICIENT_FUNDS
TXN0005805,2026-08-30 06:47:22+00:00,80,UPI,KOTAK,Central,M003,614.89,1,NONE
TXN0000258,2026-08-30 06:47:26+00:00,80,WALLET,SBI,North,M005,644.14,1,NONE
TXN0002532,2026-08-30 06:47:28+00:00,80,NETBANKING,SBI,South,M001,780.92,1,NONE
TXN0003266,2026-08-30 06:47:33+00:00,80,UPI,HDFC,East,M004,3033.28,1,NONE
TXN0004764,2026-08-30 06:47:33+00:00,80,UPI,ICICI,South,M004,332.45,1,NONE
TXN0003606,2026-08-30 06:47:33+00:00,80,UPI,AXIS,Central,M003,552.34,1,NONE
TXN0000424,2026-08-30 06:47:39+00:00,80,CARD,ICICI,East,M002,2580.81,0,BANK_DECLINED
TXN0005700,2026-08-30 06:47:40+00:00,80,UPI,SBI,Central,M005,3665.98,1,NONE
TXN0006593,2026-08-30 06:47:42+00:00,80,UPI,SBI,South,M004,8207.98,1,NONE
TXN0006099,2026-08-30 06:47:45+00:00,80,UPI,ICICI,Central,M006,2474.41,1,NONE
TXN0005105,2026-08-30 06:47:45+00:00,80,UPI,HDFC,South,M004,642.73,0,CUSTOMER_CANCELLED
TXN0003846,2026-08-30 06:47:45+00:00,80,NETBANKING,SBI,West,M001,1811.88,1,NONE
TXN0006231,2026-08-30 06:47:46+00:00,80,CARD,HDFC,Central,M005,651.96,1,NONE
TXN0006188,2026-08-30 06:47:46+00:00,80,CARD,AXIS,North,M001,2555.68,1,NONE
TXN0000734,2026-08-30 06:47:48+00:00,80,UPI,HDFC,Central,M003,489.32,1,NONE
TXN0004023,2026-08-30 06:47:50+00:00,80,CARD,AXIS,West,M001,2253.13,1,NONE
TXN0002552,2026-08-30 06:47:51+00:00,80,UPI,AXIS,South,M004,1992.26,1,NONE
TXN0005480,2026-08-30 06:47:56+00:00,80,UPI,AXIS,Central,M002,1140.83,1,NONE
TXN0003009,2026-08-30 06:47:57+00:00,80,UPI,HDFC,Central,M002,2357.75,1,NONE
TXN0004082,2026-08-30 06:47:58+00:00,80,CARD,SBI,West,M003,1535.8,1,NONE
TXN0002639,2026-08-30 06:47:59+00:00,80,UPI,HDFC,West,M001,1674.88,1,NONE
TXN0003128,2026-08-30 06:48:02+00:00,81,UPI,SBI,South,M004,12053.97,1,NONE
TXN0003196,2026-08-30 06:48:02+00:00,81,UPI,SBI,West,M006,1057.4,1,NONE
TXN0004959,2026-08-30 06:48:03+00:00,81,CARD,SBI,North,M002,961.71,1,NONE
TXN0004421,2026-08-30 06:48:04+00:00,81,CARD,SBI,Central,M006,364.72,1,NONE
TXN0002049,2026-08-30 06:48:07+00:00,81,UPI,SBI,South,M005,543.21,1,NONE
TXN0005806,2026-08-30 06:48:09+00:00,81,WALLET,SBI,South,M004,5007.98,1,NONE
TXN0004441,2026-08-30 06:48:12+00:00,81,UPI,ICICI,West,M003,1031.25,1,NONE
TXN0003253,2026-08-30 06:48:14+00:00,81,WALLET,KOTAK,South,M003,6535.79,1,NONE
TXN0000428,2026-08-30 06:48:15+00:00,81,UPI,KOTAK,East,M004,3756.08,1,NONE
TXN0003277,2026-08-30 06:48:19+00:00,81,UPI,AXIS,North,M002,1394.37,1,NONE
TXN0003854,2026-08-30 06:48:19+00:00,81,UPI,ICICI,West,M006,766.95,1,NONE
TXN0001340,2026-08-30 06:48:19+00:00,81,NETBANKING,SBI,Central,M006,1649.71,0,BANK_DECLINED
TXN0000389,2026-08-30 06:48:19+00:00,81,CARD,ICICI,North,M001,527.85,1,NONE
TXN0006359,2026-08-30 06:48:20+00:00,81,UPI,AXIS,Central,M001,1105.41,1,NONE
TXN0002406,2026-08-30 06:48:21+00:00,81,CARD,ICICI,South,M006,2598.1,1,NONE
TXN0002318,2026-08-30 06:48:22+00:00,81,CARD,ICICI,North,M003,4748.82,1,NONE
TXN0003238,2026-08-30 06:48:23+00:00,81,UPI,SBI,West,M005,1982.4,1,NONE
TXN0002824,2026-08-30 06:48:25+00:00,81,UPI,HDFC,Central,M002,2562.51,1,NONE
TXN0004979,2026-08-30 06:48:25+00:00,81,CARD,KOTAK,East,M006,3447.23,1,NONE
TXN0006475,2026-08-30 06:48:25+00:00,81,CARD,HDFC,South,M006,948.15,1,NONE
TXN0006282,2026-08-30 06:48:27+00:00,81,NETBANKING,ICICI,South,M005,480.66,1,NONE
TXN0003086,2026-08-30 06:48:29+00:00,81,UPI,SBI,North,M002,770.58,1,NONE
TXN0004177,2026-08-30 06:48:30+00:00,81,CARD,ICICI,West,M001,3273.99,1,NONE
TXN0006585,2026-08-30 06:48:30+00:00,81,UPI,KOTAK,Central,M005,444.41,1,NONE
TXN0001463,2026-08-30 06:48:31+00:00,81,CARD,SBI,East,M003,1767.35,1,NONE
TXN0004060,2026-08-30 06:48:33+00:00,81,CARD,HDFC,East,M006,1506.89,1,NONE
TXN0003499,2026-08-30 06:48:34+00:00,81,UPI,SBI,South,M003,766.81,1,NONE
TXN0000694,2026-08-30 06:48:35+00:00,81,UPI,HDFC,South,M002,7910.0,1,NONE
TXN0004278,2026-08-30 06:48:39+00:00,81,UPI,HDFC,East,M006,1067.76,1,NONE
TXN0004962,2026-08-30 06:48:42+00:00,81,WALLET,KOTAK,West,M003,2008.96,1,NONE
TXN0000016,2026-08-30 06:48:42+00:00,81,UPI,KOTAK,West,M005,1787.9,1,NONE
TXN0005359,2026-08-30 06:48:42+00:00,81,UPI,SBI,North,M002,9105.99,1,NONE
TXN0006890,2026-08-30 06:48:44+00:00,81,UPI,ICICI,West,M004,3461.6,1,NONE
TXN0001180,2026-08-30 06:48:45+00:00,81,CARD,HDFC,Central,M006,1650.82,1,NONE
TXN0001108,2026-08-30 06:48:49+00:00,81,NETBANKING,ICICI,South,M003,6237.01,1,NONE
TXN0001476,2026-08-30 06:48:49+00:00,81,UPI,KOTAK,South,M006,2838.65,1,NONE
TXN0002614,2026-08-30 06:48:51+00:00,81,UPI,HDFC,South,M006,399.49,1,NONE
TXN0002549,2026-08-30 06:48:52+00:00,81,CARD,KOTAK,South,M006,218.55,1,NONE
TXN0004429,2026-08-30 06:48:57+00:00,81,UPI,HDFC,South,M006,2461.14,1,NONE
TXN0003222,2026-08-30 06:48:58+00:00,81,UPI,SBI,West,M002,2257.89,1,NONE
TXN0001167,2026-08-30 06:49:00+00:00,82,UPI,KOTAK,North,M002,579.2,1,NONE
TXN0006960,2026-08-30 06:49:03+00:00,82,CARD,SBI,West,M001,3812.06,1,NONE
TXN0006873,2026-08-30 06:49:03+00:00,82,CARD,KOTAK,North,M003,1402.14,1,NONE
TXN0005553,2026-08-30 06:49:05+00:00,82,CARD,AXIS,South,M004,2128.92,1,NONE
TXN0000600,2026-08-30 06:49:06+00:00,82,UPI,SBI,South,M006,1307.18,0,BANK_DECLINED
TXN0003689,2026-08-30 06:49:07+00:00,82,CARD,SBI,South,M005,1219.36,1,NONE
TXN0001601,2026-08-30 06:49:09+00:00,82,UPI,SBI,South,M004,944.59,1,NONE
TXN0001322,2026-08-30 06:49:10+00:00,82,NETBANKING,HDFC,South,M004,514.45,1,NONE
TXN0002671,2026-08-30 06:49:11+00:00,82,UPI,KOTAK,West,M004,1456.6,1,NONE
TXN0006920,2026-08-30 06:49:11+00:00,82,NETBANKING,ICICI,West,M006,2387.19,0,CUSTOMER_CANCELLED
TXN0005985,2026-08-30 06:49:18+00:00,82,WALLET,ICICI,South,M005,6106.13,0,INSUFFICIENT_FUNDS
TXN0001602,2026-08-30 06:49:18+00:00,82,UPI,ICICI,North,M001,1036.27,1,NONE
TXN0004578,2026-08-30 06:49:18+00:00,82,UPI,ICICI,South,M003,1546.86,1,NONE
TXN0002109,2026-08-30 06:49:20+00:00,82,NETBANKING,ICICI,West,M003,1092.25,1,NONE
TXN0003524,2026-08-30 06:49:20+00:00,82,CARD,SBI,Central,M006,822.76,1,NONE
TXN0002463,2026-08-30 06:49:22+00:00,82,UPI,KOTAK,South,M003,1165.65,1,NONE
TXN0005010,2026-08-30 06:49:22+00:00,82,CARD,ICICI,South,M001,4963.39,1,NONE
TXN0002797,2026-08-30 06:49:28+00:00,82,NETBANKING,SBI,South,M003,1264.25,1,NONE
TXN0003379,2026-08-30 06:49:34+00:00,82,NETBANKING,ICICI,East,M003,620.16,1,NONE
TXN0003540,2026-08-30 06:49:34+00:00,82,UPI,KOTAK,South,M001,1039.68,1,NONE
TXN0005159,2026-08-30 06:49:35+00:00,82,UPI,SBI,North,M002,1371.94,1,NONE
TXN0004747,2026-08-30 06:49:36+00:00,82,UPI,AXIS,South,M002,1060.14,1,NONE
TXN0000854,2026-08-30 06:49:36+00:00,82,UPI,HDFC,South,M004,842.91,1,NONE
TXN0000257,2026-08-30 06:49:38+00:00,82,UPI,ICICI,North,M003,943.68,1,NONE
TXN0001012,2026-08-30 06:49:39+00:00,82,UPI,HDFC,North,M002,492.83,1,NONE
TXN0001071,2026-08-30 06:49:40+00:00,82,NETBANKING,ICICI,South,M005,3060.4,1,NONE
TXN0007026,2026-08-30 06:49:43+00:00,82,CARD,ICICI,Central,M005,3221.91,1,NONE
TXN0003072,2026-08-30 06:49:43+00:00,82,NETBANKING,SBI,South,M005,841.75,1,NONE
TXN0000378,2026-08-30 06:49:45+00:00,82,WALLET,SBI,South,M004,2334.0,1,NONE
TXN0005430,2026-08-30 06:49:46+00:00,82,NETBANKING,HDFC,West,M006,1712.28,1,NONE
TXN0000692,2026-08-30 06:49:47+00:00,82,UPI,AXIS,South,M006,1595.88,1,NONE
TXN0005164,2026-08-30 06:49:47+00:00,82,UPI,SBI,Central,M005,1119.48,1,NONE
TXN0006169,2026-08-30 06:49:47+00:00,82,NETBANKING,ICICI,South,M002,5349.19,0,CUSTOMER_CANCELLED
TXN0003205,2026-08-30 06:49:48+00:00,82,UPI,AXIS,North,M005,1011.93,1,NONE
TXN0005746,2026-08-30 06:49:51+00:00,82,WALLET,AXIS,North,M004,627.54,1,NONE
TXN0002416,2026-08-30 06:49:52+00:00,82,CARD,KOTAK,West,M004,4324.17,1,NONE
TXN0002869,2026-08-30 06:49:53+00:00,82,UPI,AXIS,West,M004,1118.22,1,NONE
TXN0001007,2026-08-30 06:49:56+00:00,82,UPI,AXIS,South,M003,4085.51,1,NONE
TXN0003578,2026-08-30 06:49:58+00:00,82,WALLET,AXIS,West,M004,1774.55,1,NONE
TXN0001886,2026-08-30 06:49:58+00:00,82,UPI,SBI,East,M004,1373.31,1,NONE
TXN0002625,2026-08-30 06:50:00+00:00,83,UPI,HDFC,West,M005,693.01,0,INSUFFICIENT_FUNDS
TXN0006833,2026-08-30 06:50:00+00:00,83,UPI,KOTAK,East,M005,2894.28,1,NONE
TXN0001478,2026-08-30 06:50:01+00:00,83,UPI,ICICI,Central,M002,490.83,1,NONE
TXN0002938,2026-08-30 06:50:03+00:00,83,CARD,ICICI,West,M006,1526.29,1,NONE
TXN0003366,2026-08-30 06:50:04+00:00,83,NETBANKING,KOTAK,South,M004,650.63,1,NONE
TXN0004889,2026-08-30 06:50:08+00:00,83,UPI,SBI,North,M004,2315.48,1,NONE
TXN0006129,2026-08-30 06:50:09+00:00,83,UPI,AXIS,Central,M004,1112.29,1,NONE
TXN0002597,2026-08-30 06:50:09+00:00,83,NETBANKING,ICICI,East,M003,1929.96,1,NONE
TXN0005526,2026-08-30 06:50:11+00:00,83,UPI,KOTAK,West,M003,1423.84,1,NONE
TXN0004508,2026-08-30 06:50:12+00:00,83,CARD,KOTAK,West,M003,848.42,0,BANK_DECLINED
TXN0001155,2026-08-30 06:50:14+00:00,83,UPI,KOTAK,West,M005,11095.14,1,NONE
TXN0001307,2026-08-30 06:50:14+00:00,83,CARD,HDFC,North,M004,546.56,1,NONE
TXN0007044,2026-08-30 06:50:14+00:00,83,UPI,ICICI,South,M003,1501.26,1,NONE
TXN0006998,2026-08-30 06:50:16+00:00,83,WALLET,HDFC,Central,M003,3763.07,1,NONE
TXN0000155,2026-08-30 06:50:16+00:00,83,NETBANKING,KOTAK,North,M002,1994.97,1,NONE
TXN0003241,2026-08-30 06:50:17+00:00,83,UPI,ICICI,West,M001,2150.76,1,NONE
TXN0002181,2026-08-30 06:50:18+00:00,83,WALLET,AXIS,South,M003,1822.25,1,NONE
TXN0005309,2026-08-30 06:50:20+00:00,83,UPI,AXIS,Central,M003,1335.32,1,NONE
TXN0004007,2026-08-30 06:50:20+00:00,83,CARD,KOTAK,West,M005,3299.09,1,NONE
TXN0006775,2026-08-30 06:50:20+00:00,83,CARD,HDFC,Central,M003,145.11,1,NONE
TXN0005337,2026-08-30 06:50:26+00:00,83,UPI,HDFC,North,M002,1156.8,1,NONE
TXN0003183,2026-08-30 06:50:28+00:00,83,UPI,SBI,South,M003,1451.64,1,NONE
TXN0006721,2026-08-30 06:50:29+00:00,83,UPI,SBI,South,M003,1718.47,1,NONE
TXN0001460,2026-08-30 06:50:31+00:00,83,CARD,HDFC,East,M005,2351.58,0,INSUFFICIENT_FUNDS
TXN0001911,2026-08-30 06:50:31+00:00,83,WALLET,HDFC,South,M003,1170.15,1,NONE
TXN0001491,2026-08-30 06:50:34+00:00,83,CARD,ICICI,West,M003,514.08,1,NONE
TXN0004302,2026-08-30 06:50:37+00:00,83,UPI,KOTAK,East,M006,4185.68,1,NONE
TXN0000590,2026-08-30 06:50:38+00:00,83,CARD,KOTAK,South,M001,1051.65,1,NONE
TXN0004945,2026-08-30 06:50:42+00:00,83,WALLET,ICICI,East,M003,2238.06,1,NONE
TXN0003634,2026-08-30 06:50:42+00:00,83,UPI,ICICI,North,M006,836.5,1,NONE
TXN0002586,2026-08-30 06:50:44+00:00,83,WALLET,AXIS,East,M001,762.65,1,NONE
TXN0006637,2026-08-30 06:50:49+00:00,83,UPI,AXIS,South,M004,505.29,1,NONE
TXN0000017,2026-08-30 06:50:50+00:00,83,CARD,HDFC,East,M006,1625.28,1,NONE
TXN0005869,2026-08-30 06:50:50+00:00,83,NETBANKING,SBI,West,M003,517.78,1,NONE
TXN0003931,2026-08-30 06:50:50+00:00,83,UPI,AXIS,South,M001,1450.79,1,NONE
TXN0006590,2026-08-30 06:50:53+00:00,83,CARD,AXIS,West,M001,2932.71,1,NONE
TXN0006250,2026-08-30 06:50:54+00:00,83,CARD,AXIS,North,M002,681.04,0,BANK_DECLINED
TXN0006132,2026-08-30 06:50:56+00:00,83,NETBANKING,SBI,North,M004,1114.49,1,NONE
TXN0000828,2026-08-30 06:50:58+00:00,83,UPI,SBI,East,M002,2789.52,1,NONE
TXN0006098,2026-08-30 06:50:58+00:00,83,CARD,ICICI,West,M002,3682.82,1,NONE
TXN0000576,2026-08-30 06:51:00+00:00,84,UPI,HDFC,North,M004,560.16,1,NONE
TXN0006156,2026-08-30 06:51:03+00:00,84,UPI,SBI,North,M004,600.74,1,NONE
TXN0002589,2026-08-30 06:51:05+00:00,84,UPI,HDFC,East,M005,3569.52,1,NONE
TXN0005340,2026-08-30 06:51:05+00:00,84,WALLET,KOTAK,West,M005,462.66,1,NONE
TXN0001262,2026-08-30 06:51:06+00:00,84,UPI,ICICI,East,M003,1083.38,1,NONE
TXN0000949,2026-08-30 06:51:06+00:00,84,NETBANKING,SBI,West,M004,1745.87,1,NONE
TXN0006904,2026-08-30 06:51:06+00:00,84,WALLET,SBI,West,M006,2879.33,1,NONE
TXN0005859,2026-08-30 06:51:06+00:00,84,WALLET,HDFC,East,M006,4163.59,1,NONE
TXN0007187,2026-08-30 06:51:12+00:00,84,CARD,HDFC,North,M006,1753.28,1,NONE
TXN0000455,2026-08-30 06:51:12+00:00,84,CARD,ICICI,East,M002,854.23,1,NONE
TXN0002919,2026-08-30 06:51:14+00:00,84,NETBANKING,ICICI,South,M001,692.45,1,NONE
TXN0001220,2026-08-30 06:51:14+00:00,84,CARD,HDFC,South,M006,3232.58,1,NONE
TXN0003751,2026-08-30 06:51:15+00:00,84,UPI,HDFC,Central,M002,393.95,1,NONE
TXN0002347,2026-08-30 06:51:15+00:00,84,UPI,ICICI,West,M002,3057.77,1,NONE
TXN0002050,2026-08-30 06:51:15+00:00,84,CARD,HDFC,South,M005,618.11,1,NONE
TXN0004341,2026-08-30 06:51:17+00:00,84,UPI,AXIS,East,M005,884.61,1,NONE
TXN0005353,2026-08-30 06:51:18+00:00,84,NETBANKING,ICICI,Central,M004,2287.92,1,NONE
TXN0005068,2026-08-30 06:51:19+00:00,84,UPI,AXIS,Central,M002,3968.0,1,NONE
TXN0006937,2026-08-30 06:51:19+00:00,84,NETBANKING,HDFC,East,M005,261.65,1,NONE
TXN0001407,2026-08-30 06:51:22+00:00,84,UPI,SBI,East,M002,402.1,1,NONE
TXN0003908,2026-08-30 06:51:22+00:00,84,WALLET,SBI,Central,M002,3081.6,1,NONE
TXN0003119,2026-08-30 06:51:23+00:00,84,CARD,AXIS,West,M002,523.29,1,NONE
TXN0004647,2026-08-30 06:51:23+00:00,84,NETBANKING,SBI,West,M003,1869.04,1,NONE
TXN0001276,2026-08-30 06:51:24+00:00,84,CARD,HDFC,North,M006,389.29,1,NONE
TXN0003022,2026-08-30 06:51:26+00:00,84,UPI,SBI,North,M001,1906.53,1,NONE
TXN0005240,2026-08-30 06:51:30+00:00,84,UPI,SBI,South,M003,321.97,1,NONE
TXN0000578,2026-08-30 06:51:34+00:00,84,UPI,SBI,West,M005,360.41,1,NONE
TXN0002812,2026-08-30 06:51:36+00:00,84,UPI,ICICI,East,M003,6606.33,1,NONE
TXN0004503,2026-08-30 06:51:37+00:00,84,CARD,AXIS,East,M001,891.07,1,NONE
TXN0001949,2026-08-30 06:51:39+00:00,84,UPI,ICICI,East,M003,1459.74,1,NONE
TXN0004224,2026-08-30 06:51:42+00:00,84,UPI,SBI,South,M005,888.32,1,NONE
TXN0000834,2026-08-30 06:51:45+00:00,84,UPI,ICICI,West,M001,1574.68,1,NONE
TXN0000930,2026-08-30 06:51:46+00:00,84,UPI,HDFC,East,M006,1428.27,1,NONE
TXN0000647,2026-08-30 06:51:46+00:00,84,UPI,ICICI,North,M006,690.25,1,NONE
TXN0003451,2026-08-30 06:51:47+00:00,84,UPI,ICICI,South,M005,452.85,1,NONE
TXN0001349,2026-08-30 06:51:53+00:00,84,UPI,HDFC,Central,M001,932.34,1,NONE
TXN0002186,2026-08-30 06:51:55+00:00,84,UPI,AXIS,West,M006,7832.69,1,NONE
TXN0005658,2026-08-30 06:51:56+00:00,84,CARD,HDFC,South,M002,2696.78,1,NONE
TXN0004465,2026-08-30 06:51:57+00:00,84,UPI,SBI,East,M002,748.16,1,NONE
TXN0004310,2026-08-30 06:51:58+00:00,84,UPI,HDFC,North,M006,876.26,1,NONE
TXN0000206,2026-08-30 06:52:02+00:00,85,CARD,KOTAK,North,M004,621.17,1,NONE
TXN0001048,2026-08-30 06:52:04+00:00,85,UPI,HDFC,West,M006,396.23,1,NONE
TXN0003259,2026-08-30 06:52:04+00:00,85,UPI,ICICI,East,M005,1270.98,1,NONE
TXN0000473,2026-08-30 06:52:05+00:00,85,UPI,SBI,South,M002,1663.02,1,NONE
TXN0001085,2026-08-30 06:52:05+00:00,85,UPI,ICICI,East,M004,722.39,1,NONE
TXN0000246,2026-08-30 06:52:06+00:00,85,UPI,HDFC,Central,M002,4392.62,1,NONE
TXN0002540,2026-08-30 06:52:06+00:00,85,NETBANKING,HDFC,South,M001,5522.69,1,NONE
TXN0004331,2026-08-30 06:52:08+00:00,85,UPI,HDFC,East,M002,7214.95,1,NONE
TXN0001777,2026-08-30 06:52:09+00:00,85,WALLET,HDFC,West,M003,1823.53,1,NONE
TXN0004140,2026-08-30 06:52:11+00:00,85,WALLET,KOTAK,South,M004,2741.27,1,NONE
TXN0005999,2026-08-30 06:52:11+00:00,85,CARD,HDFC,West,M001,1996.92,1,NONE
TXN0006357,2026-08-30 06:52:12+00:00,85,UPI,AXIS,East,M003,739.06,1,NONE
TXN0004483,2026-08-30 06:52:13+00:00,85,WALLET,HDFC,East,M003,2257.64,1,NONE
TXN0005531,2026-08-30 06:52:13+00:00,85,UPI,HDFC,Central,M004,468.96,1,NONE
TXN0003349,2026-08-30 06:52:14+00:00,85,CARD,AXIS,South,M004,12710.7,1,NONE
TXN0006409,2026-08-30 06:52:18+00:00,85,UPI,SBI,North,M006,1666.19,1,NONE
TXN0005742,2026-08-30 06:52:19+00:00,85,CARD,ICICI,West,M002,2949.62,1,NONE
TXN0006299,2026-08-30 06:52:19+00:00,85,CARD,AXIS,West,M001,4564.57,1,NONE
TXN0002182,2026-08-30 06:52:21+00:00,85,WALLET,ICICI,North,M006,1143.85,1,NONE
TXN0000242,2026-08-30 06:52:22+00:00,85,CARD,SBI,South,M005,1659.66,1,NONE
TXN0000038,2026-08-30 06:52:23+00:00,85,UPI,ICICI,West,M006,799.18,1,NONE
TXN0004086,2026-08-30 06:52:24+00:00,85,CARD,SBI,West,M006,5729.47,1,NONE
TXN0002024,2026-08-30 06:52:25+00:00,85,UPI,ICICI,East,M002,2709.84,1,NONE
TXN0004629,2026-08-30 06:52:26+00:00,85,CARD,SBI,North,M005,3151.21,0,BANK_DECLINED
TXN0006040,2026-08-30 06:52:30+00:00,85,UPI,HDFC,South,M002,977.09,1,NONE
TXN0004909,2026-08-30 06:52:30+00:00,85,UPI,SBI,South,M006,2222.18,1,NONE
TXN0002518,2026-08-30 06:52:31+00:00,85,CARD,ICICI,North,M001,3295.8,1,NONE
TXN0004595,2026-08-30 06:52:32+00:00,85,UPI,SBI,East,M005,3907.55,1,NONE
TXN0001098,2026-08-30 06:52:33+00:00,85,UPI,HDFC,West,M003,1514.04,1,NONE
TXN0000851,2026-08-30 06:52:34+00:00,85,UPI,KOTAK,East,M002,572.41,1,NONE
TXN0004033,2026-08-30 06:52:35+00:00,85,NETBANKING,SBI,South,M001,1120.83,1,NONE
TXN0004504,2026-08-30 06:52:39+00:00,85,UPI,HDFC,Central,M002,3053.0,1,NONE
TXN0001628,2026-08-30 06:52:45+00:00,85,WALLET,SBI,West,M004,473.09,1,NONE
TXN0003287,2026-08-30 06:52:45+00:00,85,UPI,ICICI,East,M001,6214.98,1,NONE
TXN0001959,2026-08-30 06:52:46+00:00,85,UPI,KOTAK,Central,M005,2114.66,1,NONE
TXN0003323,2026-08-30 06:52:46+00:00,85,CARD,SBI,West,M004,890.69,1,NONE
TXN0004171,2026-08-30 06:52:50+00:00,85,WALLET,AXIS,West,M006,1075.42,1,NONE
TXN0007042,2026-08-30 06:52:51+00:00,85,NETBANKING,KOTAK,West,M003,941.05,1,NONE
TXN0004109,2026-08-30 06:52:53+00:00,85,UPI,ICICI,South,M005,2384.78,0,INSUFFICIENT_FUNDS
TXN0004958,2026-08-30 06:52:54+00:00,85,UPI,HDFC,South,M005,2356.35,1,NONE
TXN0001758,2026-08-30 06:53:00+00:00,86,CARD,HDFC,North,M002,801.08,1,NONE
TXN0005077,2026-08-30 06:53:02+00:00,86,UPI,SBI,North,M005,1534.68,1,NONE
TXN0002200,2026-08-30 06:53:03+00:00,86,CARD,AXIS,South,M004,1812.38,1,NONE
TXN0000887,2026-08-30 06:53:04+00:00,86,NETBANKING,AXIS,South,M004,2003.21,1,NONE
TXN0000094,2026-08-30 06:53:04+00:00,86,WALLET,AXIS,West,M002,1318.44,1,NONE
TXN0006915,2026-08-30 06:53:05+00:00,86,CARD,KOTAK,West,M005,830.11,1,NONE
TXN0007063,2026-08-30 06:53:06+00:00,86,UPI,HDFC,South,M004,1421.01,1,NONE
TXN0004355,2026-08-30 06:53:07+00:00,86,CARD,SBI,Central,M002,2569.85,1,NONE
TXN0005547,2026-08-30 06:53:08+00:00,86,UPI,KOTAK,South,M005,2120.77,1,NONE
TXN0004378,2026-08-30 06:53:09+00:00,86,UPI,AXIS,South,M002,1778.73,1,NONE
TXN0004597,2026-08-30 06:53:10+00:00,86,UPI,KOTAK,North,M006,1202.14,1,NONE
TXN0000024,2026-08-30 06:53:10+00:00,86,CARD,SBI,West,M001,524.37,1,NONE
TXN0007080,2026-08-30 06:53:12+00:00,86,UPI,AXIS,West,M004,2781.3,1,NONE
TXN0003017,2026-08-30 06:53:14+00:00,86,UPI,ICICI,East,M005,1396.68,1,NONE
TXN0005130,2026-08-30 06:53:15+00:00,86,UPI,AXIS,East,M002,308.96,1,NONE
TXN0000108,2026-08-30 06:53:22+00:00,86,NETBANKING,ICICI,West,M004,1640.0,1,NONE
TXN0003167,2026-08-30 06:53:22+00:00,86,CARD,ICICI,Central,M006,2218.42,0,INSUFFICIENT_FUNDS
TXN0004320,2026-08-30 06:53:23+00:00,86,CARD,HDFC,North,M006,608.07,1,NONE
TXN0002670,2026-08-30 06:53:28+00:00,86,NETBANKING,HDFC,South,M005,688.99,1,NONE
TXN0001636,2026-08-30 06:53:30+00:00,86,NETBANKING,SBI,North,M004,2351.4,0,CUSTOMER_CANCELLED
TXN0001061,2026-08-30 06:53:32+00:00,86,UPI,HDFC,West,M005,1943.14,1,NONE
TXN0002472,2026-08-30 06:53:33+00:00,86,CARD,SBI,West,M001,3422.92,1,NONE
TXN0000335,2026-08-30 06:53:35+00:00,86,CARD,HDFC,South,M005,266.83,1,NONE
TXN0000651,2026-08-30 06:53:37+00:00,86,NETBANKING,ICICI,East,M001,1517.58,1,NONE
TXN0006545,2026-08-30 06:53:39+00:00,86,CARD,AXIS,South,M001,1473.09,1,NONE
TXN0002980,2026-08-30 06:53:40+00:00,86,UPI,SBI,South,M004,2703.68,1,NONE
TXN0006341,2026-08-30 06:53:42+00:00,86,UPI,AXIS,North,M001,2150.46,1,NONE
TXN0002645,2026-08-30 06:53:44+00:00,86,UPI,KOTAK,East,M002,1273.46,1,NONE
TXN0000967,2026-08-30 06:53:46+00:00,86,UPI,KOTAK,Central,M006,4245.07,1,NONE
TXN0002741,2026-08-30 06:53:46+00:00,86,NETBANKING,HDFC,South,M002,1149.11,1,NONE
TXN0006618,2026-08-30 06:53:48+00:00,86,UPI,KOTAK,South,M006,1133.59,1,NONE
TXN0004307,2026-08-30 06:53:50+00:00,86,CARD,AXIS,North,M002,661.27,1,NONE
TXN0004216,2026-08-30 06:53:51+00:00,86,NETBANKING,AXIS,West,M005,1170.74,1,NONE
TXN0000925,2026-08-30 06:53:52+00:00,86,UPI,HDFC,North,M002,1283.14,1,NONE
TXN0002551,2026-08-30 06:53:52+00:00,86,UPI,ICICI,East,M006,1911.49,1,NONE
TXN0005504,2026-08-30 06:53:54+00:00,86,NETBANKING,AXIS,East,M001,2709.36,1,NONE
TXN0002990,2026-08-30 06:53:57+00:00,86,CARD,HDFC,West,M003,2283.85,1,NONE
TXN0003146,2026-08-30 06:53:58+00:00,86,CARD,HDFC,West,M004,2027.06,1,NONE
TXN0003433,2026-08-30 06:53:58+00:00,86,UPI,ICICI,West,M003,4488.25,1,NONE
TXN0001624,2026-08-30 06:53:58+00:00,86,CARD,HDFC,North,M005,1714.97,1,NONE
TXN0004606,2026-08-30 06:54:00+00:00,87,CARD,KOTAK,North,M005,976.54,1,NONE
TXN0004311,2026-08-30 06:54:01+00:00,87,UPI,AXIS,South,M001,612.06,1,NONE
TXN0001990,2026-08-30 06:54:02+00:00,87,UPI,ICICI,South,M002,2790.99,1,NONE
TXN0002089,2026-08-30 06:54:04+00:00,87,CARD,KOTAK,Central,M002,2545.64,1,NONE
TXN0002145,2026-08-30 06:54:05+00:00,87,NETBANKING,SBI,West,M004,384.56,1,NONE
TXN0001468,2026-08-30 06:54:06+00:00,87,CARD,HDFC,West,M002,331.12,1,NONE
TXN0006783,2026-08-30 06:54:13+00:00,87,CARD,SBI,West,M006,615.94,1,NONE
TXN0002890,2026-08-30 06:54:13+00:00,87,CARD,AXIS,North,M005,1845.6,1,NONE
TXN0005217,2026-08-30 06:54:14+00:00,87,CARD,SBI,East,M004,2333.69,1,NONE
TXN0006581,2026-08-30 06:54:16+00:00,87,UPI,ICICI,South,M004,1001.12,1,NONE
TXN0006224,2026-08-30 06:54:16+00:00,87,UPI,SBI,South,M001,2515.67,1,NONE
TXN0003189,2026-08-30 06:54:17+00:00,87,UPI,HDFC,North,M004,1316.74,1,NONE
TXN0001944,2026-08-30 06:54:19+00:00,87,CARD,SBI,Central,M005,4848.92,1,NONE
TXN0006162,2026-08-30 06:54:21+00:00,87,CARD,HDFC,South,M005,974.54,1,NONE
TXN0003226,2026-08-30 06:54:23+00:00,87,CARD,SBI,Central,M005,1382.26,1,NONE
TXN0002389,2026-08-30 06:54:25+00:00,87,UPI,SBI,East,M002,1472.6,1,NONE
TXN0001754,2026-08-30 06:54:25+00:00,87,CARD,SBI,North,M003,1570.01,1,NONE
TXN0001773,2026-08-30 06:54:26+00:00,87,CARD,HDFC,West,M001,732.68,1,NONE
TXN0003717,2026-08-30 06:54:30+00:00,87,NETBANKING,HDFC,North,M004,695.7,1,NONE
TXN0004200,2026-08-30 06:54:32+00:00,87,CARD,AXIS,West,M003,1160.22,1,NONE
TXN0007071,2026-08-30 06:54:32+00:00,87,UPI,SBI,Central,M001,2684.9,1,NONE
TXN0005656,2026-08-30 06:54:33+00:00,87,UPI,ICICI,Central,M004,410.12,0,BANK_DECLINED
TXN0000250,2026-08-30 06:54:33+00:00,87,UPI,HDFC,South,M006,29007.83,1,NONE
TXN0001278,2026-08-30 06:54:36+00:00,87,UPI,SBI,South,M005,855.91,1,NONE
TXN0003145,2026-08-30 06:54:36+00:00,87,UPI,AXIS,South,M003,2433.83,1,NONE
TXN0006906,2026-08-30 06:54:38+00:00,87,UPI,AXIS,South,M005,787.94,1,NONE
TXN0005445,2026-08-30 06:54:39+00:00,87,UPI,ICICI,South,M003,1919.41,1,NONE
TXN0002107,2026-08-30 06:54:39+00:00,87,UPI,AXIS,Central,M005,1251.4,1,NONE
TXN0001342,2026-08-30 06:54:39+00:00,87,UPI,KOTAK,Central,M006,1364.08,1,NONE
TXN0001760,2026-08-30 06:54:46+00:00,87,UPI,ICICI,North,M001,663.57,1,NONE
TXN0006634,2026-08-30 06:54:48+00:00,87,UPI,KOTAK,South,M004,901.68,1,NONE
TXN0004223,2026-08-30 06:54:50+00:00,87,NETBANKING,HDFC,Central,M001,1852.47,1,NONE
TXN0005392,2026-08-30 06:54:50+00:00,87,CARD,HDFC,South,M001,2484.25,1,NONE
TXN0004280,2026-08-30 06:54:52+00:00,87,CARD,SBI,Central,M006,2009.0,1,NONE
TXN0004400,2026-08-30 06:54:53+00:00,87,UPI,HDFC,East,M006,9481.36,1,NONE
TXN0004554,2026-08-30 06:54:54+00:00,87,UPI,KOTAK,West,M006,5048.3,1,NONE
TXN0005967,2026-08-30 06:54:55+00:00,87,CARD,ICICI,East,M001,1116.18,1,NONE
TXN0004099,2026-08-30 06:54:56+00:00,87,UPI,HDFC,East,M003,1640.24,1,NONE
TXN0000187,2026-08-30 06:54:59+00:00,87,UPI,HDFC,West,M001,982.04,1,NONE
TXN0002738,2026-08-30 06:54:59+00:00,87,UPI,SBI,North,M006,4495.82,1,NONE
TXN0002894,2026-08-30 06:55:00+00:00,88,CARD,KOTAK,North,M006,636.92,1,NONE
TXN0006713,2026-08-30 06:55:01+00:00,88,UPI,ICICI,East,M001,2215.93,1,NONE
TXN0006878,2026-08-30 06:55:03+00:00,88,UPI,KOTAK,East,M002,381.38,1,NONE
TXN0003242,2026-08-30 06:55:03+00:00,88,UPI,AXIS,West,M005,4073.51,1,NONE
TXN0001730,2026-08-30 06:55:07+00:00,88,UPI,SBI,Central,M001,839.96,1,NONE
TXN0006135,2026-08-30 06:55:08+00:00,88,UPI,KOTAK,Central,M006,482.78,1,NONE
TXN0005493,2026-08-30 06:55:09+00:00,88,UPI,AXIS,Central,M005,552.74,1,NONE
TXN0001728,2026-08-30 06:55:09+00:00,88,UPI,HDFC,West,M002,3675.68,1,NONE
TXN0007022,2026-08-30 06:55:10+00:00,88,UPI,KOTAK,South,M001,3917.7,1,NONE
TXN0003270,2026-08-30 06:55:11+00:00,88,UPI,KOTAK,West,M006,2035.5,1,NONE
TXN0004985,2026-08-30 06:55:12+00:00,88,UPI,HDFC,South,M001,349.65,1,NONE
TXN0006924,2026-08-30 06:55:20+00:00,88,UPI,HDFC,East,M004,3128.04,1,NONE
TXN0003153,2026-08-30 06:55:23+00:00,88,CARD,SBI,West,M003,4483.84,1,NONE
TXN0002066,2026-08-30 06:55:24+00:00,88,UPI,SBI,North,M002,1204.75,1,NONE
TXN0004403,2026-08-30 06:55:25+00:00,88,UPI,HDFC,East,M005,1087.72,0,BANK_DECLINED
TXN0006797,2026-08-30 06:55:26+00:00,88,UPI,AXIS,South,M006,466.65,1,NONE
TXN0004880,2026-08-30 06:55:30+00:00,88,UPI,SBI,South,M003,3148.05,1,NONE
TXN0003695,2026-08-30 06:55:32+00:00,88,CARD,ICICI,Central,M003,1290.07,1,NONE
TXN0003614,2026-08-30 06:55:34+00:00,88,NETBANKING,SBI,North,M003,352.16,1,NONE
TXN0005835,2026-08-30 06:55:36+00:00,88,CARD,HDFC,East,M006,2119.54,1,NONE
TXN0004582,2026-08-30 06:55:36+00:00,88,NETBANKING,SBI,South,M004,2686.4,1,NONE
TXN0006102,2026-08-30 06:55:36+00:00,88,UPI,SBI,West,M002,190.86,1,NONE
TXN0004783,2026-08-30 06:55:38+00:00,88,WALLET,HDFC,West,M005,2008.11,1,NONE
TXN0006056,2026-08-30 06:55:40+00:00,88,UPI,SBI,Central,M002,508.92,1,NONE
TXN0004701,2026-08-30 06:55:40+00:00,88,CARD,KOTAK,South,M005,3813.24,1,NONE
TXN0002572,2026-08-30 06:55:41+00:00,88,UPI,HDFC,Central,M005,2519.52,1,NONE
TXN0004938,2026-08-30 06:55:42+00:00,88,UPI,SBI,West,M006,3517.57,1,NONE
TXN0000049,2026-08-30 06:55:43+00:00,88,CARD,AXIS,East,M004,1036.8,1,NONE
TXN0006428,2026-08-30 06:55:43+00:00,88,UPI,KOTAK,South,M001,3161.61,1,NONE
TXN0004990,2026-08-30 06:55:46+00:00,88,UPI,HDFC,North,M006,2030.11,1,NONE
TXN0004995,2026-08-30 06:55:46+00:00,88,UPI,ICICI,South,M005,1078.88,0,BANK_DECLINED
TXN0002247,2026-08-30 06:55:46+00:00,88,CARD,HDFC,South,M006,2098.27,1,NONE
TXN0003963,2026-08-30 06:55:47+00:00,88,NETBANKING,SBI,West,M005,916.71,1,NONE
TXN0006039,2026-08-30 06:55:53+00:00,88,UPI,ICICI,East,M002,2404.14,1,NONE
TXN0004841,2026-08-30 06:55:54+00:00,88,UPI,HDFC,Central,M005,1290.32,0,TIMEOUT
TXN0005319,2026-08-30 06:55:55+00:00,88,UPI,KOTAK,East,M003,692.99,1,NONE
TXN0004135,2026-08-30 06:55:57+00:00,88,CARD,HDFC,South,M004,2814.68,1,NONE
TXN0005630,2026-08-30 06:55:57+00:00,88,NETBANKING,SBI,West,M004,1225.99,1,NONE
TXN0000087,2026-08-30 06:55:59+00:00,88,UPI,AXIS,South,M002,843.02,1,NONE
TXN0003352,2026-08-30 06:55:59+00:00,88,UPI,HDFC,North,M005,594.59,1,NONE
TXN0000998,2026-08-30 06:56:00+00:00,89,UPI,SBI,South,M003,797.03,1,NONE
TXN0005235,2026-08-30 06:56:04+00:00,89,UPI,SBI,West,M004,7914.97,1,NONE
TXN0002337,2026-08-30 06:56:04+00:00,89,NETBANKING,AXIS,Central,M005,1416.87,1,NONE
TXN0006105,2026-08-30 06:56:04+00:00,89,CARD,HDFC,West,M002,803.25,1,NONE
TXN0004815,2026-08-30 06:56:06+00:00,89,NETBANKING,ICICI,East,M002,2333.87,1,NONE
TXN0006365,2026-08-30 06:56:12+00:00,89,UPI,SBI,Central,M004,2553.79,1,NONE
TXN0005109,2026-08-30 06:56:13+00:00,89,NETBANKING,AXIS,South,M005,986.56,1,NONE
TXN0000107,2026-08-30 06:56:14+00:00,89,CARD,HDFC,North,M005,2049.64,1,NONE
TXN0000298,2026-08-30 06:56:15+00:00,89,NETBANKING,KOTAK,Central,M003,2167.27,1,NONE
TXN0002993,2026-08-30 06:56:15+00:00,89,WALLET,ICICI,East,M003,626.53,1,NONE
TXN0002736,2026-08-30 06:56:16+00:00,89,UPI,ICICI,South,M004,1747.86,1,NONE
TXN0001750,2026-08-30 06:56:17+00:00,89,UPI,SBI,East,M002,2759.52,1,NONE
TXN0006347,2026-08-30 06:56:17+00:00,89,UPI,SBI,North,M002,1128.33,1,NONE
TXN0001185,2026-08-30 06:56:19+00:00,89,CARD,ICICI,North,M004,573.27,1,NONE
TXN0006214,2026-08-30 06:56:20+00:00,89,CARD,HDFC,East,M005,4463.91,1,NONE
TXN0001642,2026-08-30 06:56:20+00:00,89,UPI,SBI,Central,M006,5907.13,1,NONE
TXN0004619,2026-08-30 06:56:21+00:00,89,UPI,HDFC,North,M002,1592.96,1,NONE
TXN0004024,2026-08-30 06:56:21+00:00,89,CARD,SBI,East,M001,1338.42,1,NONE
TXN0000665,2026-08-30 06:56:21+00:00,89,CARD,HDFC,South,M001,513.34,1,NONE
TXN0006822,2026-08-30 06:56:24+00:00,89,CARD,SBI,North,M004,1166.03,1,NONE
TXN0004802,2026-08-30 06:56:26+00:00,89,CARD,KOTAK,North,M001,1780.49,1,NONE
TXN0001303,2026-08-30 06:56:29+00:00,89,UPI,HDFC,North,M002,536.22,1,NONE
TXN0005382,2026-08-30 06:56:29+00:00,89,NETBANKING,SBI,West,M001,2684.06,1,NONE
TXN0005492,2026-08-30 06:56:30+00:00,89,WALLET,AXIS,North,M004,4976.78,0,INSUFFICIENT_FUNDS
TXN0004103,2026-08-30 06:56:32+00:00,89,UPI,SBI,South,M004,882.22,1,NONE
TXN0006770,2026-08-30 06:56:33+00:00,89,WALLET,ICICI,West,M003,982.46,1,NONE
TXN0000118,2026-08-30 06:56:33+00:00,89,WALLET,AXIS,South,M006,2401.89,1,NONE
TXN0005793,2026-08-30 06:56:34+00:00,89,UPI,KOTAK,West,M006,2208.32,1,NONE
TXN0003498,2026-08-30 06:56:36+00:00,89,UPI,AXIS,South,M006,780.3,1,NONE
TXN0003646,2026-08-30 06:56:37+00:00,89,CARD,HDFC,East,M006,2117.35,1,NONE
TXN0004333,2026-08-30 06:56:38+00:00,89,UPI,ICICI,North,M002,1873.35,1,NONE
TXN0003036,2026-08-30 06:56:39+00:00,89,UPI,SBI,South,M005,867.83,1,NONE
TXN0006360,2026-08-30 06:56:40+00:00,89,CARD,HDFC,South,M001,702.27,0,INSUFFICIENT_FUNDS
TXN0004621,2026-08-30 06:56:48+00:00,89,CARD,SBI,South,M006,637.72,1,NONE
TXN0007179,2026-08-30 06:56:48+00:00,89,UPI,SBI,South,M001,663.37,1,NONE
TXN0006430,2026-08-30 06:56:50+00:00,89,UPI,HDFC,West,M003,1076.55,1,NONE
TXN0005601,2026-08-30 06:56:53+00:00,89,UPI,AXIS,South,M001,238.61,1,NONE
TXN0005900,2026-08-30 06:56:56+00:00,89,UPI,HDFC,North,M005,526.98,1,NONE
TXN0000406,2026-08-30 06:56:57+00:00,89,UPI,ICICI,North,M003,3006.52,1,NONE
TXN0006731,2026-08-30 06:56:57+00:00,89,UPI,AXIS,South,M003,255.31,1,NONE
TXN0002730,2026-08-30 06:57:01+00:00,90,UPI,SBI,West,M005,2222.46,1,NONE
TXN0000589,2026-08-30 06:57:01+00:00,90,UPI,AXIS,Central,M003,1824.47,0,CUSTOMER_CANCELLED
TXN0006372,2026-08-30 06:57:01+00:00,90,CARD,ICICI,South,M002,1128.1,1,NONE
TXN0002126,2026-08-30 06:57:06+00:00,90,UPI,ICICI,West,M002,1444.07,1,NONE
TXN0000559,2026-08-30 06:57:09+00:00,90,UPI,AXIS,South,M003,1363.4,1,NONE
TXN0000200,2026-08-30 06:57:09+00:00,90,CARD,HDFC,Central,M001,490.73,1,NONE
TXN0004170,2026-08-30 06:57:11+00:00,90,CARD,ICICI,Central,M001,2412.83,1,NONE
TXN0002410,2026-08-30 06:57:12+00:00,90,WALLET,ICICI,West,M002,1331.75,1,NONE
TXN0003593,2026-08-30 06:57:14+00:00,90,WALLET,HDFC,South,M005,1295.9,1,NONE
TXN0000674,2026-08-30 06:57:15+00:00,90,CARD,AXIS,West,M004,573.59,1,NONE
TXN0007183,2026-08-30 06:57:19+00:00,90,UPI,ICICI,West,M002,569.77,1,NONE
TXN0002099,2026-08-30 06:57:20+00:00,90,UPI,AXIS,West,M003,464.55,1,NONE
TXN0005049,2026-08-30 06:57:20+00:00,90,CARD,AXIS,South,M005,556.33,1,NONE
TXN0000089,2026-08-30 06:57:20+00:00,90,UPI,KOTAK,North,M003,2878.71,1,NONE
TXN0003670,2026-08-30 06:57:23+00:00,90,WALLET,HDFC,North,M005,2106.96,1,NONE
TXN0005691,2026-08-30 06:57:24+00:00,90,CARD,HDFC,South,M006,2279.31,1,NONE
TXN0004432,2026-08-30 06:57:25+00:00,90,UPI,KOTAK,South,M001,559.59,1,NONE
TXN0002342,2026-08-30 06:57:28+00:00,90,UPI,AXIS,North,M005,1133.92,1,NONE
TXN0006700,2026-08-30 06:57:30+00:00,90,UPI,ICICI,South,M003,839.45,1,NONE
TXN0002482,2026-08-30 06:57:31+00:00,90,UPI,HDFC,East,M002,2251.71,1,NONE
TXN0003662,2026-08-30 06:57:31+00:00,90,UPI,HDFC,South,M001,2805.85,1,NONE
TXN0006194,2026-08-30 06:57:34+00:00,90,UPI,ICICI,East,M006,6790.21,1,NONE
TXN0000289,2026-08-30 06:57:35+00:00,90,NETBANKING,SBI,North,M003,1523.27,1,NONE
TXN0000286,2026-08-30 06:57:37+00:00,90,UPI,AXIS,East,M001,7062.74,1,NONE
TXN0002939,2026-08-30 06:57:37+00:00,90,UPI,ICICI,South,M005,2907.48,1,NONE
TXN0005050,2026-08-30 06:57:40+00:00,90,CARD,ICICI,South,M003,2217.01,1,NONE
TXN0006264,2026-08-30 06:57:41+00:00,90,UPI,AXIS,West,M003,830.13,1,NONE
TXN0005920,2026-08-30 06:57:42+00:00,90,CARD,AXIS,Central,M003,1547.96,1,NONE
TXN0004669,2026-08-30 06:57:43+00:00,90,UPI,ICICI,Central,M002,1257.43,1,NONE
TXN0003986,2026-08-30 06:57:44+00:00,90,UPI,KOTAK,East,M006,886.89,1,NONE
TXN0001877,2026-08-30 06:57:44+00:00,90,CARD,HDFC,North,M002,749.34,1,NONE
TXN0002598,2026-08-30 06:57:44+00:00,90,UPI,AXIS,North,M006,1951.77,1,NONE
TXN0003664,2026-08-30 06:57:47+00:00,90,NETBANKING,KOTAK,Central,M005,361.2,1,NONE
TXN0005692,2026-08-30 06:57:50+00:00,90,UPI,ICICI,South,M006,2044.75,1,NONE
TXN0000186,2026-08-30 06:57:52+00:00,90,UPI,HDFC,South,M002,10411.34,1,NONE
TXN0005632,2026-08-30 06:57:54+00:00,90,UPI,ICICI,North,M001,1864.2,1,NONE
TXN0000330,2026-08-30 06:57:55+00:00,90,UPI,SBI,Central,M006,488.36,1,NONE
TXN0005924,2026-08-30 06:57:56+00:00,90,CARD,SBI,North,M003,2213.82,1,NONE
TXN0005495,2026-08-30 06:57:56+00:00,90,UPI,SBI,Central,M001,652.03,1,NONE
TXN0007128,2026-08-30 06:57:59+00:00,90,CARD,ICICI,East,M003,371.92,1,NONE
TXN0002212,2026-08-30 06:58:02+00:00,91,UPI,HDFC,South,M005,2428.37,1,NONE
TXN0002418,2026-08-30 06:58:03+00:00,91,UPI,HDFC,North,M001,2507.04,0,BANK_DECLINED
TXN0001194,2026-08-30 06:58:03+00:00,91,UPI,KOTAK,East,M005,346.35,1,NONE
TXN0003763,2026-08-30 06:58:05+00:00,91,CARD,SBI,East,M006,2384.35,1,NONE
TXN0004444,2026-08-30 06:58:07+00:00,91,NETBANKING,AXIS,South,M001,757.28,1,NONE
TXN0000027,2026-08-30 06:58:14+00:00,91,NETBANKING,HDFC,South,M001,2920.31,1,NONE
TXN0005291,2026-08-30 06:58:17+00:00,91,UPI,SBI,North,M005,765.95,1,NONE
TXN0006839,2026-08-30 06:58:18+00:00,91,CARD,ICICI,Central,M005,992.14,1,NONE
TXN0003375,2026-08-30 06:58:20+00:00,91,NETBANKING,AXIS,East,M002,5295.48,1,NONE
TXN0002030,2026-08-30 06:58:21+00:00,91,WALLET,ICICI,West,M004,1420.11,1,NONE
TXN0003113,2026-08-30 06:58:21+00:00,91,CARD,ICICI,East,M002,1222.86,1,NONE
TXN0006499,2026-08-30 06:58:21+00:00,91,UPI,SBI,North,M002,7298.58,1,NONE
TXN0003780,2026-08-30 06:58:22+00:00,91,CARD,HDFC,South,M002,3188.52,1,NONE
TXN0000855,2026-08-30 06:58:24+00:00,91,CARD,KOTAK,South,M004,2776.47,1,NONE
TXN0000945,2026-08-30 06:58:25+00:00,91,CARD,SBI,West,M001,1131.11,1,NONE
TXN0001884,2026-08-30 06:58:25+00:00,91,NETBANKING,HDFC,South,M006,1848.46,1,NONE
TXN0001578,2026-08-30 06:58:27+00:00,91,WALLET,HDFC,North,M001,1551.17,1,NONE
TXN0003381,2026-08-30 06:58:27+00:00,91,UPI,SBI,South,M005,799.27,1,NONE
TXN0005453,2026-08-30 06:58:28+00:00,91,NETBANKING,SBI,North,M003,2127.15,1,NONE
TXN0003071,2026-08-30 06:58:29+00:00,91,UPI,KOTAK,South,M004,3986.73,1,NONE
TXN0005048,2026-08-30 06:58:29+00:00,91,CARD,KOTAK,North,M003,2406.17,1,NONE
TXN0005368,2026-08-30 06:58:30+00:00,91,WALLET,HDFC,East,M001,5379.2,1,NONE
TXN0003694,2026-08-30 06:58:31+00:00,91,UPI,HDFC,South,M003,298.02,1,NONE
TXN0005033,2026-08-30 06:58:31+00:00,91,UPI,KOTAK,South,M006,2059.71,1,NONE
TXN0000886,2026-08-30 06:58:33+00:00,91,UPI,ICICI,South,M005,3549.91,1,NONE
TXN0004000,2026-08-30 06:58:34+00:00,91,CARD,KOTAK,West,M004,1121.02,1,NONE
TXN0005786,2026-08-30 06:58:35+00:00,91,UPI,SBI,West,M006,1997.36,1,NONE
TXN0005468,2026-08-30 06:58:35+00:00,91,UPI,AXIS,East,M003,715.56,1,NONE
TXN0002858,2026-08-30 06:58:41+00:00,91,UPI,SBI,North,M003,1126.22,1,NONE
TXN0005461,2026-08-30 06:58:41+00:00,91,UPI,ICICI,East,M006,2505.7,1,NONE
TXN0001329,2026-08-30 06:58:43+00:00,91,UPI,KOTAK,South,M001,844.51,1,NONE
TXN0005404,2026-08-30 06:58:44+00:00,91,CARD,ICICI,Central,M006,1195.4,1,NONE
TXN0001160,2026-08-30 06:58:47+00:00,91,UPI,KOTAK,North,M003,1856.88,1,NONE
TXN0003387,2026-08-30 06:58:47+00:00,91,UPI,HDFC,South,M002,542.62,1,NONE
TXN0005627,2026-08-30 06:58:48+00:00,91,CARD,ICICI,West,M005,1046.61,1,NONE
TXN0000649,2026-08-30 06:58:49+00:00,91,UPI,HDFC,North,M002,772.24,1,NONE
TXN0000969,2026-08-30 06:58:49+00:00,91,WALLET,ICICI,Central,M003,6258.24,1,NONE
TXN0004346,2026-08-30 06:58:54+00:00,91,UPI,HDFC,North,M005,535.43,1,NONE
TXN0004786,2026-08-30 06:58:55+00:00,91,UPI,AXIS,South,M005,1049.57,1,NONE
TXN0000528,2026-08-30 06:58:57+00:00,91,NETBANKING,HDFC,West,M001,371.38,1,NONE
TXN0004650,2026-08-30 06:59:01+00:00,92,UPI,ICICI,South,M006,420.93,1,NONE
TXN0005581,2026-08-30 06:59:02+00:00,92,UPI,HDFC,West,M005,6606.11,0,BANK_DECLINED
TXN0002953,2026-08-30 06:59:03+00:00,92,UPI,ICICI,West,M003,942.1,1,NONE
TXN0002966,2026-08-30 06:59:05+00:00,92,UPI,ICICI,South,M002,2233.11,1,NONE
TXN0001245,2026-08-30 06:59:05+00:00,92,UPI,KOTAK,West,M006,2615.13,1,NONE
TXN0006259,2026-08-30 06:59:06+00:00,92,CARD,HDFC,South,M002,7007.54,1,NONE
TXN0004542,2026-08-30 06:59:08+00:00,92,UPI,AXIS,East,M004,1903.65,1,NONE
TXN0005335,2026-08-30 06:59:09+00:00,92,WALLET,AXIS,North,M003,1934.98,1,NONE
TXN0005922,2026-08-30 06:59:11+00:00,92,WALLET,HDFC,West,M003,2535.73,1,NONE
TXN0004743,2026-08-30 06:59:15+00:00,92,UPI,SBI,Central,M004,427.96,1,NONE
TXN0002003,2026-08-30 06:59:16+00:00,92,UPI,KOTAK,West,M005,3675.92,1,NONE
TXN0000798,2026-08-30 06:59:21+00:00,92,UPI,AXIS,South,M005,457.32,1,NONE
TXN0001646,2026-08-30 06:59:21+00:00,92,UPI,ICICI,North,M005,2080.79,1,NONE
TXN0001235,2026-08-30 06:59:22+00:00,92,UPI,ICICI,West,M006,668.15,1,NONE
TXN0004344,2026-08-30 06:59:23+00:00,92,UPI,ICICI,West,M001,1446.74,1,NONE
TXN0001033,2026-08-30 06:59:23+00:00,92,UPI,KOTAK,Central,M002,3568.42,1,NONE
TXN0006620,2026-08-30 06:59:24+00:00,92,NETBANKING,AXIS,North,M001,537.56,0,CUSTOMER_CANCELLED
TXN0007086,2026-08-30 06:59:25+00:00,92,WALLET,ICICI,East,M005,1630.25,1,NONE
TXN0003069,2026-08-30 06:59:28+00:00,92,CARD,AXIS,East,M001,5738.81,1,NONE
TXN0002844,2026-08-30 06:59:28+00:00,92,UPI,HDFC,North,M006,2072.85,1,NONE
TXN0003210,2026-08-30 06:59:28+00:00,92,UPI,ICICI,Central,M004,1387.29,1,NONE
TXN0002435,2026-08-30 06:59:30+00:00,92,UPI,KOTAK,West,M006,1791.23,1,NONE
TXN0002854,2026-08-30 06:59:30+00:00,92,UPI,HDFC,South,M001,1654.39,1,NONE
TXN0006242,2026-08-30 06:59:30+00:00,92,UPI,AXIS,West,M006,561.32,1,NONE
TXN0005168,2026-08-30 06:59:32+00:00,92,CARD,ICICI,North,M006,2162.69,1,NONE
TXN0005305,2026-08-30 06:59:32+00:00,92,CARD,KOTAK,South,M005,1836.66,1,NONE
TXN0001862,2026-08-30 06:59:36+00:00,92,CARD,KOTAK,East,M003,1839.91,1,NONE
TXN0000616,2026-08-30 06:59:37+00:00,92,UPI,HDFC,South,M006,732.57,1,NONE
TXN0003206,2026-08-30 06:59:38+00:00,92,UPI,SBI,North,M002,2222.15,1,NONE
TXN0005231,2026-08-30 06:59:39+00:00,92,UPI,HDFC,West,M002,5873.23,0,CUSTOMER_CANCELLED
TXN0005710,2026-08-30 06:59:42+00:00,92,UPI,HDFC,South,M004,3332.16,1,NONE
TXN0002051,2026-08-30 06:59:42+00:00,92,UPI,HDFC,North,M005,1452.39,1,NONE
TXN0005727,2026-08-30 06:59:43+00:00,92,CARD,HDFC,East,M003,1228.72,1,NONE
TXN0006733,2026-08-30 06:59:43+00:00,92,CARD,SBI,South,M005,1279.18,1,NONE
TXN0000446,2026-08-30 06:59:46+00:00,92,CARD,SBI,West,M002,2525.23,1,NONE
TXN0000817,2026-08-30 06:59:48+00:00,92,CARD,SBI,South,M002,1299.56,1,NONE
TXN0003489,2026-08-30 06:59:49+00:00,92,CARD,AXIS,Central,M004,2415.96,1,NONE
TXN0003549,2026-08-30 06:59:52+00:00,92,UPI,ICICI,East,M001,642.19,1,NONE
TXN0005903,2026-08-30 06:59:55+00:00,92,UPI,AXIS,South,M003,5077.02,1,NONE
TXN0003995,2026-08-30 06:59:59+00:00,92,UPI,HDFC,West,M002,3998.59,1,NONE
TXN0006743,2026-08-30 07:00:01+00:00,93,WALLET,SBI,Central,M002,872.61,1,NONE
TXN0002096,2026-08-30 07:00:01+00:00,93,UPI,AXIS,South,M004,2031.39,1,NONE
TXN0002751,2026-08-30 07:00:02+00:00,93,UPI,SBI,South,M005,318.54,1,NONE
TXN0001737,2026-08-30 07:00:02+00:00,93,UPI,AXIS,South,M003,980.15,1,NONE
TXN0002742,2026-08-30 07:00:03+00:00,93,UPI,ICICI,East,M004,1096.93,1,NONE
TXN0001080,2026-08-30 07:00:03+00:00,93,CARD,HDFC,North,M006,174.86,1,NONE
TXN0000120,2026-08-30 07:00:05+00:00,93,UPI,AXIS,West,M005,1150.84,1,NONE
TXN0002402,2026-08-30 07:00:07+00:00,93,CARD,ICICI,East,M003,2918.22,1,NONE
TXN0001708,2026-08-30 07:00:09+00:00,93,CARD,SBI,West,M002,780.39,1,NONE
TXN0004257,2026-08-30 07:00:12+00:00,93,NETBANKING,HDFC,South,M002,1005.78,1,NONE
TXN0006983,2026-08-30 07:00:12+00:00,93,CARD,ICICI,West,M004,2321.98,1,NONE
TXN0005254,2026-08-30 07:00:14+00:00,93,UPI,AXIS,North,M003,2283.28,1,NONE
TXN0003390,2026-08-30 07:00:19+00:00,93,CARD,HDFC,South,M002,466.96,1,NONE
TXN0001898,2026-08-30 07:00:22+00:00,93,CARD,AXIS,Central,M005,6469.78,0,TIMEOUT
TXN0001038,2026-08-30 07:00:22+00:00,93,CARD,HDFC,East,M006,1204.0,1,NONE
TXN0002954,2026-08-30 07:00:23+00:00,93,CARD,SBI,South,M002,3366.2,1,NONE
TXN0001802,2026-08-30 07:00:24+00:00,93,UPI,ICICI,West,M002,1133.97,1,NONE
TXN0001709,2026-08-30 07:00:26+00:00,93,CARD,ICICI,West,M005,482.57,1,NONE
TXN0005603,2026-08-30 07:00:29+00:00,93,NETBANKING,SBI,North,M006,3309.37,1,NONE
TXN0003267,2026-08-30 07:00:30+00:00,93,UPI,AXIS,East,M001,7292.92,1,NONE
TXN0002165,2026-08-30 07:00:30+00:00,93,NETBANKING,KOTAK,North,M003,563.97,1,NONE
TXN0002681,2026-08-30 07:00:31+00:00,93,UPI,SBI,West,M001,2554.38,1,NONE
TXN0006594,2026-08-30 07:00:33+00:00,93,UPI,KOTAK,North,M003,292.53,1,NONE
TXN0000789,2026-08-30 07:00:33+00:00,93,CARD,ICICI,South,M002,2754.69,1,NONE
TXN0002988,2026-08-30 07:00:35+00:00,93,UPI,ICICI,South,M001,10049.14,1,NONE
TXN0000254,2026-08-30 07:00:36+00:00,93,UPI,ICICI,East,M003,7993.73,1,NONE
TXN0005643,2026-08-30 07:00:36+00:00,93,UPI,SBI,North,M004,838.94,1,NONE
TXN0006385,2026-08-30 07:00:38+00:00,93,UPI,KOTAK,North,M002,1041.86,1,NONE
TXN0005965,2026-08-30 07:00:38+00:00,93,WALLET,SBI,West,M001,2290.06,1,NONE
TXN0002199,2026-08-30 07:00:39+00:00,93,WALLET,KOTAK,North,M003,590.8,1,NONE
TXN0006557,2026-08-30 07:00:40+00:00,93,CARD,HDFC,West,M002,430.75,1,NONE
TXN0005961,2026-08-30 07:00:40+00:00,93,UPI,SBI,South,M004,512.18,1,NONE
TXN0005979,2026-08-30 07:00:41+00:00,93,CARD,ICICI,West,M003,2237.7,1,NONE
TXN0003397,2026-08-30 07:00:49+00:00,93,UPI,AXIS,Central,M002,817.46,1,NONE
TXN0002433,2026-08-30 07:00:49+00:00,93,UPI,SBI,West,M005,1100.25,1,NONE
TXN0000319,2026-08-30 07:00:51+00:00,93,UPI,ICICI,Central,M004,1891.69,1,NONE
TXN0002358,2026-08-30 07:00:54+00:00,93,CARD,SBI,West,M004,594.51,1,NONE
TXN0004354,2026-08-30 07:00:54+00:00,93,WALLET,SBI,East,M006,2048.82,1,NONE
TXN0005933,2026-08-30 07:00:58+00:00,93,UPI,HDFC,North,M002,1046.06,1,NONE
TXN0001129,2026-08-30 07:00:59+00:00,93,UPI,AXIS,South,M001,1501.1,1,NONE
TXN0006674,2026-08-30 07:01:00+00:00,94,UPI,SBI,East,M004,843.52,0,BANK_DECLINED
TXN0006317,2026-08-30 07:01:01+00:00,94,UPI,AXIS,South,M004,5946.37,1,NONE
TXN0001857,2026-08-30 07:01:03+00:00,94,UPI,SBI,Central,M005,440.04,1,NONE
TXN0003058,2026-08-30 07:01:03+00:00,94,UPI,SBI,North,M003,1021.84,1,NONE
TXN0006586,2026-08-30 07:01:04+00:00,94,UPI,SBI,Central,M001,4756.29,1,NONE
TXN0000699,2026-08-30 07:01:05+00:00,94,UPI,ICICI,West,M002,6065.47,1,NONE
TXN0000448,2026-08-30 07:01:05+00:00,94,UPI,AXIS,South,M004,3303.81,1,NONE
TXN0002725,2026-08-30 07:01:08+00:00,94,UPI,SBI,North,M002,355.24,1,NONE
TXN0005655,2026-08-30 07:01:11+00:00,94,UPI,SBI,West,M003,1141.14,0,TIMEOUT
TXN0002057,2026-08-30 07:01:12+00:00,94,WALLET,KOTAK,East,M001,3120.73,1,NONE
TXN0007136,2026-08-30 07:01:13+00:00,94,UPI,ICICI,North,M005,895.32,1,NONE
TXN0001434,2026-08-30 07:01:16+00:00,94,CARD,AXIS,West,M003,2219.76,1,NONE
TXN0006687,2026-08-30 07:01:17+00:00,94,UPI,AXIS,North,M004,1712.5,1,NONE
TXN0004775,2026-08-30 07:01:18+00:00,94,UPI,AXIS,South,M003,975.64,1,NONE
TXN0003430,2026-08-30 07:01:19+00:00,94,UPI,SBI,West,M001,2186.41,1,NONE
TXN0000237,2026-08-30 07:01:19+00:00,94,NETBANKING,ICICI,South,M006,4806.82,1,NONE
TXN0006846,2026-08-30 07:01:21+00:00,94,CARD,SBI,West,M003,250.42,1,NONE
TXN0004834,2026-08-30 07:01:22+00:00,94,NETBANKING,HDFC,South,M006,2912.52,1,NONE
TXN0005946,2026-08-30 07:01:25+00:00,94,CARD,HDFC,South,M002,875.44,1,NONE
TXN0005314,2026-08-30 07:01:27+00:00,94,UPI,ICICI,North,M004,361.96,1,NONE
TXN0003868,2026-08-30 07:01:28+00:00,94,CARD,KOTAK,South,M004,550.17,1,NONE
TXN0003679,2026-08-30 07:01:30+00:00,94,UPI,ICICI,West,M003,729.96,1,NONE
TXN0003559,2026-08-30 07:01:30+00:00,94,UPI,HDFC,South,M005,1775.49,1,NONE
TXN0004869,2026-08-30 07:01:31+00:00,94,WALLET,HDFC,East,M001,809.36,1,NONE
TXN0006306,2026-08-30 07:01:32+00:00,94,UPI,ICICI,South,M003,2437.09,1,NONE
TXN0005851,2026-08-30 07:01:34+00:00,94,NETBANKING,SBI,East,M006,1003.87,1,NONE
TXN0003600,2026-08-30 07:01:34+00:00,94,CARD,SBI,East,M003,705.17,1,NONE
TXN0002513,2026-08-30 07:01:36+00:00,94,UPI,KOTAK,Central,M003,900.5,1,NONE
TXN0004437,2026-08-30 07:01:36+00:00,94,NETBANKING,ICICI,North,M005,1069.4,1,NONE
TXN0003409,2026-08-30 07:01:41+00:00,94,UPI,AXIS,North,M006,1001.95,1,NONE
TXN0001401,2026-08-30 07:01:41+00:00,94,UPI,AXIS,East,M005,3992.4,1,NONE
TXN0003599,2026-08-30 07:01:46+00:00,94,UPI,HDFC,West,M002,1426.79,1,NONE
TXN0001882,2026-08-30 07:01:50+00:00,94,UPI,ICICI,Central,M003,862.31,1,NONE
TXN0000363,2026-08-30 07:01:50+00:00,94,UPI,SBI,West,M004,1987.31,1,NONE
TXN0004079,2026-08-30 07:01:52+00:00,94,WALLET,KOTAK,South,M002,2042.46,1,NONE
TXN0006662,2026-08-30 07:01:53+00:00,94,UPI,HDFC,North,M004,991.98,1,NONE
TXN0000127,2026-08-30 07:01:56+00:00,94,CARD,ICICI,South,M002,4538.47,1,NONE
TXN0006762,2026-08-30 07:01:58+00:00,94,CARD,SBI,East,M006,3860.97,1,NONE
TXN0006582,2026-08-30 07:01:58+00:00,94,WALLET,AXIS,South,M001,1066.07,1,NONE
TXN0005675,2026-08-30 07:01:59+00:00,94,UPI,KOTAK,North,M003,592.57,1,NONE
TXN0004080,2026-08-30 07:02:00+00:00,95,UPI,HDFC,North,M006,1408.8,1,NONE
TXN0003428,2026-08-30 07:02:01+00:00,95,UPI,HDFC,North,M005,2446.84,1,NONE
TXN0003865,2026-08-30 07:02:02+00:00,95,UPI,ICICI,East,M006,427.37,1,NONE
TXN0003545,2026-08-30 07:02:02+00:00,95,CARD,HDFC,Central,M006,246.25,1,NONE
TXN0000423,2026-08-30 07:02:04+00:00,95,CARD,HDFC,North,M004,1159.61,0,INSUFFICIENT_FUNDS
TXN0004028,2026-08-30 07:02:06+00:00,95,UPI,HDFC,West,M005,1102.42,1,NONE
TXN0001901,2026-08-30 07:02:12+00:00,95,UPI,KOTAK,West,M003,238.54,1,NONE
TXN0003372,2026-08-30 07:02:12+00:00,95,UPI,HDFC,North,M002,3948.03,1,NONE
TXN0000492,2026-08-30 07:02:13+00:00,95,UPI,AXIS,North,M002,1295.05,1,NONE
TXN0003363,2026-08-30 07:02:15+00:00,95,UPI,KOTAK,South,M001,1263.69,1,NONE
TXN0003458,2026-08-30 07:02:19+00:00,95,UPI,AXIS,Central,M005,957.9,1,NONE
TXN0004214,2026-08-30 07:02:21+00:00,95,UPI,AXIS,East,M004,527.77,1,NONE
TXN0003236,2026-08-30 07:02:22+00:00,95,CARD,ICICI,South,M005,525.95,1,NONE
TXN0001745,2026-08-30 07:02:22+00:00,95,UPI,AXIS,South,M005,772.69,1,NONE
TXN0005996,2026-08-30 07:02:23+00:00,95,UPI,AXIS,Central,M002,1043.8,1,NONE
TXN0000002,2026-08-30 07:02:24+00:00,95,UPI,AXIS,South,M005,4240.69,1,NONE
TXN0001954,2026-08-30 07:02:26+00:00,95,CARD,ICICI,East,M005,1526.26,1,NONE
TXN0005227,2026-08-30 07:02:26+00:00,95,CARD,KOTAK,Central,M003,1120.57,1,NONE
TXN0003039,2026-08-30 07:02:29+00:00,95,CARD,KOTAK,East,M004,701.99,1,NONE
TXN0005948,2026-08-30 07:02:33+00:00,95,CARD,SBI,South,M006,2134.53,1,NONE
TXN0003272,2026-08-30 07:02:33+00:00,95,NETBANKING,HDFC,South,M002,1617.5,1,NONE
TXN0000328,2026-08-30 07:02:36+00:00,95,CARD,ICICI,South,M005,3002.94,1,NONE
TXN0004271,2026-08-30 07:02:37+00:00,95,UPI,ICICI,South,M003,2009.27,1,NONE
TXN0005478,2026-08-30 07:02:37+00:00,95,UPI,SBI,North,M005,992.54,1,NONE
TXN0005082,2026-08-30 07:02:38+00:00,95,UPI,AXIS,West,M003,1113.69,1,NONE
TXN0004230,2026-08-30 07:02:39+00:00,95,UPI,SBI,Central,M002,991.33,1,NONE
TXN0003244,2026-08-30 07:02:39+00:00,95,NETBANKING,AXIS,East,M002,1166.3,1,NONE
TXN0000144,2026-08-30 07:02:42+00:00,95,NETBANKING,SBI,East,M002,440.05,1,NONE
TXN0003505,2026-08-30 07:02:48+00:00,95,UPI,SBI,North,M001,554.31,1,NONE
TXN0006844,2026-08-30 07:02:50+00:00,95,CARD,KOTAK,West,M002,1923.49,1,NONE
TXN0000119,2026-08-30 07:02:52+00:00,95,CARD,SBI,East,M003,1642.4,1,NONE
TXN0000064,2026-08-30 07:02:52+00:00,95,WALLET,KOTAK,South,M002,3031.67,1,NONE
TXN0000809,2026-08-30 07:02:52+00:00,95,UPI,KOTAK,East,M005,1035.25,0,CUSTOMER_CANCELLED
TXN0004105,2026-08-30 07:02:52+00:00,95,UPI,SBI,Central,M004,1363.23,1,NONE
TXN0001351,2026-08-30 07:02:53+00:00,95,UPI,SBI,West,M006,2183.11,1,NONE
TXN0002117,2026-08-30 07:02:54+00:00,95,UPI,KOTAK,East,M003,2040.01,1,NONE
TXN0001972,2026-08-30 07:02:55+00:00,95,UPI,SBI,East,M006,1985.12,1,NONE
TXN0006158,2026-08-30 07:02:57+00:00,95,CARD,KOTAK,Central,M006,3294.78,1,NONE
TXN0005425,2026-08-30 07:02:57+00:00,95,CARD,AXIS,East,M001,3165.84,1,NONE
TXN0004850,2026-08-30 07:02:59+00:00,95,CARD,ICICI,South,M004,4998.33,1,NONE
TXN0000508,2026-08-30 07:03:01+00:00,96,CARD,AXIS,North,M006,1891.57,1,NONE
TXN0004375,2026-08-30 07:03:04+00:00,96,UPI,SBI,South,M001,819.6,1,NONE
TXN0007111,2026-08-30 07:03:05+00:00,96,WALLET,HDFC,South,M001,1666.18,1,NONE
TXN0000122,2026-08-30 07:03:06+00:00,96,UPI,SBI,North,M001,1529.44,1,NONE
TXN0002391,2026-08-30 07:03:06+00:00,96,UPI,ICICI,South,M001,2213.9,1,NONE
TXN0004695,2026-08-30 07:03:07+00:00,96,CARD,HDFC,North,M002,860.09,1,NONE
TXN0004725,2026-08-30 07:03:07+00:00,96,CARD,SBI,North,M002,7852.19,1,NONE
TXN0001704,2026-08-30 07:03:07+00:00,96,UPI,SBI,North,M004,6624.38,1,NONE
TXN0003994,2026-08-30 07:03:09+00:00,96,UPI,HDFC,North,M003,2711.55,1,NONE
TXN0002424,2026-08-30 07:03:17+00:00,96,UPI,ICICI,West,M001,5763.13,1,NONE
TXN0000717,2026-08-30 07:03:17+00:00,96,WALLET,ICICI,South,M004,516.47,1,NONE
TXN0004804,2026-08-30 07:03:17+00:00,96,UPI,HDFC,North,M003,3843.9,1,NONE
TXN0002297,2026-08-30 07:03:19+00:00,96,UPI,SBI,South,M003,1073.84,1,NONE
TXN0001225,2026-08-30 07:03:21+00:00,96,UPI,HDFC,North,M005,1353.58,1,NONE
TXN0005339,2026-08-30 07:03:21+00:00,96,NETBANKING,SBI,West,M001,2239.81,1,NONE
TXN0006872,2026-08-30 07:03:25+00:00,96,WALLET,ICICI,Central,M001,2914.6,1,NONE
TXN0001867,2026-08-30 07:03:25+00:00,96,UPI,SBI,West,M001,1103.66,1,NONE
TXN0002211,2026-08-30 07:03:28+00:00,96,CARD,ICICI,North,M001,454.92,1,NONE
TXN0002991,2026-08-30 07:03:32+00:00,96,CARD,SBI,East,M006,3268.02,1,NONE
TXN0000484,2026-08-30 07:03:33+00:00,96,UPI,HDFC,Central,M006,1013.15,1,NONE
TXN0000619,2026-08-30 07:03:36+00:00,96,UPI,HDFC,North,M002,4100.78,1,NONE
TXN0002855,2026-08-30 07:03:40+00:00,96,UPI,SBI,South,M001,1313.7,1,NONE
TXN0000077,2026-08-30 07:03:41+00:00,96,UPI,KOTAK,Central,M002,1240.09,1,NONE
TXN0006222,2026-08-30 07:03:43+00:00,96,NETBANKING,HDFC,West,M004,4254.4,1,NONE
TXN0005394,2026-08-30 07:03:44+00:00,96,NETBANKING,SBI,South,M006,310.92,1,NONE
TXN0004127,2026-08-30 07:03:44+00:00,96,CARD,AXIS,South,M001,1629.55,1,NONE
TXN0001520,2026-08-30 07:03:44+00:00,96,WALLET,SBI,West,M001,1027.71,1,NONE
TXN0005199,2026-08-30 07:03:44+00:00,96,NETBANKING,SBI,North,M006,355.24,1,NONE
TXN0006256,2026-08-30 07:03:44+00:00,96,UPI,ICICI,West,M002,1682.87,1,NONE
TXN0002344,2026-08-30 07:03:44+00:00,96,UPI,ICICI,Central,M001,3150.8,1,NONE
TXN0000226,2026-08-30 07:03:45+00:00,96,UPI,HDFC,West,M004,777.95,0,BANK_DECLINED
TXN0004151,2026-08-30 07:03:49+00:00,96,UPI,SBI,Central,M003,2175.3,1,NONE
TXN0000568,2026-08-30 07:03:49+00:00,96,UPI,HDFC,North,M006,6137.94,1,NONE
TXN0003467,2026-08-30 07:03:49+00:00,96,UPI,ICICI,North,M004,1308.89,1,NONE
TXN0006182,2026-08-30 07:03:50+00:00,96,UPI,ICICI,West,M001,1296.88,1,NONE
TXN0003471,2026-08-30 07:03:51+00:00,96,NETBANKING,AXIS,South,M002,1611.66,0,INSUFFICIENT_FUNDS
TXN0006800,2026-08-30 07:03:52+00:00,96,NETBANKING,SBI,North,M003,880.57,1,NONE
TXN0003553,2026-08-30 07:03:52+00:00,96,NETBANKING,HDFC,West,M003,1023.24,1,NONE
TXN0004083,2026-08-30 07:03:52+00:00,96,UPI,AXIS,South,M006,1238.82,1,NONE
TXN0003706,2026-08-30 07:03:58+00:00,96,UPI,HDFC,West,M003,1001.08,1,NONE
TXN0007137,2026-08-30 07:04:01+00:00,97,UPI,HDFC,Central,M002,1290.02,1,NONE
TXN0001564,2026-08-30 07:04:02+00:00,97,UPI,KOTAK,West,M004,1165.74,1,NONE
TXN0003101,2026-08-30 07:04:04+00:00,97,UPI,ICICI,South,M003,2491.39,1,NONE
TXN0005752,2026-08-30 07:04:05+00:00,97,CARD,SBI,North,M006,331.68,1,NONE
TXN0003245,2026-08-30 07:04:05+00:00,97,CARD,ICICI,West,M005,13286.64,1,NONE
TXN0005565,2026-08-30 07:04:08+00:00,97,WALLET,AXIS,West,M001,785.84,1,NONE
TXN0006834,2026-08-30 07:04:09+00:00,97,UPI,AXIS,East,M005,1078.41,1,NONE
TXN0005873,2026-08-30 07:04:13+00:00,97,CARD,SBI,West,M004,1709.94,1,NONE
TXN0002656,2026-08-30 07:04:15+00:00,97,WALLET,AXIS,East,M002,2769.55,1,NONE
TXN0005599,2026-08-30 07:04:16+00:00,97,WALLET,HDFC,West,M005,2570.99,1,NONE
TXN0006093,2026-08-30 07:04:17+00:00,97,CARD,KOTAK,North,M005,1853.87,1,NONE
TXN0003770,2026-08-30 07:04:19+00:00,97,UPI,KOTAK,North,M001,5453.25,1,NONE
TXN0002253,2026-08-30 07:04:22+00:00,97,UPI,SBI,East,M003,1509.0,1,NONE
TXN0007066,2026-08-30 07:04:29+00:00,97,UPI,ICICI,South,M005,1434.56,1,NONE
TXN0005707,2026-08-30 07:04:30+00:00,97,UPI,ICICI,West,M004,1998.73,1,NONE
TXN0001917,2026-08-30 07:04:30+00:00,97,UPI,ICICI,South,M002,3997.22,1,NONE
TXN0002349,2026-08-30 07:04:33+00:00,97,UPI,SBI,West,M005,1005.8,1,NONE
TXN0000501,2026-08-30 07:04:35+00:00,97,UPI,ICICI,North,M002,928.75,1,NONE
TXN0005396,2026-08-30 07:04:36+00:00,97,WALLET,HDFC,West,M001,1459.73,1,NONE
TXN0001428,2026-08-30 07:04:36+00:00,97,UPI,ICICI,North,M004,841.46,1,NONE
TXN0003731,2026-08-30 07:04:39+00:00,97,CARD,AXIS,Central,M003,1195.54,1,NONE
TXN0001389,2026-08-30 07:04:39+00:00,97,UPI,SBI,Central,M002,1018.04,1,NONE
TXN0003480,2026-08-30 07:04:41+00:00,97,NETBANKING,SBI,South,M004,832.61,1,NONE
TXN0005338,2026-08-30 07:04:41+00:00,97,UPI,ICICI,West,M003,2166.15,1,NONE
TXN0004381,2026-08-30 07:04:41+00:00,97,UPI,AXIS,North,M006,760.02,1,NONE
TXN0006469,2026-08-30 07:04:43+00:00,97,UPI,KOTAK,West,M003,3075.51,1,NONE
TXN0006153,2026-08-30 07:04:45+00:00,97,CARD,SBI,West,M002,908.03,0,BANK_DECLINED
TXN0003616,2026-08-30 07:04:46+00:00,97,UPI,ICICI,North,M004,1592.97,1,NONE
TXN0001466,2026-08-30 07:04:46+00:00,97,UPI,ICICI,North,M005,1574.74,1,NONE
TXN0005386,2026-08-30 07:04:47+00:00,97,NETBANKING,HDFC,Central,M001,2750.71,1,NONE
TXN0003649,2026-08-30 07:04:48+00:00,97,NETBANKING,SBI,North,M003,3099.37,1,NONE
TXN0004558,2026-08-30 07:04:49+00:00,97,UPI,HDFC,East,M006,3011.27,1,NONE
TXN0000203,2026-08-30 07:04:50+00:00,97,UPI,SBI,Central,M002,1020.92,1,NONE
TXN0002998,2026-08-30 07:04:53+00:00,97,UPI,HDFC,South,M004,5075.37,1,NONE
TXN0000657,2026-08-30 07:04:54+00:00,97,UPI,SBI,East,M003,5416.39,1,NONE
TXN0004812,2026-08-30 07:04:54+00:00,97,NETBANKING,KOTAK,East,M006,908.65,1,NONE
TXN0000527,2026-08-30 07:04:55+00:00,97,UPI,SBI,South,M006,2134.37,1,NONE
TXN0005935,2026-08-30 07:04:55+00:00,97,UPI,KOTAK,Central,M004,1314.9,1,NONE
TXN0002390,2026-08-30 07:04:56+00:00,97,CARD,SBI,North,M003,359.53,1,NONE
TXN0004981,2026-08-30 07:04:58+00:00,97,CARD,KOTAK,North,M001,5020.85,1,NONE
TXN0002921,2026-08-30 07:05:00+00:00,98,NETBANKING,ICICI,Central,M005,392.81,1,NONE
TXN0002047,2026-08-30 07:05:01+00:00,98,UPI,AXIS,North,M003,1675.87,1,NONE
TXN0006316,2026-08-30 07:05:02+00:00,98,UPI,KOTAK,West,M002,1144.8,1,NONE
TXN0003894,2026-08-30 07:05:08+00:00,98,CARD,AXIS,North,M005,2069.23,1,NONE
TXN0003665,2026-08-30 07:05:09+00:00,98,WALLET,ICICI,North,M001,4868.87,1,NONE
TXN0002484,2026-08-30 07:05:11+00:00,98,UPI,HDFC,South,M003,5124.93,1,NONE
TXN0005891,2026-08-30 07:05:11+00:00,98,UPI,ICICI,West,M006,1306.3,1,NONE
TXN0006754,2026-08-30 07:05:15+00:00,98,CARD,SBI,North,M003,1226.17,1,NONE
TXN0001594,2026-08-30 07:05:18+00:00,98,CARD,KOTAK,North,M002,1701.56,0,INSUFFICIENT_FUNDS
TXN0003204,2026-08-30 07:05:19+00:00,98,UPI,SBI,South,M006,7101.25,1,NONE
TXN0001459,2026-08-30 07:05:19+00:00,98,CARD,ICICI,South,M005,2355.45,1,NONE
TXN0004401,2026-08-30 07:05:21+00:00,98,UPI,ICICI,South,M002,894.02,1,NONE
TXN0001918,2026-08-30 07:05:21+00:00,98,NETBANKING,ICICI,North,M005,598.25,0,BANK_DECLINED
TXN0002672,2026-08-30 07:05:22+00:00,98,CARD,AXIS,West,M002,1151.62,1,NONE
TXN0003803,2026-08-30 07:05:23+00:00,98,UPI,ICICI,South,M001,1533.64,1,NONE
TXN0005341,2026-08-30 07:05:24+00:00,98,NETBANKING,SBI,North,M003,2811.74,0,BANK_DECLINED
TXN0006886,2026-08-30 07:05:25+00:00,98,UPI,SBI,West,M002,2215.64,1,NONE
TXN0004953,2026-08-30 07:05:29+00:00,98,CARD,AXIS,North,M004,1458.95,1,NONE
TXN0002078,2026-08-30 07:05:29+00:00,98,CARD,KOTAK,East,M001,3321.79,1,NONE
TXN0002745,2026-08-30 07:05:30+00:00,98,NETBANKING,KOTAK,North,M003,996.35,1,NONE
TXN0001315,2026-08-30 07:05:30+00:00,98,CARD,ICICI,West,M006,2253.56,1,NONE
TXN0000631,2026-08-30 07:05:31+00:00,98,CARD,SBI,South,M006,533.46,1,NONE
TXN0001500,2026-08-30 07:05:31+00:00,98,UPI,ICICI,North,M006,2144.5,1,NONE
TXN0003711,2026-08-30 07:05:31+00:00,98,CARD,AXIS,East,M006,926.63,0,INSUFFICIENT_FUNDS
TXN0006032,2026-08-30 07:05:32+00:00,98,CARD,ICICI,West,M001,1047.57,1,NONE
TXN0001344,2026-08-30 07:05:32+00:00,98,WALLET,KOTAK,North,M005,3647.76,1,NONE
TXN0002680,2026-08-30 07:05:34+00:00,98,UPI,ICICI,South,M002,2542.63,1,NONE
TXN0003035,2026-08-30 07:05:35+00:00,98,UPI,SBI,West,M005,1544.28,0,INSUFFICIENT_FUNDS
TXN0003391,2026-08-30 07:05:35+00:00,98,CARD,KOTAK,North,M003,1712.27,1,NONE
TXN0006967,2026-08-30 07:05:38+00:00,98,UPI,HDFC,East,M002,2665.96,1,NONE
TXN0002294,2026-08-30 07:05:42+00:00,98,UPI,SBI,North,M003,2259.77,0,BANK_DECLINED
TXN0006180,2026-08-30 07:05:43+00:00,98,UPI,ICICI,South,M003,1052.01,1,NONE
TXN0004226,2026-08-30 07:05:45+00:00,98,UPI,SBI,North,M006,1072.88,1,NONE
TXN0003953,2026-08-30 07:05:48+00:00,98,CARD,HDFC,South,M004,1046.85,1,NONE
TXN0006223,2026-08-30 07:05:53+00:00,98,NETBANKING,ICICI,South,M003,1572.47,1,NONE
TXN0000025,2026-08-30 07:05:53+00:00,98,UPI,HDFC,East,M006,583.45,1,NONE
TXN0002627,2026-08-30 07:05:54+00:00,98,UPI,ICICI,West,M006,1125.11,1,NONE
TXN0006793,2026-08-30 07:05:54+00:00,98,NETBANKING,ICICI,South,M003,1815.56,1,NONE
TXN0000523,2026-08-30 07:05:55+00:00,98,NETBANKING,SBI,Central,M004,416.39,1,NONE
TXN0001146,2026-08-30 07:05:57+00:00,98,NETBANKING,SBI,East,M004,2312.28,1,NONE
TXN0000754,2026-08-30 07:06:00+00:00,99,UPI,ICICI,South,M003,748.62,1,NONE
TXN0006536,2026-08-30 07:06:00+00:00,99,WALLET,ICICI,South,M006,2178.87,1,NONE
TXN0005107,2026-08-30 07:06:01+00:00,99,UPI,KOTAK,East,M006,383.3,1,NONE
TXN0005220,2026-08-30 07:06:05+00:00,99,CARD,HDFC,West,M001,5572.63,1,NONE
TXN0004406,2026-08-30 07:06:05+00:00,99,UPI,ICICI,South,M001,3054.64,1,NONE
TXN0002493,2026-08-30 07:06:07+00:00,99,UPI,AXIS,North,M006,1889.44,1,NONE
TXN0001874,2026-08-30 07:06:08+00:00,99,NETBANKING,SBI,West,M002,939.25,1,NONE
TXN0002727,2026-08-30 07:06:11+00:00,99,UPI,ICICI,Central,M003,5034.88,1,NONE
TXN0001418,2026-08-30 07:06:17+00:00,99,CARD,SBI,North,M004,472.04,1,NONE
TXN0003209,2026-08-30 07:06:21+00:00,99,WALLET,ICICI,West,M005,539.79,1,NONE
TXN0004631,2026-08-30 07:06:21+00:00,99,UPI,ICICI,South,M006,8842.73,1,NONE
TXN0000543,2026-08-30 07:06:22+00:00,99,NETBANKING,ICICI,North,M001,350.27,1,NONE
TXN0002346,2026-08-30 07:06:22+00:00,99,UPI,ICICI,South,M002,1363.7,1,NONE
TXN0002087,2026-08-30 07:06:23+00:00,99,UPI,KOTAK,Central,M003,1235.84,1,NONE
TXN0000856,2026-08-30 07:06:25+00:00,99,CARD,SBI,South,M006,4751.87,1,NONE
TXN0003370,2026-08-30 07:06:25+00:00,99,NETBANKING,ICICI,South,M001,946.59,1,NONE
TXN0005329,2026-08-30 07:06:26+00:00,99,WALLET,HDFC,North,M003,1308.57,1,NONE
TXN0002581,2026-08-30 07:06:26+00:00,99,CARD,AXIS,South,M004,1171.03,1,NONE
TXN0000874,2026-08-30 07:06:28+00:00,99,NETBANKING,ICICI,West,M006,1519.67,1,NONE
TXN0004525,2026-08-30 07:06:29+00:00,99,CARD,SBI,Central,M003,2284.35,1,NONE
TXN0004011,2026-08-30 07:06:29+00:00,99,UPI,HDFC,North,M003,499.76,1,NONE
TXN0005014,2026-08-30 07:06:30+00:00,99,NETBANKING,SBI,West,M005,1272.61,1,NONE
TXN0000873,2026-08-30 07:06:30+00:00,99,CARD,SBI,North,M006,1394.66,1,NONE
TXN0001764,2026-08-30 07:06:31+00:00,99,CARD,KOTAK,East,M002,2356.42,1,NONE
TXN0001998,2026-08-30 07:06:33+00:00,99,CARD,KOTAK,West,M005,487.27,1,NONE
TXN0003974,2026-08-30 07:06:36+00:00,99,WALLET,HDFC,North,M003,1895.54,1,NONE
TXN0006977,2026-08-30 07:06:36+00:00,99,CARD,HDFC,South,M003,563.14,1,NONE
TXN0005266,2026-08-30 07:06:44+00:00,99,CARD,ICICI,North,M003,836.14,1,NONE
TXN0002319,2026-08-30 07:06:44+00:00,99,UPI,KOTAK,North,M004,869.91,1,NONE
TXN0004705,2026-08-30 07:06:46+00:00,99,UPI,ICICI,Central,M002,1119.38,0,CUSTOMER_CANCELLED
TXN0003227,2026-08-30 07:06:49+00:00,99,WALLET,KOTAK,Central,M006,1368.73,1,NONE
TXN0001806,2026-08-30 07:06:52+00:00,99,WALLET,SBI,South,M005,5161.14,1,NONE
TXN0002360,2026-08-30 07:06:52+00:00,99,UPI,ICICI,East,M004,698.84,1,NONE
TXN0005230,2026-08-30 07:06:52+00:00,99,UPI,SBI,South,M001,1203.52,1,NONE
TXN0003789,2026-08-30 07:06:53+00:00,99,CARD,HDFC,West,M006,428.36,1,NONE
TXN0005973,2026-08-30 07:06:53+00:00,99,CARD,HDFC,South,M005,920.93,1,NONE
TXN0003429,2026-08-30 07:06:53+00:00,99,UPI,SBI,Central,M003,1538.89,1,NONE
TXN0005775,2026-08-30 07:06:54+00:00,99,WALLET,HDFC,North,M001,1124.12,1,NONE
TXN0000627,2026-08-30 07:06:55+00:00,99,CARD,KOTAK,West,M004,421.99,0,INSUFFICIENT_FUNDS
TXN0002781,2026-08-30 07:06:55+00:00,99,UPI,SBI,West,M006,3233.3,1,NONE
TXN0004714,2026-08-30 07:07:01+00:00,100,CARD,SBI,Central,M006,2587.29,1,NONE
TXN0002242,2026-08-30 07:07:05+00:00,100,UPI,ICICI,South,M003,3361.88,1,NONE
TXN0006126,2026-08-30 07:07:08+00:00,100,UPI,AXIS,East,M006,719.39,1,NONE
TXN0004523,2026-08-30 07:07:09+00:00,100,NETBANKING,KOTAK,West,M003,1226.27,1,NONE
TXN0000955,2026-08-30 07:07:10+00:00,100,NETBANKING,HDFC,South,M002,1683.81,1,NONE
TXN0001448,2026-08-30 07:07:15+00:00,100,UPI,KOTAK,West,M003,1980.11,1,NONE
TXN0002431,2026-08-30 07:07:15+00:00,100,CARD,ICICI,North,M006,1480.5,1,NONE
TXN0005358,2026-08-30 07:07:16+00:00,100,UPI,ICICI,South,M004,774.64,1,NONE
TXN0002527,2026-08-30 07:07:17+00:00,100,NETBANKING,ICICI,South,M006,707.41,0,BANK_DECLINED
TXN0002419,2026-08-30 07:07:18+00:00,100,CARD,ICICI,South,M005,4198.59,1,NONE
TXN0002539,2026-08-30 07:07:18+00:00,100,WALLET,AXIS,West,M004,3452.34,1,NONE
TXN0004531,2026-08-30 07:07:18+00:00,100,UPI,ICICI,East,M006,1537.22,1,NONE
TXN0000728,2026-08-30 07:07:18+00:00,100,WALLET,AXIS,North,M002,1414.96,1,NONE
TXN0001926,2026-08-30 07:07:19+00:00,100,WALLET,ICICI,South,M006,1361.1,1,NONE
TXN0004605,2026-08-30 07:07:21+00:00,100,CARD,SBI,North,M006,762.89,1,NONE
TXN0002530,2026-08-30 07:07:23+00:00,100,CARD,KOTAK,West,M003,1602.19,1,NONE
TXN0001755,2026-08-30 07:07:24+00:00,100,CARD,HDFC,South,M001,8565.77,1,NONE
TXN0006452,2026-08-30 07:07:25+00:00,100,UPI,AXIS,East,M005,1220.97,1,NONE
TXN0002747,2026-08-30 07:07:27+00:00,100,UPI,SBI,West,M006,701.75,1,NONE
TXN0004636,2026-08-30 07:07:30+00:00,100,UPI,SBI,West,M004,1715.02,1,NONE
TXN0006009,2026-08-30 07:07:33+00:00,100,UPI,ICICI,South,M003,2029.48,1,NONE
TXN0006921,2026-08-30 07:07:38+00:00,100,UPI,HDFC,South,M003,894.85,1,NONE
TXN0006467,2026-08-30 07:07:39+00:00,100,CARD,ICICI,South,M005,1785.83,1,NONE
TXN0001634,2026-08-30 07:07:39+00:00,100,UPI,KOTAK,East,M001,1334.22,1,NONE
TXN0001267,2026-08-30 07:07:39+00:00,100,CARD,HDFC,South,M001,968.19,1,NONE
TXN0006152,2026-08-30 07:07:40+00:00,100,UPI,ICICI,North,M004,873.94,1,NONE
TXN0002014,2026-08-30 07:07:41+00:00,100,UPI,KOTAK,North,M002,2560.48,1,NONE
TXN0006212,2026-08-30 07:07:43+00:00,100,CARD,HDFC,South,M006,1500.36,1,NONE
TXN0000059,2026-08-30 07:07:44+00:00,100,CARD,KOTAK,North,M005,2270.47,1,NONE
TXN0001294,2026-08-30 07:07:45+00:00,100,UPI,ICICI,East,M003,2055.92,1,NONE
TXN0004649,2026-08-30 07:07:50+00:00,100,CARD,ICICI,East,M006,775.79,1,NONE
TXN0001237,2026-08-30 07:07:51+00:00,100,CARD,KOTAK,Central,M006,1948.03,1,NONE
TXN0001512,2026-08-30 07:07:52+00:00,100,UPI,SBI,North,M003,774.76,1,NONE
TXN0002196,2026-08-30 07:07:53+00:00,100,WALLET,ICICI,North,M003,1295.24,1,NONE
TXN0000102,2026-08-30 07:07:54+00:00,100,UPI,KOTAK,North,M002,977.86,1,NONE
TXN0003182,2026-08-30 07:07:54+00:00,100,CARD,KOTAK,Central,M002,388.47,1,NONE
TXN0002261,2026-08-30 07:07:56+00:00,100,UPI,SBI,North,M006,1452.68,1,NONE
TXN0001249,2026-08-30 07:07:58+00:00,100,UPI,SBI,West,M001,1343.28,1,NONE
TXN0003492,2026-08-30 07:07:59+00:00,100,NETBANKING,KOTAK,East,M004,1629.62,1,NONE
TXN0003376,2026-08-30 07:07:59+00:00,100,CARD,AXIS,South,M006,4099.37,1,NONE
TXN0001398,2026-08-30 07:08:01+00:00,101,CARD,HDFC,South,M002,1883.09,1,NONE
TXN0002151,2026-08-30 07:08:05+00:00,101,WALLET,ICICI,East,M006,1230.84,0,INSUFFICIENT_FUNDS
TXN0006714,2026-08-30 07:08:06+00:00,101,NETBANKING,ICICI,West,M003,971.06,1,NONE
TXN0005721,2026-08-30 07:08:06+00:00,101,UPI,HDFC,South,M002,6408.1,1,NONE
TXN0003175,2026-08-30 07:08:11+00:00,101,UPI,HDFC,East,M006,774.29,1,NONE
TXN0006553,2026-08-30 07:08:11+00:00,101,CARD,SBI,North,M005,587.73,1,NONE
TXN0006729,2026-08-30 07:08:14+00:00,101,NETBANKING,SBI,West,M001,871.51,1,NONE
TXN0002821,2026-08-30 07:08:16+00:00,101,NETBANKING,ICICI,North,M003,402.1,0,BANK_DECLINED
TXN0005790,2026-08-30 07:08:18+00:00,101,NETBANKING,HDFC,South,M001,2105.9,1,NONE
TXN0000304,2026-08-30 07:08:20+00:00,101,CARD,HDFC,West,M004,771.67,1,NONE
TXN0004822,2026-08-30 07:08:21+00:00,101,WALLET,SBI,Central,M003,1015.99,1,NONE
TXN0006806,2026-08-30 07:08:22+00:00,101,UPI,SBI,South,M005,1011.55,1,NONE
TXN0003786,2026-08-30 07:08:22+00:00,101,UPI,AXIS,South,M002,1756.6,1,NONE
TXN0006044,2026-08-30 07:08:23+00:00,101,UPI,KOTAK,South,M004,1139.28,1,NONE
TXN0002135,2026-08-30 07:08:27+00:00,101,UPI,AXIS,North,M003,2741.14,1,NONE
TXN0005773,2026-08-30 07:08:29+00:00,101,UPI,HDFC,North,M002,1052.72,1,NONE
TXN0000074,2026-08-30 07:08:32+00:00,101,CARD,ICICI,West,M004,525.89,1,NONE
TXN0006151,2026-08-30 07:08:34+00:00,101,UPI,SBI,Central,M005,486.92,1,NONE
TXN0003091,2026-08-30 07:08:35+00:00,101,UPI,HDFC,West,M002,1030.92,1,NONE
TXN0006453,2026-08-30 07:08:35+00:00,101,UPI,KOTAK,North,M002,2282.54,1,NONE
TXN0000697,2026-08-30 07:08:39+00:00,101,NETBANKING,HDFC,North,M002,1636.0,1,NONE
TXN0000757,2026-08-30 07:08:39+00:00,101,NETBANKING,HDFC,North,M002,2031.41,1,NONE
TXN0000042,2026-08-30 07:08:40+00:00,101,CARD,KOTAK,East,M005,1090.29,1,NONE
TXN0002310,2026-08-30 07:08:42+00:00,101,UPI,ICICI,South,M003,812.52,1,NONE
TXN0002610,2026-08-30 07:08:44+00:00,101,WALLET,SBI,North,M006,5017.85,1,NONE
TXN0002711,2026-08-30 07:08:45+00:00,101,UPI,KOTAK,South,M002,789.88,1,NONE
TXN0005802,2026-08-30 07:08:45+00:00,101,CARD,ICICI,Central,M001,1804.33,1,NONE
TXN0004146,2026-08-30 07:08:46+00:00,101,UPI,HDFC,North,M006,855.19,1,NONE
TXN0003307,2026-08-30 07:08:46+00:00,101,CARD,HDFC,North,M005,960.41,1,NONE
TXN0005683,2026-08-30 07:08:48+00:00,101,CARD,AXIS,South,M006,7583.2,1,NONE
TXN0000606,2026-08-30 07:08:48+00:00,101,CARD,HDFC,Central,M005,3192.99,1,NONE
TXN0001670,2026-08-30 07:08:48+00:00,101,UPI,KOTAK,North,M003,1349.79,1,NONE
TXN0006993,2026-08-30 07:08:50+00:00,101,UPI,AXIS,North,M003,4502.47,1,NONE
TXN0003964,2026-08-30 07:08:51+00:00,101,CARD,SBI,North,M001,472.38,1,NONE
TXN0003567,2026-08-30 07:08:51+00:00,101,UPI,ICICI,South,M004,1504.42,1,NONE
TXN0000804,2026-08-30 07:08:55+00:00,101,NETBANKING,SBI,East,M004,1187.32,1,NONE
TXN0004865,2026-08-30 07:08:56+00:00,101,NETBANKING,ICICI,East,M005,4089.74,1,NONE
TXN0001805,2026-08-30 07:08:57+00:00,101,UPI,ICICI,West,M002,1422.64,1,NONE
TXN0000293,2026-08-30 07:08:57+00:00,101,CARD,SBI,South,M003,5012.33,1,NONE
TXN0002074,2026-08-30 07:08:59+00:00,101,CARD,SBI,North,M003,1753.85,1,NONE
TXN0005682,2026-08-30 07:09:01+00:00,102,UPI,SBI,Central,M005,807.21,1,NONE
TXN0006042,2026-08-30 07:09:02+00:00,102,CARD,SBI,North,M001,1456.9,1,NONE
TXN0002465,2026-08-30 07:09:03+00:00,102,CARD,SBI,North,M001,1207.44,1,NONE
TXN0005974,2026-08-30 07:09:05+00:00,102,UPI,HDFC,Central,M001,724.92,1,NONE
TXN0005152,2026-08-30 07:09:05+00:00,102,CARD,HDFC,North,M004,2724.03,1,NONE
TXN0006060,2026-08-30 07:09:06+00:00,102,NETBANKING,KOTAK,West,M003,581.75,1,NONE
TXN0002264,2026-08-30 07:09:07+00:00,102,NETBANKING,ICICI,South,M004,1736.58,1,NONE
TXN0003580,2026-08-30 07:09:07+00:00,102,NETBANKING,SBI,East,M004,433.08,1,NONE
TXN0006935,2026-08-30 07:09:14+00:00,102,CARD,HDFC,North,M001,3775.95,1,NONE
TXN0004793,2026-08-30 07:09:15+00:00,102,CARD,KOTAK,North,M005,1331.94,1,NONE
TXN0006270,2026-08-30 07:09:16+00:00,102,UPI,SBI,South,M005,957.48,1,NONE
TXN0005680,2026-08-30 07:09:16+00:00,102,UPI,ICICI,South,M003,702.43,1,NONE
TXN0001812,2026-08-30 07:09:17+00:00,102,CARD,ICICI,Central,M002,1793.7,1,NONE
TXN0004916,2026-08-30 07:09:19+00:00,102,UPI,HDFC,Central,M004,2085.1,1,NONE
TXN0005593,2026-08-30 07:09:19+00:00,102,UPI,HDFC,West,M005,3739.13,1,NONE
TXN0001201,2026-08-30 07:09:20+00:00,102,UPI,AXIS,South,M005,494.31,1,NONE
TXN0007023,2026-08-30 07:09:22+00:00,102,WALLET,HDFC,North,M004,5814.82,1,NONE
TXN0006939,2026-08-30 07:09:22+00:00,102,UPI,HDFC,East,M006,5707.39,1,NONE
TXN0000306,2026-08-30 07:09:23+00:00,102,UPI,AXIS,East,M004,798.31,1,NONE
TXN0005633,2026-08-30 07:09:23+00:00,102,CARD,SBI,East,M005,566.32,1,NONE
TXN0002332,2026-08-30 07:09:24+00:00,102,NETBANKING,KOTAK,North,M002,988.23,1,NONE
TXN0003495,2026-08-30 07:09:26+00:00,102,UPI,AXIS,Central,M006,1816.75,1,NONE
TXN0005803,2026-08-30 07:09:26+00:00,102,CARD,ICICI,South,M005,1340.79,1,NONE
TXN0003930,2026-08-30 07:09:27+00:00,102,UPI,SBI,South,M002,1129.94,1,NONE
TXN0000456,2026-08-30 07:09:33+00:00,102,UPI,HDFC,West,M006,11749.21,1,NONE
TXN0002544,2026-08-30 07:09:35+00:00,102,NETBANKING,ICICI,North,M003,1965.02,1,NONE
TXN0004471,2026-08-30 07:09:36+00:00,102,CARD,ICICI,South,M002,874.15,1,NONE
TXN0003438,2026-08-30 07:09:39+00:00,102,CARD,KOTAK,West,M006,1431.54,1,NONE
TXN0002188,2026-08-30 07:09:39+00:00,102,WALLET,HDFC,North,M006,2717.38,1,NONE
TXN0001102,2026-08-30 07:09:41+00:00,102,UPI,ICICI,South,M001,4104.25,1,NONE
TXN0000472,2026-08-30 07:09:41+00:00,102,UPI,AXIS,West,M005,523.21,1,NONE
TXN0003251,2026-08-30 07:09:42+00:00,102,UPI,SBI,South,M005,1893.5,1,NONE
TXN0005557,2026-08-30 07:09:43+00:00,102,CARD,KOTAK,South,M003,616.72,1,NONE
TXN0000317,2026-08-30 07:09:47+00:00,102,UPI,KOTAK,North,M005,2066.53,1,NONE
TXN0004104,2026-08-30 07:09:48+00:00,102,CARD,SBI,North,M006,4211.92,1,NONE
TXN0005195,2026-08-30 07:09:50+00:00,102,CARD,KOTAK,East,M004,1969.96,1,NONE
TXN0004785,2026-08-30 07:09:52+00:00,102,UPI,SBI,East,M003,2164.77,1,NONE
TXN0000988,2026-08-30 07:09:54+00:00,102,NETBANKING,AXIS,North,M004,490.68,0,INSUFFICIENT_FUNDS
TXN0002644,2026-08-30 07:09:58+00:00,102,UPI,AXIS,East,M003,4470.62,1,NONE
TXN0004166,2026-08-30 07:09:59+00:00,102,CARD,HDFC,East,M001,2238.28,1,NONE
TXN0002956,2026-08-30 07:10:01+00:00,103,WALLET,ICICI,South,M005,5554.31,1,NONE
TXN0004707,2026-08-30 07:10:02+00:00,103,CARD,SBI,North,M002,558.25,1,NONE
TXN0002217,2026-08-30 07:10:04+00:00,103,UPI,ICICI,Central,M002,646.59,1,NONE
TXN0005443,2026-08-30 07:10:05+00:00,103,CARD,SBI,East,M006,4185.62,1,NONE
TXN0001861,2026-08-30 07:10:07+00:00,103,UPI,SBI,West,M005,792.0,1,NONE
TXN0000272,2026-08-30 07:10:15+00:00,103,UPI,HDFC,North,M004,1346.55,1,NONE
TXN0003159,2026-08-30 07:10:18+00:00,103,CARD,KOTAK,South,M001,226.4,1,NONE
TXN0004050,2026-08-30 07:10:19+00:00,103,UPI,SBI,West,M005,6436.61,1,NONE
TXN0005475,2026-08-30 07:10:21+00:00,103,CARD,ICICI,North,M004,2730.61,1,NONE
TXN0005810,2026-08-30 07:10:24+00:00,103,UPI,HDFC,North,M002,1462.65,1,NONE
TXN0002382,2026-08-30 07:10:25+00:00,103,CARD,ICICI,West,M006,527.07,1,NONE
TXN0002994,2026-08-30 07:10:25+00:00,103,UPI,HDFC,Central,M006,1623.82,1,NONE
TXN0001429,2026-08-30 07:10:26+00:00,103,UPI,SBI,East,M003,1218.46,1,NONE
TXN0004967,2026-08-30 07:10:28+00:00,103,CARD,AXIS,East,M005,4940.63,1,NONE
TXN0004651,2026-08-30 07:10:28+00:00,103,UPI,ICICI,South,M001,3265.52,1,NONE
TXN0006591,2026-08-30 07:10:32+00:00,103,UPI,HDFC,South,M005,2377.71,1,NONE
TXN0004366,2026-08-30 07:10:32+00:00,103,UPI,AXIS,Central,M005,7889.79,1,NONE
TXN0002473,2026-08-30 07:10:32+00:00,103,UPI,HDFC,East,M001,635.14,1,NONE
TXN0006529,2026-08-30 07:10:33+00:00,103,CARD,AXIS,North,M005,1207.35,1,NONE
TXN0007091,2026-08-30 07:10:36+00:00,103,WALLET,ICICI,North,M005,506.92,1,NONE
TXN0003544,2026-08-30 07:10:38+00:00,103,NETBANKING,SBI,East,M002,4351.22,1,NONE
TXN0006134,2026-08-30 07:10:39+00:00,103,UPI,KOTAK,South,M001,3703.12,1,NONE
TXN0000596,2026-08-30 07:10:41+00:00,103,UPI,HDFC,West,M004,2179.9,1,NONE
TXN0004741,2026-08-30 07:10:41+00:00,103,UPI,SBI,South,M006,1393.53,1,NONE
TXN0005315,2026-08-30 07:10:42+00:00,103,UPI,SBI,West,M003,207.47,1,NONE
TXN0000811,2026-08-30 07:10:44+00:00,103,UPI,SBI,West,M004,676.95,1,NONE
TXN0003970,2026-08-30 07:10:45+00:00,103,NETBANKING,HDFC,East,M004,2016.06,1,NONE
TXN0006550,2026-08-30 07:10:47+00:00,103,CARD,AXIS,East,M003,1048.38,1,NONE
TXN0003188,2026-08-30 07:10:47+00:00,103,UPI,AXIS,South,M002,3910.45,1,NONE
TXN0006747,2026-08-30 07:10:48+00:00,103,UPI,SBI,North,M002,2826.33,1,NONE
TXN0007182,2026-08-30 07:10:49+00:00,103,UPI,HDFC,South,M005,5009.12,1,NONE
TXN0005733,2026-08-30 07:10:51+00:00,103,WALLET,ICICI,South,M002,491.08,1,NONE
TXN0000052,2026-08-30 07:10:53+00:00,103,UPI,HDFC,West,M003,3497.36,1,NONE
TXN0001831,2026-08-30 07:10:53+00:00,103,NETBANKING,SBI,North,M003,600.71,1,NONE
TXN0005780,2026-08-30 07:10:54+00:00,103,NETBANKING,AXIS,South,M001,3653.43,1,NONE
TXN0003149,2026-08-30 07:10:54+00:00,103,WALLET,SBI,South,M006,810.84,1,NONE
TXN0007126,2026-08-30 07:10:55+00:00,103,UPI,ICICI,North,M002,464.22,1,NONE
TXN0005814,2026-08-30 07:10:58+00:00,103,UPI,SBI,North,M003,4699.15,1,NONE
TXN0000157,2026-08-30 07:10:58+00:00,103,UPI,ICICI,East,M002,3090.07,1,NONE
TXN0005016,2026-08-30 07:10:59+00:00,103,CARD,AXIS,West,M005,924.4,1,NONE
TXN0006262,2026-08-30 07:11:00+00:00,104,CARD,ICICI,North,M005,1427.56,1,NONE
TXN0003441,2026-08-30 07:11:05+00:00,104,UPI,SBI,North,M003,674.34,1,NONE
TXN0000371,2026-08-30 07:11:07+00:00,104,UPI,AXIS,Central,M005,3180.9,1,NONE
TXN0000921,2026-08-30 07:11:09+00:00,104,UPI,SBI,South,M001,1033.13,1,NONE
TXN0002909,2026-08-30 07:11:10+00:00,104,UPI,AXIS,North,M003,4385.68,1,NONE
TXN0001605,2026-08-30 07:11:13+00:00,104,UPI,HDFC,East,M006,1012.49,1,NONE
TXN0003587,2026-08-30 07:11:15+00:00,104,NETBANKING,AXIS,West,M002,1395.85,1,NONE
TXN0001593,2026-08-30 07:11:18+00:00,104,UPI,KOTAK,Central,M004,1483.97,1,NONE
TXN0002999,2026-08-30 07:11:19+00:00,104,UPI,AXIS,North,M002,1196.95,1,NONE
TXN0001406,2026-08-30 07:11:19+00:00,104,UPI,ICICI,West,M002,1417.41,1,NONE
TXN0000323,2026-08-30 07:11:20+00:00,104,UPI,SBI,North,M005,299.17,1,NONE
TXN0005926,2026-08-30 07:11:21+00:00,104,NETBANKING,KOTAK,Central,M001,455.67,1,NONE
TXN0003256,2026-08-30 07:11:22+00:00,104,UPI,ICICI,North,M006,557.3,0,BANK_DECLINED
TXN0005758,2026-08-30 07:11:24+00:00,104,UPI,ICICI,South,M004,989.18,1,NONE
TXN0006994,2026-08-30 07:11:25+00:00,104,UPI,HDFC,North,M003,2569.64,1,NONE
TXN0002197,2026-08-30 07:11:26+00:00,104,UPI,AXIS,West,M006,5660.91,1,NONE
TXN0000737,2026-08-30 07:11:28+00:00,104,CARD,ICICI,North,M002,1548.45,0,CUSTOMER_CANCELLED
TXN0000740,2026-08-30 07:11:31+00:00,104,UPI,SBI,Central,M001,1457.48,1,NONE
TXN0002412,2026-08-30 07:11:33+00:00,104,UPI,SBI,North,M001,2830.4,1,NONE
TXN0003982,2026-08-30 07:11:34+00:00,104,UPI,SBI,South,M006,1162.27,1,NONE
TXN0006426,2026-08-30 07:11:34+00:00,104,UPI,AXIS,South,M006,904.99,1,NONE
TXN0000185,2026-08-30 07:11:35+00:00,104,UPI,ICICI,North,M005,2875.62,1,NONE
TXN0004182,2026-08-30 07:11:36+00:00,104,UPI,AXIS,West,M004,1414.62,1,NONE
TXN0002398,2026-08-30 07:11:38+00:00,104,CARD,SBI,South,M005,521.07,1,NONE
TXN0003431,2026-08-30 07:11:43+00:00,104,UPI,ICICI,South,M001,874.26,1,NONE
TXN0003848,2026-08-30 07:11:44+00:00,104,UPI,KOTAK,North,M002,2204.28,1,NONE
TXN0000979,2026-08-30 07:11:44+00:00,104,CARD,HDFC,West,M001,2584.97,1,NONE
TXN0005909,2026-08-30 07:11:47+00:00,104,CARD,ICICI,Central,M003,2982.23,1,NONE
TXN0005829,2026-08-30 07:11:48+00:00,104,CARD,AXIS,South,M003,3368.5,1,NONE
TXN0002660,2026-08-30 07:11:50+00:00,104,UPI,SBI,Central,M004,613.46,1,NONE
TXN0006875,2026-08-30 07:11:51+00:00,104,UPI,HDFC,South,M004,3816.83,1,NONE
TXN0005662,2026-08-30 07:11:51+00:00,104,UPI,ICICI,East,M001,494.63,1,NONE
TXN0005263,2026-08-30 07:11:51+00:00,104,CARD,SBI,East,M001,1996.41,1,NONE
TXN0006378,2026-08-30 07:11:52+00:00,104,WALLET,KOTAK,South,M004,3445.19,1,NONE
TXN0004413,2026-08-30 07:11:54+00:00,104,UPI,KOTAK,South,M001,1859.97,1,NONE
TXN0003754,2026-08-30 07:11:55+00:00,104,UPI,KOTAK,North,M001,3738.46,1,NONE
TXN0005594,2026-08-30 07:11:56+00:00,104,WALLET,HDFC,North,M001,1581.19,1,NONE
TXN0004818,2026-08-30 07:11:56+00:00,104,UPI,SBI,South,M001,1404.85,1,NONE
TXN0005030,2026-08-30 07:11:57+00:00,104,CARD,AXIS,South,M005,882.34,1,NONE
TXN0005079,2026-08-30 07:11:59+00:00,104,CARD,KOTAK,South,M001,3200.21,1,NONE
TXN0002293,2026-08-30 07:12:02+00:00,105,UPI,SBI,West,M001,469.62,1,NONE
TXN0005416,2026-08-30 07:12:02+00:00,105,UPI,KOTAK,South,M001,1929.05,1,NONE
TXN0005057,2026-08-30 07:12:04+00:00,105,WALLET,SBI,East,M003,2651.3,1,NONE
TXN0004500,2026-08-30 07:12:05+00:00,105,UPI,ICICI,South,M001,486.04,1,NONE
TXN0004551,2026-08-30 07:12:05+00:00,105,UPI,AXIS,South,M005,6315.54,1,NONE
TXN0001412,2026-08-30 07:12:07+00:00,105,CARD,AXIS,North,M002,2041.08,1,NONE
TXN0004450,2026-08-30 07:12:07+00:00,105,UPI,KOTAK,North,M002,922.97,1,NONE
TXN0001411,2026-08-30 07:12:07+00:00,105,UPI,ICICI,South,M001,2414.93,1,NONE
TXN0002437,2026-08-30 07:12:08+00:00,105,CARD,AXIS,West,M004,230.66,1,NONE
TXN0005596,2026-08-30 07:12:08+00:00,105,UPI,SBI,East,M004,2011.73,1,NONE
TXN0000688,2026-08-30 07:12:10+00:00,105,UPI,AXIS,South,M003,1428.04,1,NONE
TXN0001354,2026-08-30 07:12:11+00:00,105,CARD,HDFC,West,M001,3318.2,1,NONE
TXN0005116,2026-08-30 07:12:11+00:00,105,UPI,SBI,Central,M004,573.06,1,NONE
TXN0002112,2026-08-30 07:12:11+00:00,105,CARD,AXIS,West,M004,1810.45,1,NONE
TXN0002701,2026-08-30 07:12:12+00:00,105,NETBANKING,ICICI,South,M002,1222.06,1,NONE
TXN0004782,2026-08-30 07:12:13+00:00,105,NETBANKING,KOTAK,Central,M003,1300.77,1,NONE
TXN0000098,2026-08-30 07:12:14+00:00,105,UPI,HDFC,West,M002,1639.11,1,NONE
TXN0001192,2026-08-30 07:12:14+00:00,105,UPI,SBI,North,M004,1466.44,1,NONE
TXN0002729,2026-08-30 07:12:16+00:00,105,UPI,SBI,Central,M005,1604.94,0,TIMEOUT
TXN0000347,2026-08-30 07:12:19+00:00,105,WALLET,AXIS,Central,M002,3991.43,1,NONE
TXN0004434,2026-08-30 07:12:21+00:00,105,NETBANKING,KOTAK,Central,M004,4300.45,1,NONE
TXN0003378,2026-08-30 07:12:22+00:00,105,CARD,SBI,West,M002,3697.28,1,NONE
TXN0004872,2026-08-30 07:12:24+00:00,105,UPI,AXIS,North,M005,1376.6,1,NONE
TXN0001675,2026-08-30 07:12:30+00:00,105,NETBANKING,KOTAK,East,M006,2225.52,1,NONE
TXN0006480,2026-08-30 07:12:35+00:00,105,WALLET,AXIS,East,M004,1775.55,1,NONE
TXN0006082,2026-08-30 07:12:35+00:00,105,UPI,HDFC,North,M005,596.65,0,BANK_DECLINED
TXN0000003,2026-08-30 07:12:36+00:00,105,CARD,SBI,South,M003,1097.52,1,NONE
TXN0006598,2026-08-30 07:12:39+00:00,105,UPI,SBI,North,M002,2758.05,1,NONE
TXN0002635,2026-08-30 07:12:41+00:00,105,UPI,HDFC,South,M003,1531.79,1,NONE
TXN0005286,2026-08-30 07:12:41+00:00,105,UPI,AXIS,East,M001,392.09,1,NONE
TXN0001698,2026-08-30 07:12:42+00:00,105,CARD,HDFC,South,M004,1783.55,1,NONE
TXN0003584,2026-08-30 07:12:43+00:00,105,UPI,SBI,West,M005,1057.03,1,NONE
TXN0003132,2026-08-30 07:12:45+00:00,105,UPI,SBI,West,M002,724.34,1,NONE
TXN0003929,2026-08-30 07:12:48+00:00,105,WALLET,AXIS,Central,M004,3564.56,1,NONE
TXN0002285,2026-08-30 07:12:50+00:00,105,UPI,KOTAK,South,M003,1433.5,1,NONE
TXN0004690,2026-08-30 07:12:50+00:00,105,CARD,SBI,North,M003,1107.97,1,NONE
TXN0001126,2026-08-30 07:12:52+00:00,105,NETBANKING,SBI,North,M002,3086.05,1,NONE
TXN0005729,2026-08-30 07:12:53+00:00,105,NETBANKING,AXIS,North,M001,780.57,1,NONE
TXN0004884,2026-08-30 07:12:53+00:00,105,CARD,SBI,North,M003,2769.17,1,NONE
TXN0005521,2026-08-30 07:12:56+00:00,105,CARD,SBI,West,M002,1157.18,1,NONE
TXN0004693,2026-08-30 07:13:01+00:00,106,UPI,AXIS,East,M005,1941.73,1,NONE
TXN0005945,2026-08-30 07:13:03+00:00,106,CARD,SBI,North,M006,1819.19,1,NONE
TXN0002528,2026-08-30 07:13:06+00:00,106,UPI,KOTAK,South,M006,1704.8,1,NONE
TXN0000729,2026-08-30 07:13:08+00:00,106,NETBANKING,SBI,South,M004,445.08,1,NONE
TXN0006686,2026-08-30 07:13:16+00:00,106,UPI,HDFC,South,M001,426.74,0,TIMEOUT
TXN0004969,2026-08-30 07:13:20+00:00,106,UPI,AXIS,West,M004,1542.81,1,NONE
TXN0005667,2026-08-30 07:13:20+00:00,106,UPI,HDFC,Central,M003,1887.49,1,NONE
TXN0006432,2026-08-30 07:13:24+00:00,106,CARD,HDFC,East,M002,948.09,1,NONE
TXN0002630,2026-08-30 07:13:25+00:00,106,UPI,ICICI,North,M005,3916.45,1,NONE
TXN0002638,2026-08-30 07:13:27+00:00,106,CARD,ICICI,West,M002,1306.88,1,NONE
TXN0003320,2026-08-30 07:13:29+00:00,106,CARD,ICICI,South,M006,2115.49,1,NONE
TXN0006451,2026-08-30 07:13:33+00:00,106,UPI,ICICI,West,M004,4879.65,1,NONE
TXN0004640,2026-08-30 07:13:33+00:00,106,CARD,KOTAK,South,M002,3395.16,1,NONE
TXN0002324,2026-08-30 07:13:35+00:00,106,CARD,AXIS,North,M005,2840.26,1,NONE
TXN0000585,2026-08-30 07:13:36+00:00,106,CARD,HDFC,South,M005,5720.57,1,NONE
TXN0003350,2026-08-30 07:13:38+00:00,106,UPI,SBI,South,M002,710.45,1,NONE
TXN0003023,2026-08-30 07:13:38+00:00,106,CARD,HDFC,East,M002,1736.35,1,NONE
TXN0000269,2026-08-30 07:13:38+00:00,106,UPI,HDFC,Central,M003,1288.63,1,NONE
TXN0002621,2026-08-30 07:13:40+00:00,106,UPI,ICICI,West,M003,674.45,1,NONE
TXN0001570,2026-08-30 07:13:40+00:00,106,UPI,ICICI,East,M001,1795.54,1,NONE
TXN0004607,2026-08-30 07:13:40+00:00,106,UPI,SBI,East,M004,3451.55,1,NONE
TXN0007129,2026-08-30 07:13:40+00:00,106,UPI,HDFC,West,M006,3676.45,1,NONE
TXN0001279,2026-08-30 07:13:41+00:00,106,CARD,HDFC,North,M001,1450.57,1,NONE
TXN0002110,2026-08-30 07:13:41+00:00,106,UPI,ICICI,South,M003,3468.63,1,NONE
TXN0006018,2026-08-30 07:13:41+00:00,106,CARD,ICICI,West,M003,659.54,1,NONE
TXN0004912,2026-08-30 07:13:43+00:00,106,WALLET,ICICI,South,M002,1576.65,1,NONE
TXN0000430,2026-08-30 07:13:43+00:00,106,UPI,KOTAK,East,M002,352.23,1,NONE
TXN0000093,2026-08-30 07:13:44+00:00,106,NETBANKING,KOTAK,South,M003,639.86,1,NONE
TXN0002699,2026-08-30 07:13:46+00:00,106,CARD,SBI,East,M005,2762.27,1,NONE
TXN0005098,2026-08-30 07:13:46+00:00,106,NETBANKING,SBI,Central,M004,1045.51,1,NONE
TXN0003840,2026-08-30 07:13:47+00:00,106,UPI,SBI,South,M003,5888.53,1,NONE
TXN0005278,2026-08-30 07:13:48+00:00,106,NETBANKING,SBI,South,M003,1236.87,1,NONE
TXN0002780,2026-08-30 07:13:50+00:00,106,NETBANKING,KOTAK,North,M002,3144.41,1,NONE
TXN0004591,2026-08-30 07:13:51+00:00,106,NETBANKING,HDFC,West,M004,1164.78,1,NONE
TXN0004543,2026-08-30 07:13:52+00:00,106,WALLET,HDFC,West,M005,2326.72,1,NONE
TXN0004708,2026-08-30 07:13:52+00:00,106,CARD,HDFC,East,M006,8366.75,1,NONE
TXN0005626,2026-08-30 07:13:53+00:00,106,UPI,SBI,North,M003,6145.18,1,NONE
TXN0002533,2026-08-30 07:13:55+00:00,106,CARD,HDFC,Central,M006,829.7,1,NONE
TXN0006978,2026-08-30 07:13:56+00:00,106,CARD,HDFC,Central,M003,2279.88,1,NONE
TXN0006532,2026-08-30 07:13:57+00:00,106,UPI,AXIS,East,M003,2061.39,1,NONE
TXN0005744,2026-08-30 07:14:00+00:00,107,UPI,AXIS,West,M002,3065.32,1,NONE
TXN0006622,2026-08-30 07:14:01+00:00,107,CARD,SBI,West,M006,5018.16,1,NONE
TXN0002035,2026-08-30 07:14:01+00:00,107,WALLET,AXIS,North,M002,1388.24,1,NONE
TXN0000914,2026-08-30 07:14:04+00:00,107,CARD,HDFC,South,M006,1820.61,1,NONE
TXN0001260,2026-08-30 07:14:07+00:00,107,WALLET,ICICI,West,M003,3175.25,1,NONE
TXN0006382,2026-08-30 07:14:11+00:00,107,UPI,AXIS,West,M001,1176.13,1,NONE
TXN0003285,2026-08-30 07:14:16+00:00,107,CARD,AXIS,South,M002,2106.6,1,NONE
TXN0006439,2026-08-30 07:14:16+00:00,107,CARD,SBI,North,M001,2395.42,1,NONE
TXN0000566,2026-08-30 07:14:16+00:00,107,CARD,HDFC,North,M006,1393.65,1,NONE
TXN0000160,2026-08-30 07:14:18+00:00,107,UPI,HDFC,East,M001,2142.58,1,NONE
TXN0002516,2026-08-30 07:14:20+00:00,107,UPI,HDFC,South,M001,841.62,1,NONE
TXN0000344,2026-08-30 07:14:21+00:00,107,UPI,SBI,South,M005,1847.4,1,NONE
TXN0001324,2026-08-30 07:14:21+00:00,107,NETBANKING,SBI,East,M002,2061.72,1,NONE
TXN0000008,2026-08-30 07:14:21+00:00,107,WALLET,SBI,East,M004,1097.09,1,NONE
TXN0002325,2026-08-30 07:14:22+00:00,107,NETBANKING,HDFC,South,M003,1843.25,1,NONE
TXN0005789,2026-08-30 07:14:23+00:00,107,UPI,KOTAK,South,M001,1124.81,1,NONE
TXN0005060,2026-08-30 07:14:24+00:00,107,NETBANKING,AXIS,East,M001,2728.29,1,NONE
TXN0005639,2026-08-30 07:14:27+00:00,107,NETBANKING,AXIS,North,M002,3509.36,1,NONE
TXN0002010,2026-08-30 07:14:27+00:00,107,CARD,KOTAK,Central,M001,951.12,1,NONE
TXN0004396,2026-08-30 07:14:28+00:00,107,UPI,AXIS,South,M002,580.58,1,NONE
TXN0000518,2026-08-30 07:14:29+00:00,107,WALLET,AXIS,North,M002,1056.14,1,NONE
TXN0003773,2026-08-30 07:14:29+00:00,107,UPI,SBI,East,M005,2217.93,1,NONE
TXN0003745,2026-08-30 07:14:30+00:00,107,NETBANKING,ICICI,Central,M002,1942.86,1,NONE
TXN0000388,2026-08-30 07:14:35+00:00,107,UPI,SBI,Central,M001,606.81,1,NONE
TXN0001557,2026-08-30 07:14:37+00:00,107,NETBANKING,SBI,West,M003,1004.37,1,NONE
TXN0006291,2026-08-30 07:14:38+00:00,107,NETBANKING,SBI,South,M003,1158.42,1,NONE
TXN0000196,2026-08-30 07:14:39+00:00,107,CARD,KOTAK,South,M005,1187.74,1,NONE
TXN0004816,2026-08-30 07:14:39+00:00,107,UPI,AXIS,Central,M003,5410.03,1,NONE
TXN0005208,2026-08-30 07:14:43+00:00,107,UPI,AXIS,West,M003,2091.26,1,NONE
TXN0006369,2026-08-30 07:14:44+00:00,107,CARD,SBI,South,M002,1185.51,0,INSUFFICIENT_FUNDS
TXN0003496,2026-08-30 07:14:44+00:00,107,CARD,ICICI,West,M001,456.73,1,NONE
TXN0003915,2026-08-30 07:14:45+00:00,107,UPI,HDFC,West,M003,1020.56,1,NONE
TXN0002383,2026-08-30 07:14:46+00:00,107,UPI,SBI,South,M005,1336.92,1,NONE
TXN0005219,2026-08-30 07:14:47+00:00,107,NETBANKING,AXIS,East,M003,214.74,1,NONE
TXN0000823,2026-08-30 07:14:50+00:00,107,UPI,ICICI,West,M005,3676.79,1,NONE
TXN0003581,2026-08-30 07:14:53+00:00,107,NETBANKING,HDFC,East,M004,1458.39,1,NONE
TXN0005162,2026-08-30 07:14:54+00:00,107,UPI,AXIS,South,M003,934.82,1,NONE
TXN0005032,2026-08-30 07:14:54+00:00,107,CARD,SBI,North,M005,1110.79,1,NONE
TXN0004746,2026-08-30 07:14:57+00:00,107,NETBANKING,SBI,South,M004,4484.01,1,NONE
TXN0004207,2026-08-30 07:14:58+00:00,107,UPI,SBI,East,M005,2170.85,1,NONE
TXN0000862,2026-08-30 07:15:00+00:00,108,CARD,SBI,South,M001,1537.44,1,NONE
TXN0003943,2026-08-30 07:15:01+00:00,108,UPI,SBI,East,M005,1321.46,1,NONE
TXN0005408,2026-08-30 07:15:01+00:00,108,UPI,SBI,North,M005,233.72,1,NONE
TXN0000604,2026-08-30 07:15:03+00:00,108,NETBANKING,SBI,South,M003,1317.32,1,NONE
TXN0004288,2026-08-30 07:15:04+00:00,108,NETBANKING,KOTAK,West,M006,8040.19,1,NONE
TXN0003465,2026-08-30 07:15:06+00:00,108,NETBANKING,ICICI,North,M003,936.58,1,NONE
TXN0000114,2026-08-30 07:15:07+00:00,108,CARD,ICICI,West,M002,2785.26,1,NONE
TXN0001241,2026-08-30 07:15:07+00:00,108,UPI,HDFC,South,M006,3799.06,1,NONE
TXN0000156,2026-08-30 07:15:08+00:00,108,CARD,AXIS,South,M004,424.96,1,NONE
TXN0004122,2026-08-30 07:15:08+00:00,108,NETBANKING,SBI,East,M004,696.35,1,NONE
TXN0004426,2026-08-30 07:15:08+00:00,108,CARD,SBI,North,M005,1993.32,1,NONE
TXN0002397,2026-08-30 07:15:08+00:00,108,UPI,SBI,South,M006,1561.43,1,NONE
TXN0000907,2026-08-30 07:15:09+00:00,108,UPI,KOTAK,East,M002,600.81,1,NONE
TXN0003059,2026-08-30 07:15:11+00:00,108,CARD,SBI,South,M004,524.29,1,NONE
TXN0005550,2026-08-30 07:15:13+00:00,108,UPI,ICICI,East,M003,899.79,1,NONE
TXN0005724,2026-08-30 07:15:14+00:00,108,NETBANKING,AXIS,North,M005,400.3,1,NONE
TXN0006655,2026-08-30 07:15:20+00:00,108,UPI,HDFC,South,M003,1978.47,1,NONE
TXN0005351,2026-08-30 07:15:20+00:00,108,UPI,AXIS,South,M002,3237.13,1,NONE
TXN0004093,2026-08-30 07:15:21+00:00,108,UPI,KOTAK,South,M002,2433.87,1,NONE
TXN0000615,2026-08-30 07:15:22+00:00,108,UPI,SBI,North,M001,1066.16,1,NONE
TXN0005501,2026-08-30 07:15:25+00:00,108,CARD,HDFC,West,M003,355.26,1,NONE
TXN0003064,2026-08-30 07:15:27+00:00,108,UPI,HDFC,North,M002,752.86,1,NONE
TXN0003741,2026-08-30 07:15:27+00:00,108,CARD,ICICI,North,M001,6576.62,1,NONE
TXN0003034,2026-08-30 07:15:27+00:00,108,UPI,SBI,South,M004,2606.85,1,NONE
TXN0005872,2026-08-30 07:15:27+00:00,108,CARD,SBI,South,M004,3608.95,1,NONE
TXN0000852,2026-08-30 07:15:29+00:00,108,UPI,SBI,Central,M006,4465.13,1,NONE
TXN0006400,2026-08-30 07:15:29+00:00,108,UPI,AXIS,South,M005,515.14,1,NONE
TXN0002569,2026-08-30 07:15:30+00:00,108,UPI,HDFC,South,M001,647.34,1,NONE
TXN0000034,2026-08-30 07:15:31+00:00,108,CARD,ICICI,North,M006,2674.57,1,NONE
TXN0003947,2026-08-30 07:15:33+00:00,108,CARD,HDFC,West,M001,1343.08,1,NONE
TXN0005538,2026-08-30 07:15:33+00:00,108,CARD,ICICI,West,M006,2497.45,1,NONE
TXN0001680,2026-08-30 07:15:34+00:00,108,CARD,KOTAK,East,M006,610.73,1,NONE
TXN0006061,2026-08-30 07:15:37+00:00,108,UPI,SBI,East,M006,1424.85,1,NONE
TXN0006089,2026-08-30 07:15:40+00:00,108,CARD,SBI,East,M004,430.12,1,NONE
TXN0003703,2026-08-30 07:15:44+00:00,108,UPI,KOTAK,West,M005,841.6,1,NONE
TXN0000868,2026-08-30 07:15:54+00:00,108,WALLET,SBI,South,M006,4146.18,1,NONE
TXN0006122,2026-08-30 07:15:55+00:00,108,CARD,SBI,West,M006,3528.88,1,NONE
TXN0004534,2026-08-30 07:15:55+00:00,108,UPI,AXIS,South,M006,1367.5,1,NONE
TXN0004349,2026-08-30 07:15:58+00:00,108,UPI,SBI,Central,M003,1485.72,1,NONE
TXN0000515,2026-08-30 07:15:58+00:00,108,UPI,AXIS,North,M005,1449.31,1,NONE
TXN0005569,2026-08-30 07:16:00+00:00,109,UPI,SBI,North,M002,1114.35,1,NONE
TXN0004106,2026-08-30 07:16:04+00:00,109,UPI,HDFC,North,M004,3561.82,1,NONE
TXN0002379,2026-08-30 07:16:06+00:00,109,CARD,HDFC,South,M002,2858.17,1,NONE
TXN0007184,2026-08-30 07:16:08+00:00,109,UPI,AXIS,Central,M001,838.43,1,NONE
TXN0002903,2026-08-30 07:16:10+00:00,109,CARD,HDFC,South,M004,2571.38,1,NONE
TXN0006535,2026-08-30 07:16:10+00:00,109,UPI,SBI,East,M006,543.82,1,NONE
TXN0004927,2026-08-30 07:16:10+00:00,109,UPI,SBI,West,M001,1253.76,1,NONE
TXN0000292,2026-08-30 07:16:11+00:00,109,WALLET,HDFC,South,M005,4812.02,1,NONE
TXN0005561,2026-08-30 07:16:12+00:00,109,UPI,AXIS,North,M001,2765.45,1,NONE
TXN0004608,2026-08-30 07:16:12+00:00,109,UPI,HDFC,North,M005,2274.92,1,NONE
TXN0003661,2026-08-30 07:16:15+00:00,109,UPI,HDFC,East,M003,613.31,1,NONE
TXN0004520,2026-08-30 07:16:16+00:00,109,UPI,ICICI,South,M003,503.25,1,NONE
TXN0000238,2026-08-30 07:16:18+00:00,109,UPI,SBI,Central,M002,896.49,1,NONE
TXN0004972,2026-08-30 07:16:19+00:00,109,NETBANKING,SBI,West,M001,794.05,1,NONE
TXN0000500,2026-08-30 07:16:19+00:00,109,NETBANKING,HDFC,South,M006,2272.19,1,NONE
TXN0005712,2026-08-30 07:16:19+00:00,109,CARD,AXIS,East,M004,1870.87,1,NONE
TXN0000703,2026-08-30 07:16:21+00:00,109,UPI,AXIS,West,M004,1817.96,1,NONE
TXN0007140,2026-08-30 07:16:22+00:00,109,WALLET,AXIS,East,M005,1478.19,1,NONE
TXN0006349,2026-08-30 07:16:22+00:00,109,WALLET,SBI,South,M005,1614.13,1,NONE
TXN0004970,2026-08-30 07:16:23+00:00,109,CARD,KOTAK,South,M001,348.95,1,NONE
TXN0000123,2026-08-30 07:16:25+00:00,109,UPI,ICICI,North,M005,1617.14,1,NONE
TXN0006823,2026-08-30 07:16:26+00:00,109,UPI,ICICI,South,M005,2444.07,0,INSUFFICIENT_FUNDS
TXN0001427,2026-08-30 07:16:32+00:00,109,WALLET,SBI,South,M002,1467.29,1,NONE
TXN0005918,2026-08-30 07:16:34+00:00,109,CARD,ICICI,South,M001,1082.27,1,NONE
TXN0000968,2026-08-30 07:16:34+00:00,109,UPI,HDFC,North,M001,922.98,1,NONE
TXN0003364,2026-08-30 07:16:36+00:00,109,CARD,HDFC,West,M005,1573.35,1,NONE
TXN0000677,2026-08-30 07:16:38+00:00,109,CARD,ICICI,West,M001,2853.22,1,NONE
TXN0006870,2026-08-30 07:16:38+00:00,109,NETBANKING,SBI,South,M006,220.93,1,NONE
TXN0006736,2026-08-30 07:16:38+00:00,109,UPI,KOTAK,West,M002,1163.9,1,NONE
TXN0000753,2026-08-30 07:16:44+00:00,109,NETBANKING,SBI,South,M005,739.68,1,NONE
TXN0006381,2026-08-30 07:16:44+00:00,109,UPI,ICICI,Central,M005,3292.06,1,NONE
TXN0000235,2026-08-30 07:16:45+00:00,109,WALLET,HDFC,South,M001,3343.33,1,NONE
TXN0007173,2026-08-30 07:16:47+00:00,109,NETBANKING,AXIS,West,M005,1701.37,1,NONE
TXN0006771,2026-08-30 07:16:55+00:00,109,CARD,KOTAK,North,M006,2411.62,1,NONE
TXN0006164,2026-08-30 07:16:56+00:00,109,NETBANKING,ICICI,West,M005,2314.32,1,NONE
TXN0003764,2026-08-30 07:16:57+00:00,109,UPI,ICICI,North,M005,2584.96,1,NONE
TXN0005484,2026-08-30 07:16:57+00:00,109,UPI,SBI,South,M001,553.19,1,NONE
TXN0003317,2026-08-30 07:16:58+00:00,109,NETBANKING,SBI,South,M005,3065.88,0,CUSTOMER_CANCELLED
TXN0005212,2026-08-30 07:16:58+00:00,109,NETBANKING,KOTAK,South,M001,361.89,1,NONE
TXN0004472,2026-08-30 07:16:59+00:00,109,UPI,SBI,Central,M002,1030.58,1,NONE
TXN0005735,2026-08-30 07:17:00+00:00,110,UPI,SBI,South,M005,845.4,1,NONE
TXN0004855,2026-08-30 07:17:02+00:00,110,UPI,SBI,North,M006,425.11,1,NONE
TXN0000614,2026-08-30 07:17:05+00:00,110,UPI,HDFC,East,M004,1141.86,1,NONE
TXN0001498,2026-08-30 07:17:06+00:00,110,WALLET,ICICI,West,M001,6462.4,1,NONE
TXN0000512,2026-08-30 07:17:08+00:00,110,UPI,AXIS,West,M006,4413.11,1,NONE
TXN0001800,2026-08-30 07:17:09+00:00,110,UPI,ICICI,East,M003,606.39,1,NONE
TXN0001682,2026-08-30 07:17:09+00:00,110,UPI,HDFC,South,M005,1003.58,0,BANK_DECLINED
TXN0000749,2026-08-30 07:17:13+00:00,110,UPI,SBI,West,M006,2105.87,1,NONE
TXN0000718,2026-08-30 07:17:14+00:00,110,UPI,SBI,North,M001,1399.25,1,NONE
TXN0000162,2026-08-30 07:17:15+00:00,110,UPI,AXIS,South,M005,2953.17,1,NONE
TXN0004470,2026-08-30 07:17:19+00:00,110,CARD,KOTAK,Central,M004,723.59,1,NONE
TXN0002012,2026-08-30 07:17:20+00:00,110,UPI,KOTAK,East,M003,1211.88,1,NONE
TXN0006172,2026-08-30 07:17:23+00:00,110,UPI,HDFC,West,M001,1525.64,1,NONE
TXN0005728,2026-08-30 07:17:23+00:00,110,CARD,SBI,East,M006,1470.83,1,NONE
TXN0005357,2026-08-30 07:17:24+00:00,110,UPI,AXIS,Central,M004,299.26,1,NONE
TXN0003501,2026-08-30 07:17:25+00:00,110,CARD,HDFC,South,M003,1794.81,1,NONE
TXN0000511,2026-08-30 07:17:27+00:00,110,CARD,SBI,East,M002,871.11,1,NONE
TXN0002651,2026-08-30 07:17:27+00:00,110,WALLET,SBI,South,M002,1626.07,1,NONE
TXN0001747,2026-08-30 07:17:27+00:00,110,CARD,KOTAK,East,M006,891.15,1,NONE
TXN0002133,2026-08-30 07:17:28+00:00,110,UPI,HDFC,North,M006,676.11,1,NONE
TXN0005156,2026-08-30 07:17:30+00:00,110,WALLET,AXIS,South,M006,752.74,0,TIMEOUT
TXN0007174,2026-08-30 07:17:32+00:00,110,CARD,HDFC,West,M006,1390.69,1,NONE
TXN0005318,2026-08-30 07:17:34+00:00,110,UPI,SBI,West,M001,2725.44,1,NONE
TXN0006330,2026-08-30 07:17:34+00:00,110,CARD,ICICI,Central,M004,2570.93,1,NONE
TXN0005736,2026-08-30 07:17:35+00:00,110,NETBANKING,ICICI,West,M002,801.2,1,NONE
TXN0002281,2026-08-30 07:17:36+00:00,110,CARD,HDFC,East,M004,2333.23,1,NONE
TXN0003240,2026-08-30 07:17:37+00:00,110,WALLET,SBI,South,M004,921.5,1,NONE
TXN0007061,2026-08-30 07:17:40+00:00,110,UPI,SBI,West,M005,2543.66,1,NONE
TXN0001205,2026-08-30 07:17:41+00:00,110,UPI,AXIS,Central,M001,7532.71,1,NONE
TXN0004745,2026-08-30 07:17:43+00:00,110,UPI,KOTAK,South,M003,3185.59,1,NONE
TXN0006038,2026-08-30 07:17:45+00:00,110,CARD,ICICI,Central,M005,831.27,1,NONE
TXN0001573,2026-08-30 07:17:46+00:00,110,CARD,AXIS,West,M001,2843.22,1,NONE
TXN0005754,2026-08-30 07:17:50+00:00,110,UPI,ICICI,South,M002,2659.3,1,NONE
TXN0003981,2026-08-30 07:17:50+00:00,110,NETBANKING,HDFC,Central,M005,517.72,1,NONE
TXN0001912,2026-08-30 07:17:51+00:00,110,CARD,HDFC,East,M003,533.68,1,NONE
TXN0006767,2026-08-30 07:17:51+00:00,110,WALLET,HDFC,East,M001,671.12,1,NONE
TXN0000161,2026-08-30 07:17:54+00:00,110,UPI,SBI,South,M002,1140.4,1,NONE
TXN0005198,2026-08-30 07:17:56+00:00,110,UPI,ICICI,South,M001,4791.06,1,NONE
TXN0000552,2026-08-30 07:17:56+00:00,110,WALLET,SBI,North,M002,1540.17,1,NONE
TXN0002585,2026-08-30 07:17:59+00:00,110,UPI,ICICI,North,M002,652.05,1,NONE
TXN0006705,2026-08-30 07:18:00+00:00,111,UPI,ICICI,West,M001,3440.9,1,NONE
TXN0006320,2026-08-30 07:18:03+00:00,111,CARD,SBI,West,M002,2843.94,1,NONE
TXN0003901,2026-08-30 07:18:03+00:00,111,UPI,AXIS,West,M004,439.38,0,CUSTOMER_CANCELLED
TXN0002481,2026-08-30 07:18:04+00:00,111,NETBANKING,AXIS,South,M002,1126.48,1,NONE
TXN0003790,2026-08-30 07:18:08+00:00,111,UPI,KOTAK,North,M004,3289.54,1,NONE
TXN0005134,2026-08-30 07:18:09+00:00,111,UPI,SBI,East,M002,854.03,0,INSUFFICIENT_FUNDS
TXN0000582,2026-08-30 07:18:10+00:00,111,CARD,SBI,West,M002,488.45,1,NONE
TXN0004457,2026-08-30 07:18:12+00:00,111,CARD,SBI,South,M002,1707.52,1,NONE
TXN0004215,2026-08-30 07:18:15+00:00,111,UPI,ICICI,Central,M003,445.42,1,NONE
TXN0001502,2026-08-30 07:18:16+00:00,111,UPI,SBI,North,M004,2106.4,1,NONE
TXN0001741,2026-08-30 07:18:16+00:00,111,CARD,AXIS,North,M003,1888.5,1,NONE
TXN0001615,2026-08-30 07:18:17+00:00,111,CARD,SBI,East,M001,3258.43,1,NONE
TXN0005440,2026-08-30 07:18:19+00:00,111,CARD,SBI,North,M005,1521.07,1,NONE
TXN0003419,2026-08-30 07:18:19+00:00,111,WALLET,ICICI,North,M001,6751.94,0,TIMEOUT
TXN0001649,2026-08-30 07:18:24+00:00,111,UPI,ICICI,Central,M002,1661.19,1,NONE
TXN0006053,2026-08-30 07:18:24+00:00,111,CARD,HDFC,West,M003,6660.04,1,NONE
TXN0000916,2026-08-30 07:18:26+00:00,111,UPI,SBI,East,M006,2213.87,1,NONE
TXN0005090,2026-08-30 07:18:27+00:00,111,UPI,SBI,South,M004,4607.82,1,NONE
TXN0004622,2026-08-30 07:18:27+00:00,111,UPI,HDFC,West,M004,1707.13,1,NONE
TXN0002366,2026-08-30 07:18:38+00:00,111,CARD,ICICI,North,M002,1026.65,1,NONE
TXN0002229,2026-08-30 07:18:39+00:00,111,CARD,HDFC,North,M005,1249.71,0,TIMEOUT
TXN0000946,2026-08-30 07:18:40+00:00,111,CARD,AXIS,North,M005,3099.34,0,CUSTOMER_CANCELLED
TXN0002288,2026-08-30 07:18:41+00:00,111,UPI,HDFC,North,M003,626.1,1,NONE
TXN0007105,2026-08-30 07:18:41+00:00,111,UPI,HDFC,West,M003,1076.14,1,NONE
TXN0006493,2026-08-30 07:18:41+00:00,111,CARD,HDFC,West,M002,1587.41,1,NONE
TXN0004870,2026-08-30 07:18:42+00:00,111,UPI,SBI,Central,M004,846.42,1,NONE
TXN0003250,2026-08-30 07:18:43+00:00,111,UPI,SBI,Central,M002,2006.84,1,NONE
TXN0003817,2026-08-30 07:18:46+00:00,111,UPI,AXIS,North,M005,3600.76,1,NONE
TXN0006820,2026-08-30 07:18:48+00:00,111,UPI,HDFC,East,M006,1420.74,1,NONE
TXN0006101,2026-08-30 07:18:49+00:00,111,UPI,AXIS,South,M006,1365.3,1,NONE
TXN0005490,2026-08-30 07:18:49+00:00,111,UPI,SBI,North,M002,3520.68,1,NONE
TXN0001036,2026-08-30 07:18:52+00:00,111,UPI,SBI,North,M003,919.15,1,NONE
TXN0006310,2026-08-30 07:18:52+00:00,111,CARD,HDFC,West,M004,1748.93,1,NONE
TXN0002647,2026-08-30 07:18:54+00:00,111,UPI,SBI,North,M001,838.87,1,NONE
TXN0004322,2026-08-30 07:18:55+00:00,111,CARD,ICICI,Central,M003,4276.73,0,CUSTOMER_CANCELLED
TXN0002985,2026-08-30 07:18:55+00:00,111,UPI,SBI,West,M005,1171.2,1,NONE
TXN0000524,2026-08-30 07:18:55+00:00,111,CARD,KOTAK,South,M006,1424.67,1,NONE
TXN0002420,2026-08-30 07:18:58+00:00,111,NETBANKING,SBI,North,M004,1287.13,1,NONE
TXN0000240,2026-08-30 07:18:59+00:00,111,UPI,AXIS,Central,M002,1995.99,1,NONE
TXN0007020,2026-08-30 07:18:59+00:00,111,UPI,SBI,Central,M002,2410.21,1,NONE
TXN0004645,2026-08-30 07:19:03+00:00,112,UPI,HDFC,West,M006,1623.69,1,NONE
TXN0001665,2026-08-30 07:19:05+00:00,112,UPI,KOTAK,North,M003,944.12,1,NONE
TXN0003940,2026-08-30 07:19:07+00:00,112,CARD,HDFC,West,M005,720.09,1,NONE
TXN0000324,2026-08-30 07:19:08+00:00,112,NETBANKING,SBI,West,M001,338.28,1,NONE
TXN0000610,2026-08-30 07:19:08+00:00,112,WALLET,HDFC,North,M001,1208.3,1,NONE
TXN0004515,2026-08-30 07:19:09+00:00,112,UPI,SBI,South,M001,1576.15,1,NONE
TXN0001985,2026-08-30 07:19:12+00:00,112,UPI,ICICI,Central,M002,2272.81,1,NONE
TXN0005390,2026-08-30 07:19:14+00:00,112,UPI,SBI,West,M004,340.72,1,NONE
TXN0005958,2026-08-30 07:19:15+00:00,112,UPI,ICICI,Central,M001,4113.61,0,INSUFFICIENT_FUNDS
TXN0001947,2026-08-30 07:19:16+00:00,112,NETBANKING,AXIS,West,M004,394.99,0,CUSTOMER_CANCELLED
TXN0000468,2026-08-30 07:19:18+00:00,112,CARD,HDFC,West,M003,1099.71,1,NONE
TXN0006764,2026-08-30 07:19:20+00:00,112,CARD,KOTAK,West,M003,2019.22,1,NONE
TXN0005913,2026-08-30 07:19:20+00:00,112,CARD,SBI,North,M006,818.23,0,CUSTOMER_CANCELLED
TXN0006154,2026-08-30 07:19:22+00:00,112,UPI,KOTAK,South,M006,1896.28,1,NONE
TXN0002114,2026-08-30 07:19:26+00:00,112,UPI,SBI,West,M002,3469.97,1,NONE
TXN0000761,2026-08-30 07:19:26+00:00,112,UPI,AXIS,South,M003,1809.73,1,NONE
TXN0003403,2026-08-30 07:19:27+00:00,112,UPI,ICICI,North,M003,1761.43,1,NONE
TXN0002732,2026-08-30 07:19:30+00:00,112,UPI,AXIS,Central,M001,942.87,1,NONE
TXN0001107,2026-08-30 07:19:30+00:00,112,UPI,KOTAK,Central,M001,1349.51,1,NONE
TXN0007112,2026-08-30 07:19:31+00:00,112,CARD,KOTAK,East,M005,916.9,1,NONE
TXN0003611,2026-08-30 07:19:31+00:00,112,UPI,AXIS,South,M003,4544.3,1,NONE
TXN0001084,2026-08-30 07:19:32+00:00,112,UPI,AXIS,West,M004,900.42,1,NONE
TXN0005121,2026-08-30 07:19:33+00:00,112,UPI,SBI,South,M001,969.72,1,NONE
TXN0002694,2026-08-30 07:19:34+00:00,112,UPI,HDFC,North,M002,885.88,1,NONE
TXN0003073,2026-08-30 07:19:34+00:00,112,CARD,ICICI,South,M003,1675.51,1,NONE
TXN0002545,2026-08-30 07:19:38+00:00,112,UPI,ICICI,South,M005,1274.76,1,NONE
TXN0003551,2026-08-30 07:19:38+00:00,112,CARD,ICICI,East,M002,505.93,1,NONE
TXN0001551,2026-08-30 07:19:38+00:00,112,CARD,SBI,West,M006,1751.33,1,NONE
TXN0003938,2026-08-30 07:19:39+00:00,112,CARD,ICICI,North,M004,266.81,1,NONE
TXN0000624,2026-08-30 07:19:40+00:00,112,NETBANKING,KOTAK,Central,M003,4879.16,1,NONE
TXN0004560,2026-08-30 07:19:42+00:00,112,WALLET,HDFC,North,M005,2137.58,1,NONE
TXN0002023,2026-08-30 07:19:47+00:00,112,CARD,HDFC,North,M006,787.08,1,NONE
TXN0006679,2026-08-30 07:19:47+00:00,112,CARD,SBI,West,M002,1172.96,1,NONE
TXN0003621,2026-08-30 07:19:50+00:00,112,CARD,ICICI,South,M004,906.9,1,NONE
TXN0002311,2026-08-30 07:19:52+00:00,112,WALLET,ICICI,Central,M001,855.03,1,NONE
TXN0004218,2026-08-30 07:19:55+00:00,112,UPI,AXIS,West,M002,10695.98,1,NONE
TXN0006916,2026-08-30 07:19:56+00:00,112,CARD,ICICI,North,M004,382.71,1,NONE
TXN0001929,2026-08-30 07:19:58+00:00,112,UPI,KOTAK,South,M002,1418.33,1,NONE
TXN0005275,2026-08-30 07:19:58+00:00,112,NETBANKING,ICICI,Central,M006,2450.57,1,NONE
TXN0000195,2026-08-30 07:19:59+00:00,112,UPI,KOTAK,East,M002,2436.48,1,NONE
TXN0005622,2026-08-30 07:20:00+00:00,113,CARD,ICICI,South,M006,666.1,1,NONE
TXN0004674,2026-08-30 07:20:01+00:00,113,UPI,HDFC,West,M002,3119.57,1,NONE
TXN0001811,2026-08-30 07:20:01+00:00,113,NETBANKING,AXIS,South,M002,4440.77,1,NONE
TXN0000088,2026-08-30 07:20:03+00:00,113,UPI,SBI,Central,M001,1909.31,1,NONE
TXN0004237,2026-08-30 07:20:03+00:00,113,UPI,ICICI,South,M001,1407.79,1,NONE
TXN0003729,2026-08-30 07:20:04+00:00,113,UPI,AXIS,South,M001,1675.39,1,NONE
TXN0003044,2026-08-30 07:20:13+00:00,113,UPI,SBI,East,M006,6987.52,0,CUSTOMER_CANCELLED
TXN0001545,2026-08-30 07:20:13+00:00,113,CARD,AXIS,East,M005,236.9,1,NONE
TXN0006931,2026-08-30 07:20:15+00:00,113,NETBANKING,SBI,South,M006,2435.84,1,NONE
TXN0001881,2026-08-30 07:20:16+00:00,113,CARD,AXIS,North,M002,1006.25,1,NONE
TXN0003944,2026-08-30 07:20:18+00:00,113,UPI,HDFC,North,M005,2233.94,1,NONE
TXN0001308,2026-08-30 07:20:18+00:00,113,NETBANKING,SBI,West,M001,868.81,0,TIMEOUT
TXN0004314,2026-08-30 07:20:19+00:00,113,CARD,HDFC,South,M006,547.08,1,NONE
TXN0000507,2026-08-30 07:20:20+00:00,113,UPI,ICICI,South,M003,572.95,1,NONE
TXN0006673,2026-08-30 07:20:21+00:00,113,UPI,ICICI,East,M001,543.14,1,NONE
TXN0003126,2026-08-30 07:20:23+00:00,113,UPI,ICICI,North,M002,723.46,1,NONE
TXN0006014,2026-08-30 07:20:23+00:00,113,UPI,HDFC,East,M001,1173.16,1,NONE
TXN0005777,2026-08-30 07:20:23+00:00,113,CARD,ICICI,South,M004,1219.95,1,NONE
TXN0006850,2026-08-30 07:20:26+00:00,113,UPI,SBI,North,M001,2159.64,1,NONE
TXN0005879,2026-08-30 07:20:27+00:00,113,CARD,SBI,East,M003,881.69,1,NONE
TXN0000452,2026-08-30 07:20:27+00:00,113,CARD,SBI,West,M002,3728.13,1,NONE
TXN0004453,2026-08-30 07:20:29+00:00,113,WALLET,AXIS,West,M006,749.14,1,NONE
TXN0003137,2026-08-30 07:20:32+00:00,113,UPI,HDFC,South,M005,3690.69,1,NONE
TXN0006992,2026-08-30 07:20:33+00:00,113,UPI,SBI,East,M002,2686.56,0,CUSTOMER_CANCELLED
TXN0007057,2026-08-30 07:20:34+00:00,113,CARD,AXIS,East,M006,919.97,1,NONE
TXN0003418,2026-08-30 07:20:34+00:00,113,NETBANKING,AXIS,South,M005,2275.12,1,NONE
TXN0006368,2026-08-30 07:20:37+00:00,113,UPI,ICICI,North,M004,968.53,1,NONE
TXN0004049,2026-08-30 07:20:38+00:00,113,UPI,ICICI,South,M005,3323.96,1,NONE
TXN0004760,2026-08-30 07:20:38+00:00,113,UPI,HDFC,Central,M002,720.02,0,INSUFFICIENT_FUNDS
TXN0005482,2026-08-30 07:20:39+00:00,113,CARD,AXIS,South,M002,290.26,1,NONE
TXN0005038,2026-08-30 07:20:40+00:00,113,CARD,AXIS,North,M002,2043.05,0,BANK_DECLINED
TXN0001289,2026-08-30 07:20:46+00:00,113,CARD,KOTAK,South,M006,1506.81,1,NONE
TXN0001562,2026-08-30 07:20:48+00:00,113,UPI,ICICI,South,M001,2283.93,0,BANK_DECLINED
TXN0003904,2026-08-30 07:20:48+00:00,113,CARD,HDFC,West,M003,353.38,1,NONE
TXN0002094,2026-08-30 07:20:50+00:00,113,CARD,ICICI,North,M002,5428.67,1,NONE
TXN0001851,2026-08-30 07:20:51+00:00,113,CARD,AXIS,North,M002,1309.24,1,NONE
TXN0003038,2026-08-30 07:20:53+00:00,113,UPI,KOTAK,North,M004,1466.01,1,NONE
TXN0001142,2026-08-30 07:20:53+00:00,113,CARD,SBI,South,M004,804.05,1,NONE
TXN0001263,2026-08-30 07:20:53+00:00,113,WALLET,ICICI,North,M006,2895.77,1,NONE
TXN0004638,2026-08-30 07:20:54+00:00,113,UPI,KOTAK,East,M006,3346.31,1,NONE
TXN0000759,2026-08-30 07:21:00+00:00,114,UPI,ICICI,East,M003,1372.13,1,NONE
TXN0003223,2026-08-30 07:21:03+00:00,114,UPI,KOTAK,West,M005,214.17,1,NONE
TXN0000309,2026-08-30 07:21:04+00:00,114,CARD,HDFC,Central,M004,848.34,1,NONE
TXN0007135,2026-08-30 07:21:06+00:00,114,UPI,SBI,West,M005,766.84,1,NONE
TXN0001934,2026-08-30 07:21:06+00:00,114,CARD,HDFC,South,M003,5667.66,1,NONE
TXN0005844,2026-08-30 07:21:07+00:00,114,CARD,SBI,Central,M006,231.11,0,BANK_DECLINED
TXN0004242,2026-08-30 07:21:07+00:00,114,CARD,AXIS,East,M002,1200.45,1,NONE
TXN0000782,2026-08-30 07:21:10+00:00,114,UPI,SBI,North,M003,9623.92,1,NONE
TXN0000084,2026-08-30 07:21:10+00:00,114,CARD,ICICI,West,M005,2549.78,1,NONE
TXN0002703,2026-08-30 07:21:12+00:00,114,UPI,ICICI,East,M001,376.47,1,NONE
TXN0000057,2026-08-30 07:21:12+00:00,114,UPI,HDFC,North,M001,933.89,1,NONE
TXN0001244,2026-08-30 07:21:14+00:00,114,WALLET,HDFC,North,M005,1041.94,1,NONE
TXN0000797,2026-08-30 07:21:15+00:00,114,CARD,KOTAK,North,M006,986.32,1,NONE
TXN0003066,2026-08-30 07:21:16+00:00,114,UPI,AXIS,West,M001,1653.81,1,NONE
TXN0000850,2026-08-30 07:21:17+00:00,114,UPI,SBI,North,M006,1346.16,1,NONE
TXN0000208,2026-08-30 07:21:19+00:00,114,UPI,HDFC,South,M004,1458.15,0,INSUFFICIENT_FUNDS
TXN0000779,2026-08-30 07:21:19+00:00,114,UPI,KOTAK,North,M005,2080.78,1,NONE
TXN0000321,2026-08-30 07:21:21+00:00,114,UPI,AXIS,South,M006,1834.11,1,NONE
TXN0006643,2026-08-30 07:21:22+00:00,114,UPI,HDFC,North,M005,946.63,1,NONE
TXN0000179,2026-08-30 07:21:23+00:00,114,UPI,HDFC,West,M002,9466.92,1,NONE
TXN0002453,2026-08-30 07:21:23+00:00,114,NETBANKING,ICICI,South,M002,1228.58,0,CUSTOMER_CANCELLED
TXN0003761,2026-08-30 07:21:27+00:00,114,CARD,ICICI,North,M003,2500.29,1,NONE
TXN0002945,2026-08-30 07:21:27+00:00,114,UPI,HDFC,East,M006,3555.88,1,NONE
TXN0005406,2026-08-30 07:21:27+00:00,114,CARD,KOTAK,West,M001,2257.74,1,NONE
TXN0007008,2026-08-30 07:21:27+00:00,114,UPI,ICICI,Central,M002,2171.55,1,NONE
TXN0001657,2026-08-30 07:21:28+00:00,114,UPI,HDFC,West,M005,282.94,1,NONE
TXN0003822,2026-08-30 07:21:31+00:00,114,UPI,ICICI,North,M006,2086.51,1,NONE
TXN0001472,2026-08-30 07:21:31+00:00,114,UPI,AXIS,North,M002,965.3,1,NONE
TXN0004263,2026-08-30 07:21:32+00:00,114,UPI,AXIS,North,M003,238.78,1,NONE
TXN0002120,2026-08-30 07:21:33+00:00,114,NETBANKING,SBI,North,M005,2125.31,1,NONE
TXN0001016,2026-08-30 07:21:36+00:00,114,NETBANKING,KOTAK,East,M002,247.07,1,NONE
TXN0000857,2026-08-30 07:21:36+00:00,114,UPI,ICICI,Central,M005,688.08,1,NONE
TXN0000959,2026-08-30 07:21:37+00:00,114,UPI,AXIS,South,M004,2654.8,1,NONE
TXN0005141,2026-08-30 07:21:37+00:00,114,UPI,AXIS,East,M004,4203.44,1,NONE
TXN0003107,2026-08-30 07:21:37+00:00,114,UPI,SBI,East,M006,2453.71,1,NONE
TXN0004566,2026-08-30 07:21:39+00:00,114,UPI,KOTAK,North,M006,1571.0,1,NONE
TXN0004887,2026-08-30 07:21:41+00:00,114,CARD,ICICI,South,M006,412.13,1,NONE
TXN0004369,2026-08-30 07:21:44+00:00,114,UPI,ICICI,West,M003,595.95,1,NONE
TXN0006473,2026-08-30 07:21:53+00:00,114,CARD,ICICI,South,M002,1264.01,1,NONE
TXN0000310,2026-08-30 07:21:55+00:00,114,CARD,SBI,Central,M005,1213.3,1,NONE
TXN0003657,2026-08-30 07:22:04+00:00,115,UPI,SBI,South,M003,1072.07,1,NONE
TXN0006251,2026-08-30 07:22:04+00:00,115,UPI,HDFC,East,M005,290.6,1,NONE
TXN0004944,2026-08-30 07:22:06+00:00,115,UPI,AXIS,South,M003,1833.85,1,NONE
TXN0001935,2026-08-30 07:22:06+00:00,115,NETBANKING,AXIS,South,M005,1644.94,1,NONE
TXN0005855,2026-08-30 07:22:08+00:00,115,UPI,HDFC,North,M005,820.48,1,NONE
TXN0001609,2026-08-30 07:22:08+00:00,115,UPI,SBI,North,M005,1749.88,0,BANK_DECLINED
TXN0007051,2026-08-30 07:22:09+00:00,115,UPI,HDFC,West,M006,5282.41,1,NONE
TXN0000078,2026-08-30 07:22:10+00:00,115,UPI,SBI,South,M005,1166.49,1,NONE
TXN0003866,2026-08-30 07:22:15+00:00,115,CARD,AXIS,East,M001,4696.06,1,NONE
TXN0003235,2026-08-30 07:22:16+00:00,115,NETBANKING,AXIS,West,M004,1093.81,1,NONE
TXN0000801,2026-08-30 07:22:16+00:00,115,CARD,KOTAK,East,M003,1333.33,1,NONE
TXN0003644,2026-08-30 07:22:19+00:00,115,UPI,KOTAK,South,M003,1388.18,1,NONE
TXN0004907,2026-08-30 07:22:20+00:00,115,NETBANKING,ICICI,Central,M004,1023.53,1,NONE
TXN0004283,2026-08-30 07:22:20+00:00,115,CARD,HDFC,South,M005,1859.41,1,NONE
TXN0000752,2026-08-30 07:22:22+00:00,115,WALLET,HDFC,Central,M001,3103.4,1,NONE
TXN0006608,2026-08-30 07:22:23+00:00,115,UPI,ICICI,North,M001,1271.14,1,NONE
TXN0000390,2026-08-30 07:22:25+00:00,115,WALLET,KOTAK,South,M003,1666.57,1,NONE
TXN0002588,2026-08-30 07:22:28+00:00,115,UPI,ICICI,South,M001,8004.47,1,NONE
TXN0006715,2026-08-30 07:22:28+00:00,115,UPI,SBI,East,M006,1388.17,1,NONE
TXN0001588,2026-08-30 07:22:32+00:00,115,UPI,HDFC,North,M003,2670.62,1,NONE
TXN0001477,2026-08-30 07:22:32+00:00,115,UPI,HDFC,South,M005,2013.91,1,NONE
TXN0005818,2026-08-30 07:22:32+00:00,115,UPI,SBI,West,M005,511.13,1,NONE
TXN0004679,2026-08-30 07:22:34+00:00,115,UPI,SBI,East,M004,265.43,1,NONE
TXN0003469,2026-08-30 07:22:35+00:00,115,UPI,SBI,Central,M006,3617.55,1,NONE
TXN0002537,2026-08-30 07:22:35+00:00,115,UPI,ICICI,West,M003,1158.56,1,NONE
TXN0005325,2026-08-30 07:22:36+00:00,115,UPI,ICICI,West,M002,701.94,1,NONE
TXN0005577,2026-08-30 07:22:41+00:00,115,CARD,AXIS,East,M001,1761.8,1,NONE
TXN0003260,2026-08-30 07:22:42+00:00,115,UPI,SBI,South,M005,729.26,1,NONE
TXN0000544,2026-08-30 07:22:43+00:00,115,WALLET,HDFC,North,M003,389.86,1,NONE
TXN0001246,2026-08-30 07:22:44+00:00,115,UPI,AXIS,West,M001,1243.33,1,NONE
TXN0006333,2026-08-30 07:22:46+00:00,115,CARD,AXIS,North,M001,689.27,0,TIMEOUT
TXN0007064,2026-08-30 07:22:47+00:00,115,NETBANKING,AXIS,East,M005,1741.84,1,NONE
TXN0007153,2026-08-30 07:22:47+00:00,115,NETBANKING,KOTAK,North,M002,3328.17,0,CUSTOMER_CANCELLED
TXN0000410,2026-08-30 07:22:47+00:00,115,UPI,SBI,West,M006,557.02,1,NONE
TXN0007116,2026-08-30 07:22:48+00:00,115,CARD,HDFC,South,M001,979.18,1,NONE
TXN0006482,2026-08-30 07:22:50+00:00,115,WALLET,HDFC,Central,M002,992.17,1,NONE
TXN0003788,2026-08-30 07:22:51+00:00,115,UPI,AXIS,South,M002,723.14,1,NONE
TXN0006232,2026-08-30 07:22:55+00:00,115,NETBANKING,KOTAK,West,M003,3780.56,1,NONE
TXN0000532,2026-08-30 07:22:55+00:00,115,UPI,ICICI,East,M003,676.86,0,CUSTOMER_CANCELLED
TXN0004030,2026-08-30 07:22:58+00:00,115,UPI,HDFC,North,M003,2183.74,1,NONE
TXN0000086,2026-08-30 07:23:01+00:00,116,WALLET,AXIS,West,M001,1359.29,1,NONE
TXN0001534,2026-08-30 07:23:02+00:00,116,UPI,AXIS,Central,M004,1168.8,1,NONE
TXN0001092,2026-08-30 07:23:03+00:00,116,UPI,HDFC,East,M003,2061.84,1,NONE
TXN0003852,2026-08-30 07:23:10+00:00,116,CARD,HDFC,South,M002,4795.52,1,NONE
TXN0003310,2026-08-30 07:23:11+00:00,116,UPI,HDFC,South,M003,741.2,1,NONE
TXN0001413,2026-08-30 07:23:12+00:00,116,UPI,KOTAK,South,M001,6208.9,0,BANK_DECLINED
TXN0002490,2026-08-30 07:23:12+00:00,116,UPI,AXIS,South,M002,2053.78,1,NONE
TXN0003076,2026-08-30 07:23:14+00:00,116,UPI,AXIS,East,M002,1194.68,1,NONE
TXN0000041,2026-08-30 07:23:14+00:00,116,CARD,HDFC,West,M003,688.53,1,NONE
TXN0005718,2026-08-30 07:23:15+00:00,116,CARD,AXIS,West,M006,2797.48,1,NONE
TXN0007018,2026-08-30 07:23:20+00:00,116,CARD,SBI,South,M004,1944.87,1,NONE
TXN0006616,2026-08-30 07:23:26+00:00,116,NETBANKING,AXIS,North,M004,2071.8,1,NONE
TXN0002335,2026-08-30 07:23:27+00:00,116,UPI,AXIS,East,M001,1158.96,1,NONE
TXN0004276,2026-08-30 07:23:27+00:00,116,WALLET,SBI,North,M005,582.59,1,NONE
TXN0006260,2026-08-30 07:23:27+00:00,116,CARD,HDFC,West,M002,2783.66,1,NONE
TXN0003304,2026-08-30 07:23:30+00:00,116,WALLET,ICICI,East,M002,3829.34,1,NONE
TXN0003726,2026-08-30 07:23:31+00:00,116,UPI,SBI,West,M001,2759.54,1,NONE
TXN0006666,2026-08-30 07:23:31+00:00,116,CARD,HDFC,West,M003,2122.37,1,NONE
TXN0002554,2026-08-30 07:23:34+00:00,116,UPI,KOTAK,East,M005,386.64,1,NONE
TXN0004335,2026-08-30 07:23:35+00:00,116,CARD,KOTAK,West,M005,1542.08,1,NONE
TXN0006577,2026-08-30 07:23:35+00:00,116,UPI,ICICI,East,M005,932.64,1,NONE
TXN0005161,2026-08-30 07:23:39+00:00,116,CARD,KOTAK,East,M002,2192.46,1,NONE
TXN0003946,2026-08-30 07:23:40+00:00,116,UPI,ICICI,South,M005,4530.93,1,NONE
TXN0005995,2026-08-30 07:23:40+00:00,116,UPI,HDFC,Central,M003,908.78,1,NONE
TXN0005529,2026-08-30 07:23:43+00:00,116,CARD,KOTAK,North,M002,1462.49,1,NONE
TXN0005391,2026-08-30 07:23:44+00:00,116,UPI,HDFC,North,M001,224.6,1,NONE
TXN0002813,2026-08-30 07:23:45+00:00,116,UPI,HDFC,Central,M004,1770.75,1,NONE
TXN0003477,2026-08-30 07:23:46+00:00,116,CARD,HDFC,West,M002,2250.29,1,NONE
TXN0006621,2026-08-30 07:23:47+00:00,116,UPI,HDFC,West,M001,892.99,1,NONE
TXN0005647,2026-08-30 07:23:48+00:00,116,UPI,HDFC,North,M003,715.46,1,NONE
TXN0005261,2026-08-30 07:23:48+00:00,116,CARD,AXIS,South,M005,1183.21,1,NONE
TXN0004750,2026-08-30 07:23:49+00:00,116,UPI,SBI,West,M003,3141.5,1,NONE
TXN0000786,2026-08-30 07:23:52+00:00,116,UPI,SBI,East,M001,2193.87,1,NONE
TXN0005409,2026-08-30 07:23:54+00:00,116,CARD,AXIS,South,M006,2239.6,1,NONE
TXN0005568,2026-08-30 07:23:55+00:00,116,CARD,ICICI,South,M003,1400.3,1,NONE
TXN0005222,2026-08-30 07:23:57+00:00,116,UPI,ICICI,East,M004,3857.35,1,NONE
TXN0005061,2026-08-30 07:23:57+00:00,116,UPI,SBI,North,M003,1529.74,1,NONE
TXN0000135,2026-08-30 07:23:58+00:00,116,UPI,ICICI,South,M004,1980.47,1,NONE
TXN0003643,2026-08-30 07:23:59+00:00,116,CARD,KOTAK,South,M006,2059.31,1,NONE
TXN0002863,2026-08-30 07:23:59+00:00,116,UPI,SBI,East,M003,1399.88,1,NONE
TXN0003328,2026-08-30 07:24:00+00:00,117,UPI,AXIS,South,M002,778.97,1,NONE
TXN0005815,2026-08-30 07:24:01+00:00,117,UPI,AXIS,South,M001,6918.74,1,NONE
TXN0004830,2026-08-30 07:24:01+00:00,117,UPI,AXIS,Central,M004,940.29,1,NONE
TXN0001193,2026-08-30 07:24:01+00:00,117,CARD,SBI,Central,M003,4435.79,1,NONE
TXN0001648,2026-08-30 07:24:02+00:00,117,UPI,SBI,South,M001,326.91,1,NONE
TXN0004875,2026-08-30 07:24:02+00:00,117,NETBANKING,KOTAK,Central,M003,183.55,1,NONE
TXN0001446,2026-08-30 07:24:02+00:00,117,UPI,AXIS,North,M003,774.56,1,NONE
TXN0004061,2026-08-30 07:24:03+00:00,117,CARD,AXIS,South,M001,1359.96,1,NONE
TXN0004592,2026-08-30 07:24:06+00:00,117,CARD,SBI,North,M005,1487.57,1,NONE
TXN0005364,2026-08-30 07:24:06+00:00,117,CARD,AXIS,East,M001,1523.68,1,NONE
TXN0001858,2026-08-30 07:24:06+00:00,117,UPI,HDFC,South,M006,348.71,1,NONE
TXN0005128,2026-08-30 07:24:07+00:00,117,NETBANKING,KOTAK,North,M002,3793.85,1,NONE
TXN0003070,2026-08-30 07:24:07+00:00,117,UPI,AXIS,Central,M003,1058.1,1,NONE
TXN0006897,2026-08-30 07:24:11+00:00,117,WALLET,KOTAK,East,M001,1425.28,1,NONE
TXN0002717,2026-08-30 07:24:14+00:00,117,CARD,KOTAK,West,M004,226.54,1,NONE
TXN0005302,2026-08-30 07:24:15+00:00,117,CARD,ICICI,South,M003,1203.58,1,NONE
TXN0001136,2026-08-30 07:24:16+00:00,117,WALLET,KOTAK,West,M003,2575.08,1,NONE
TXN0001163,2026-08-30 07:24:21+00:00,117,CARD,ICICI,North,M004,1266.02,1,NONE
TXN0003232,2026-08-30 07:24:21+00:00,117,NETBANKING,SBI,East,M003,729.08,1,NONE
TXN0000485,2026-08-30 07:24:23+00:00,117,CARD,HDFC,North,M005,1291.64,1,NONE
TXN0006133,2026-08-30 07:24:26+00:00,117,UPI,ICICI,West,M005,1014.62,1,NONE
TXN0000457,2026-08-30 07:24:26+00:00,117,WALLET,KOTAK,North,M002,725.79,1,NONE
TXN0006599,2026-08-30 07:24:33+00:00,117,CARD,ICICI,East,M006,2667.06,1,NONE
TXN0000198,2026-08-30 07:24:35+00:00,117,UPI,ICICI,Central,M005,1250.79,1,NONE
TXN0001612,2026-08-30 07:24:37+00:00,117,CARD,SBI,North,M006,1813.82,1,NONE
TXN0004094,2026-08-30 07:24:37+00:00,117,UPI,KOTAK,South,M003,666.18,1,NONE
TXN0005649,2026-08-30 07:24:39+00:00,117,UPI,SBI,North,M005,1402.31,1,NONE
TXN0005607,2026-08-30 07:24:40+00:00,117,CARD,SBI,South,M001,469.98,1,NONE
TXN0005234,2026-08-30 07:24:42+00:00,117,UPI,AXIS,Central,M001,347.34,1,NONE
TXN0005827,2026-08-30 07:24:45+00:00,117,WALLET,SBI,South,M001,869.08,1,NONE
TXN0006528,2026-08-30 07:24:47+00:00,117,UPI,HDFC,South,M004,511.2,1,NONE
TXN0002162,2026-08-30 07:24:47+00:00,117,UPI,SBI,East,M002,390.39,1,NONE
TXN0000539,2026-08-30 07:24:48+00:00,117,UPI,HDFC,East,M005,1634.71,1,NONE
TXN0002275,2026-08-30 07:24:49+00:00,117,CARD,ICICI,North,M003,595.4,1,NONE
TXN0004792,2026-08-30 07:24:51+00:00,117,UPI,ICICI,West,M004,1250.18,1,NONE
TXN0006083,2026-08-30 07:24:54+00:00,117,UPI,ICICI,West,M001,2879.07,1,NONE
TXN0005355,2026-08-30 07:24:55+00:00,117,CARD,SBI,Central,M005,1496.7,1,NONE
TXN0001931,2026-08-30 07:24:56+00:00,117,CARD,HDFC,West,M004,773.08,1,NONE
TXN0001221,2026-08-30 07:24:58+00:00,117,CARD,SBI,West,M002,5015.26,1,NONE
TXN0003775,2026-08-30 07:24:58+00:00,117,NETBANKING,ICICI,East,M005,1783.8,1,NONE
TXN0000031,2026-08-30 07:25:01+00:00,118,CARD,SBI,South,M006,2504.61,1,NONE
TXN0003882,2026-08-30 07:25:03+00:00,118,NETBANKING,ICICI,South,M005,5205.04,1,NONE
TXN0002593,2026-08-30 07:25:05+00:00,118,UPI,SBI,North,M006,858.13,1,NONE
TXN0003815,2026-08-30 07:25:05+00:00,118,UPI,HDFC,South,M004,580.78,1,NONE
TXN0002190,2026-08-30 07:25:06+00:00,118,CARD,ICICI,South,M006,852.13,1,NONE
TXN0002564,2026-08-30 07:25:13+00:00,118,UPI,ICICI,East,M004,400.35,1,NONE
TXN0002880,2026-08-30 07:25:16+00:00,118,CARD,HDFC,Central,M006,1489.33,1,NONE
TXN0000776,2026-08-30 07:25:17+00:00,118,UPI,AXIS,South,M002,926.73,0,BANK_DECLINED
TXN0006442,2026-08-30 07:25:18+00:00,118,CARD,AXIS,West,M001,4565.85,1,NONE
TXN0006120,2026-08-30 07:25:19+00:00,118,UPI,ICICI,West,M003,653.53,0,CUSTOMER_CANCELLED
TXN0005449,2026-08-30 07:25:21+00:00,118,UPI,AXIS,South,M002,2782.39,1,NONE
TXN0002874,2026-08-30 07:25:23+00:00,118,CARD,SBI,South,M004,3957.12,1,NONE
TXN0005863,2026-08-30 07:25:26+00:00,118,CARD,HDFC,Central,M004,1747.42,1,NONE
TXN0000538,2026-08-30 07:25:26+00:00,118,UPI,HDFC,South,M006,315.85,1,NONE
TXN0004312,2026-08-30 07:25:27+00:00,118,NETBANKING,HDFC,West,M004,1791.62,1,NONE
TXN0007025,2026-08-30 07:25:28+00:00,118,UPI,ICICI,West,M005,1552.95,1,NONE
TXN0004057,2026-08-30 07:25:28+00:00,118,UPI,KOTAK,North,M003,1068.15,1,NONE
TXN0006876,2026-08-30 07:25:32+00:00,118,UPI,SBI,West,M003,1350.56,1,NONE
TXN0001681,2026-08-30 07:25:33+00:00,118,CARD,HDFC,West,M001,2103.5,0,INSUFFICIENT_FUNDS
TXN0002002,2026-08-30 07:25:34+00:00,118,UPI,AXIS,South,M005,1840.14,1,NONE
TXN0003723,2026-08-30 07:25:35+00:00,118,UPI,SBI,South,M002,232.72,1,NONE
TXN0007139,2026-08-30 07:25:35+00:00,118,NETBANKING,AXIS,East,M005,1978.95,1,NONE
TXN0004174,2026-08-30 07:25:36+00:00,118,UPI,HDFC,East,M001,1514.53,1,NONE
TXN0004791,2026-08-30 07:25:37+00:00,118,WALLET,SBI,South,M002,215.08,1,NONE
TXN0005554,2026-08-30 07:25:37+00:00,118,CARD,AXIS,East,M003,2370.81,1,NONE
TXN0003332,2026-08-30 07:25:37+00:00,118,UPI,ICICI,West,M002,462.79,1,NONE
TXN0006290,2026-08-30 07:25:40+00:00,118,CARD,AXIS,North,M003,2733.94,1,NONE
TXN0005625,2026-08-30 07:25:40+00:00,118,UPI,AXIS,South,M006,2125.05,1,NONE
TXN0004565,2026-08-30 07:25:44+00:00,118,UPI,ICICI,West,M006,1283.01,1,NONE
TXN0002380,2026-08-30 07:25:45+00:00,118,UPI,SBI,North,M006,1482.37,1,NONE
TXN0001528,2026-08-30 07:25:49+00:00,118,CARD,AXIS,South,M002,1991.4,1,NONE
TXN0005972,2026-08-30 07:25:49+00:00,118,UPI,AXIS,South,M003,1561.52,1,NONE
TXN0005110,2026-08-30 07:25:49+00:00,118,NETBANKING,AXIS,West,M002,845.54,1,NONE
TXN0001834,2026-08-30 07:25:51+00:00,118,UPI,ICICI,East,M001,2527.72,1,NONE
TXN0003988,2026-08-30 07:25:51+00:00,118,UPI,SBI,West,M002,2315.63,1,NONE
TXN0004858,2026-08-30 07:25:54+00:00,118,CARD,HDFC,East,M001,467.21,1,NONE
TXN0000620,2026-08-30 07:25:56+00:00,118,WALLET,AXIS,Central,M005,1358.31,1,NONE
TXN0001456,2026-08-30 07:25:57+00:00,118,CARD,SBI,South,M004,835.64,1,NONE
TXN0005034,2026-08-30 07:25:58+00:00,118,UPI,AXIS,Central,M006,1210.86,1,NONE
TXN0002315,2026-08-30 07:25:59+00:00,118,UPI,HDFC,North,M001,1622.81,1,NONE
TXN0000522,2026-08-30 07:26:00+00:00,119,UPI,KOTAK,South,M003,1842.02,1,NONE
TXN0000175,2026-08-30 07:26:05+00:00,119,UPI,HDFC,West,M002,388.93,1,NONE
TXN0004459,2026-08-30 07:26:07+00:00,119,CARD,AXIS,West,M006,927.22,1,NONE
TXN0001788,2026-08-30 07:26:08+00:00,119,UPI,ICICI,West,M004,1613.5,1,NONE
TXN0000712,2026-08-30 07:26:08+00:00,119,WALLET,KOTAK,West,M001,1144.97,1,NONE
TXN0003744,2026-08-30 07:26:09+00:00,119,UPI,AXIS,North,M004,623.66,1,NONE
TXN0001921,2026-08-30 07:26:10+00:00,119,CARD,ICICI,East,M003,1161.4,0,BANK_DECLINED
TXN0000705,2026-08-30 07:26:12+00:00,119,CARD,SBI,South,M002,1399.06,1,NONE
TXN0007181,2026-08-30 07:26:12+00:00,119,UPI,AXIS,West,M006,1646.35,1,NONE
TXN0004987,2026-08-30 07:26:12+00:00,119,CARD,KOTAK,East,M005,1649.26,1,NONE
TXN0006070,2026-08-30 07:26:12+00:00,119,UPI,ICICI,North,M006,795.61,1,NONE
TXN0003620,2026-08-30 07:26:14+00:00,119,UPI,ICICI,West,M002,331.97,1,NONE
TXN0000935,2026-08-30 07:26:14+00:00,119,UPI,KOTAK,West,M006,2974.45,1,NONE
TXN0002576,2026-08-30 07:26:17+00:00,119,UPI,ICICI,North,M002,9010.22,1,NONE
TXN0003127,2026-08-30 07:26:19+00:00,119,UPI,AXIS,South,M002,2676.01,1,NONE
TXN0005910,2026-08-30 07:26:20+00:00,119,UPI,AXIS,North,M006,1252.76,1,NONE
TXN0005962,2026-08-30 07:26:20+00:00,119,CARD,HDFC,South,M005,5262.09,1,NONE
TXN0003997,2026-08-30 07:26:21+00:00,119,NETBANKING,SBI,North,M001,2275.11,1,NONE
TXN0004477,2026-08-30 07:26:21+00:00,119,UPI,KOTAK,South,M002,549.45,1,NONE
TXN0005035,2026-08-30 07:26:22+00:00,119,UPI,AXIS,Central,M005,1825.94,1,NONE
TXN0002241,2026-08-30 07:26:27+00:00,119,CARD,HDFC,East,M005,514.38,1,NONE
TXN0000889,2026-08-30 07:26:28+00:00,119,UPI,HDFC,South,M006,1902.33,1,NONE
TXN0000751,2026-08-30 07:26:28+00:00,119,UPI,HDFC,South,M006,939.07,1,NONE
TXN0005619,2026-08-30 07:26:29+00:00,119,CARD,KOTAK,West,M006,285.99,1,NONE
TXN0002255,2026-08-30 07:26:30+00:00,119,UPI,ICICI,South,M005,1313.86,1,NONE
TXN0005563,2026-08-30 07:26:30+00:00,119,UPI,ICICI,North,M001,2544.12,1,NONE
TXN0004371,2026-08-30 07:26:33+00:00,119,UPI,HDFC,East,M005,655.07,1,NONE
TXN0001505,2026-08-30 07:26:33+00:00,119,CARD,AXIS,East,M002,1426.14,1,NONE
TXN0004677,2026-08-30 07:26:34+00:00,119,CARD,AXIS,West,M004,6904.39,0,BANK_DECLINED
TXN0002661,2026-08-30 07:26:34+00:00,119,UPI,ICICI,North,M002,1890.21,1,NONE
TXN0000829,2026-08-30 07:26:35+00:00,119,NETBANKING,ICICI,West,M006,2161.72,1,NONE
TXN0002263,2026-08-30 07:26:38+00:00,119,UPI,HDFC,East,M002,1803.67,1,NONE
TXN0004729,2026-08-30 07:26:41+00:00,119,NETBANKING,ICICI,East,M001,1014.17,1,NONE
TXN0001719,2026-08-30 07:26:43+00:00,119,CARD,ICICI,West,M002,871.42,0,BANK_DECLINED
TXN0004666,2026-08-30 07:26:44+00:00,119,WALLET,KOTAK,West,M004,1464.16,1,NONE
TXN0003139,2026-08-30 07:26:45+00:00,119,UPI,SBI,North,M005,1509.57,1,NONE
TXN0001218,2026-08-30 07:26:52+00:00,119,UPI,ICICI,North,M005,1496.02,1,NONE
TXN0004338,2026-08-30 07:26:53+00:00,119,UPI,AXIS,North,M001,240.09,1,NONE
TXN0005489,2026-08-30 07:26:57+00:00,119,CARD,SBI,North,M006,2225.35,1,NONE
TXN0007113,2026-08-30 07:26:59+00:00,119,NETBANKING,AXIS,East,M004,829.51,1,NONE
TXN0002489,2026-08-30 07:27:06+00:00,120,UPI,SBI,South,M001,1017.65,0,INSUFFICIENT_FUNDS
TXN0002531,2026-08-30 07:27:07+00:00,120,UPI,ICICI,South,M001,2179.98,1,NONE
TXN0001825,2026-08-30 07:27:07+00:00,120,UPI,AXIS,North,M006,1173.6,1,NONE
TXN0006710,2026-08-30 07:27:09+00:00,120,NETBANKING,AXIS,South,M006,1193.12,1,NONE
TXN0004984,2026-08-30 07:27:12+00:00,120,UPI,AXIS,East,M002,8805.86,1,NONE
TXN0002689,2026-08-30 07:27:15+00:00,120,UPI,AXIS,West,M002,922.04,1,NONE
TXN0004372,2026-08-30 07:27:15+00:00,120,WALLET,SBI,South,M004,2808.97,1,NONE
TXN0000999,2026-08-30 07:27:17+00:00,120,CARD,ICICI,North,M002,581.24,1,NONE
TXN0006558,2026-08-30 07:27:18+00:00,120,CARD,KOTAK,Central,M004,2284.74,1,NONE
TXN0005959,2026-08-30 07:27:20+00:00,120,CARD,AXIS,Central,M004,1253.07,1,NONE
TXN0006459,2026-08-30 07:27:21+00:00,120,CARD,HDFC,West,M004,1475.76,1,NONE
TXN0002798,2026-08-30 07:27:21+00:00,120,CARD,HDFC,West,M001,933.13,1,NONE
TXN0000962,2026-08-30 07:27:22+00:00,120,NETBANKING,KOTAK,South,M002,2229.93,1,NONE
TXN0003839,2026-08-30 07:27:23+00:00,120,NETBANKING,SBI,South,M002,183.02,1,NONE
TXN0004447,2026-08-30 07:27:25+00:00,120,CARD,HDFC,South,M004,1160.62,1,NONE
TXN0003184,2026-08-30 07:27:26+00:00,120,UPI,AXIS,North,M006,1312.85,0,INSUFFICIENT_FUNDS
TXN0003089,2026-08-30 07:27:26+00:00,120,UPI,SBI,South,M004,2534.69,1,NONE
TXN0001808,2026-08-30 07:27:29+00:00,120,UPI,ICICI,South,M003,1370.39,1,NONE
TXN0002947,2026-08-30 07:27:29+00:00,120,CARD,HDFC,South,M002,1025.35,1,NONE
TXN0000655,2026-08-30 07:27:30+00:00,120,CARD,SBI,East,M001,2441.6,1,NONE
TXN0005145,2026-08-30 07:27:31+00:00,120,UPI,SBI,North,M005,692.36,1,NONE
TXN0006781,2026-08-30 07:27:34+00:00,120,NETBANKING,KOTAK,West,M002,686.91,1,NONE
TXN0004305,2026-08-30 07:27:35+00:00,120,UPI,HDFC,South,M006,8152.14,1,NONE
TXN0003576,2026-08-30 07:27:35+00:00,120,CARD,SBI,North,M005,1145.83,1,NONE
TXN0004232,2026-08-30 07:27:36+00:00,120,UPI,AXIS,North,M001,3742.53,1,NONE
TXN0002691,2026-08-30 07:27:40+00:00,120,CARD,KOTAK,East,M001,470.92,0,INSUFFICIENT_FUNDS
TXN0007123,2026-08-30 07:27:40+00:00,120,WALLET,KOTAK,North,M002,796.91,1,NONE
TXN0002202,2026-08-30 07:27:42+00:00,120,UPI,HDFC,East,M002,753.67,1,NONE
TXN0003479,2026-08-30 07:27:43+00:00,120,UPI,ICICI,North,M005,452.27,1,NONE
TXN0001096,2026-08-30 07:27:46+00:00,120,UPI,SBI,North,M004,4631.62,1,NONE
TXN0005447,2026-08-30 07:27:47+00:00,120,CARD,KOTAK,North,M004,3719.41,1,NONE
TXN0001614,2026-08-30 07:27:47+00:00,120,UPI,HDFC,Central,M004,721.17,1,NONE
TXN0006324,2026-08-30 07:27:52+00:00,120,CARD,HDFC,Central,M001,715.18,1,NONE
TXN0005269,2026-08-30 07:27:53+00:00,120,UPI,ICICI,West,M001,1283.38,0,BANK_DECLINED
TXN0007195,2026-08-30 07:27:54+00:00,120,UPI,ICICI,North,M003,1077.61,1,NONE
TXN0004246,2026-08-30 07:27:54+00:00,120,UPI,SBI,Central,M005,1077.34,1,NONE
TXN0004828,2026-08-30 07:27:54+00:00,120,CARD,SBI,West,M005,2662.23,1,NONE
TXN0000841,2026-08-30 07:27:57+00:00,120,UPI,HDFC,South,M001,1610.44,1,NONE
TXN0006294,2026-08-30 07:27:58+00:00,120,NETBANKING,ICICI,Central,M005,2984.44,1,NONE
TXN0004617,2026-08-30 07:27:59+00:00,120,UPI,HDFC,North,M002,1759.29,1,NONE
TXN0006145,2026-08-30 07:28:00+00:00,121,UPI,AXIS,South,M006,2258.6,1,NONE
TXN0000322,2026-08-30 07:28:02+00:00,121,UPI,SBI,East,M006,1297.25,1,NONE
TXN0001292,2026-08-30 07:28:03+00:00,121,UPI,SBI,West,M006,3394.91,1,NONE
TXN0004194,2026-08-30 07:28:03+00:00,121,UPI,AXIS,West,M004,1460.34,1,NONE
TXN0000932,2026-08-30 07:28:03+00:00,121,UPI,AXIS,Central,M001,2291.56,1,NONE
TXN0003400,2026-08-30 07:28:05+00:00,121,CARD,ICICI,South,M005,1037.76,1,NONE
TXN0004877,2026-08-30 07:28:06+00:00,121,UPI,SBI,North,M003,619.09,1,NONE
TXN0006109,2026-08-30 07:28:09+00:00,121,NETBANKING,SBI,North,M005,831.21,1,NONE
TXN0002932,2026-08-30 07:28:12+00:00,121,NETBANKING,ICICI,East,M006,1054.55,1,NONE
TXN0002629,2026-08-30 07:28:15+00:00,121,CARD,ICICI,South,M004,3017.81,1,NONE
TXN0003623,2026-08-30 07:28:17+00:00,121,UPI,HDFC,North,M006,510.7,1,NONE
TXN0005370,2026-08-30 07:28:17+00:00,121,CARD,KOTAK,West,M005,1063.93,1,NONE
TXN0002907,2026-08-30 07:28:18+00:00,121,UPI,ICICI,West,M002,1961.98,1,NONE
TXN0001922,2026-08-30 07:28:20+00:00,121,CARD,SBI,West,M006,532.39,1,NONE
TXN0000070,2026-08-30 07:28:20+00:00,121,CARD,ICICI,South,M001,3634.44,1,NONE
TXN0002655,2026-08-30 07:28:21+00:00,121,NETBANKING,SBI,North,M005,2410.84,1,NONE
TXN0005196,2026-08-30 07:28:21+00:00,121,UPI,ICICI,West,M001,1719.48,1,NONE
TXN0006859,2026-08-30 07:28:23+00:00,121,UPI,SBI,North,M006,1354.16,1,NONE
TXN0006737,2026-08-30 07:28:25+00:00,121,CARD,ICICI,East,M006,358.51,1,NONE
TXN0005184,2026-08-30 07:28:25+00:00,121,UPI,ICICI,South,M005,3587.88,1,NONE
TXN0003937,2026-08-30 07:28:25+00:00,121,CARD,ICICI,North,M004,633.12,1,NONE
TXN0000126,2026-08-30 07:28:26+00:00,121,UPI,ICICI,North,M002,5727.56,1,NONE
TXN0002796,2026-08-30 07:28:27+00:00,121,CARD,HDFC,North,M005,348.48,1,NONE
TXN0002467,2026-08-30 07:28:27+00:00,121,UPI,SBI,North,M003,2033.57,1,NONE
TXN0006171,2026-08-30 07:28:29+00:00,121,NETBANKING,HDFC,East,M006,2074.56,0,BANK_DECLINED
TXN0004096,2026-08-30 07:28:30+00:00,121,CARD,KOTAK,Central,M006,1152.01,1,NONE
TXN0001651,2026-08-30 07:28:32+00:00,121,UPI,ICICI,West,M006,749.07,1,NONE
TXN0001613,2026-08-30 07:28:36+00:00,121,CARD,AXIS,North,M002,660.06,0,INSUFFICIENT_FUNDS
TXN0000381,2026-08-30 07:28:37+00:00,121,UPI,SBI,West,M004,1814.09,1,NONE
TXN0005037,2026-08-30 07:28:39+00:00,121,UPI,ICICI,South,M002,1177.57,1,NONE
TXN0004975,2026-08-30 07:28:41+00:00,121,WALLET,SBI,South,M004,3053.33,1,NONE
TXN0006375,2026-08-30 07:28:42+00:00,121,CARD,HDFC,North,M002,922.02,1,NONE
TXN0005374,2026-08-30 07:28:42+00:00,121,WALLET,SBI,Central,M004,47171.1,1,NONE
TXN0000833,2026-08-30 07:28:43+00:00,121,UPI,SBI,South,M004,518.86,1,NONE
TXN0006233,2026-08-30 07:28:47+00:00,121,CARD,SBI,Central,M004,1444.99,1,NONE
TXN0003106,2026-08-30 07:28:50+00:00,121,UPI,SBI,North,M002,2406.28,1,NONE
TXN0005584,2026-08-30 07:28:50+00:00,121,NETBANKING,SBI,South,M001,2349.34,1,NONE
TXN0003863,2026-08-30 07:28:54+00:00,121,CARD,KOTAK,West,M006,1550.69,1,NONE
TXN0003605,2026-08-30 07:28:55+00:00,121,CARD,KOTAK,South,M002,564.74,1,NONE
TXN0004656,2026-08-30 07:28:56+00:00,121,CARD,SBI,South,M001,900.34,1,NONE
TXN0003633,2026-08-30 07:29:00+00:00,122,UPI,SBI,North,M006,1494.4,1,NONE
TXN0006671,2026-08-30 07:29:02+00:00,122,UPI,SBI,West,M003,1006.18,1,NONE
TXN0000618,2026-08-30 07:29:03+00:00,122,UPI,AXIS,North,M002,978.8,1,NONE
TXN0006106,2026-08-30 07:29:03+00:00,122,UPI,HDFC,Central,M004,512.27,1,NONE
TXN0005422,2026-08-30 07:29:05+00:00,122,UPI,ICICI,South,M006,1394.41,1,NONE
TXN0006241,2026-08-30 07:29:06+00:00,122,UPI,HDFC,Central,M002,3420.94,1,NONE
TXN0003361,2026-08-30 07:29:08+00:00,122,WALLET,KOTAK,North,M005,1296.48,1,NONE
TXN0002746,2026-08-30 07:29:10+00:00,122,UPI,AXIS,Central,M004,2240.47,1,NONE
TXN0000981,2026-08-30 07:29:11+00:00,122,NETBANKING,KOTAK,South,M006,527.17,1,NONE
TXN0004637,2026-08-30 07:29:15+00:00,122,UPI,SBI,South,M006,2946.09,1,NONE
TXN0003347,2026-08-30 07:29:15+00:00,122,UPI,HDFC,West,M006,1451.43,1,NONE
TXN0004364,2026-08-30 07:29:18+00:00,122,CARD,SBI,West,M004,2027.29,1,NONE
TXN0001550,2026-08-30 07:29:23+00:00,122,WALLET,ICICI,West,M006,2690.5,1,NONE
TXN0002859,2026-08-30 07:29:24+00:00,122,UPI,AXIS,North,M004,1421.0,1,NONE
TXN0005748,2026-08-30 07:29:25+00:00,122,WALLET,AXIS,North,M001,3462.82,0,INSUFFICIENT_FUNDS
TXN0000115,2026-08-30 07:29:29+00:00,122,UPI,HDFC,West,M004,625.67,1,NONE
TXN0003558,2026-08-30 07:29:29+00:00,122,UPI,KOTAK,North,M004,360.9,1,NONE
TXN0001932,2026-08-30 07:29:32+00:00,122,UPI,KOTAK,West,M005,2224.27,1,NONE
TXN0001458,2026-08-30 07:29:35+00:00,122,CARD,SBI,South,M005,1605.83,1,NONE
TXN0000188,2026-08-30 07:29:36+00:00,122,UPI,HDFC,North,M006,163.68,1,NONE
TXN0002069,2026-08-30 07:29:36+00:00,122,UPI,HDFC,East,M001,459.61,0,TIMEOUT
TXN0004692,2026-08-30 07:29:37+00:00,122,CARD,SBI,South,M006,861.93,1,NONE
TXN0001507,2026-08-30 07:29:38+00:00,122,CARD,KOTAK,West,M001,458.61,1,NONE
TXN0005000,2026-08-30 07:29:39+00:00,122,UPI,HDFC,Central,M005,3225.27,1,NONE
TXN0002520,2026-08-30 07:29:40+00:00,122,UPI,SBI,South,M002,444.94,1,NONE
TXN0004183,2026-08-30 07:29:40+00:00,122,UPI,SBI,Central,M001,2402.4,1,NONE
TXN0007034,2026-08-30 07:29:41+00:00,122,CARD,AXIS,West,M004,1056.98,1,NONE
TXN0003966,2026-08-30 07:29:43+00:00,122,CARD,KOTAK,South,M002,1887.79,1,NONE
TXN0006898,2026-08-30 07:29:43+00:00,122,CARD,KOTAK,Central,M005,1368.24,1,NONE
TXN0003676,2026-08-30 07:29:44+00:00,122,UPI,SBI,South,M005,1291.59,0,INSUFFICIENT_FUNDS
TXN0004583,2026-08-30 07:29:44+00:00,122,NETBANKING,SBI,South,M001,6231.13,0,INSUFFICIENT_FUNDS
TXN0000960,2026-08-30 07:29:47+00:00,122,UPI,AXIS,Central,M005,1050.71,1,NONE
TXN0003442,2026-08-30 07:29:48+00:00,122,CARD,AXIS,West,M006,2078.9,0,CUSTOMER_CANCELLED
TXN0006640,2026-08-30 07:29:49+00:00,122,CARD,SBI,West,M004,2559.02,1,NONE
TXN0003752,2026-08-30 07:29:53+00:00,122,CARD,ICICI,South,M001,2321.08,0,CUSTOMER_CANCELLED
TXN0004913,2026-08-30 07:29:56+00:00,122,UPI,KOTAK,East,M006,3427.38,1,NONE
TXN0001207,2026-08-30 07:29:56+00:00,122,CARD,SBI,North,M006,1060.22,0,CUSTOMER_CANCELLED
TXN0001051,2026-08-30 07:29:57+00:00,122,WALLET,AXIS,East,M001,539.81,1,NONE
TXN0005432,2026-08-30 07:29:58+00:00,122,CARD,HDFC,East,M004,1058.71,1,NONE
TXN0005293,2026-08-30 07:29:58+00:00,122,UPI,HDFC,West,M001,843.57,1,NONE
TXN0002765,2026-08-30 07:30:04+00:00,123,CARD,SBI,North,M002,8075.57,1,NONE
TXN0002575,2026-08-30 07:30:06+00:00,123,UPI,SBI,West,M002,944.17,1,NONE
TXN0004662,2026-08-30 07:30:06+00:00,123,UPI,HDFC,North,M004,1121.77,1,NONE
TXN0003147,2026-08-30 07:30:08+00:00,123,NETBANKING,HDFC,South,M004,2991.62,1,NONE
TXN0003725,2026-08-30 07:30:12+00:00,123,NETBANKING,HDFC,South,M004,1757.53,1,NONE
TXN0006963,2026-08-30 07:30:12+00:00,123,UPI,HDFC,South,M005,574.56,1,NONE
TXN0004552,2026-08-30 07:30:13+00:00,123,UPI,ICICI,West,M002,3329.34,1,NONE
TXN0004456,2026-08-30 07:30:15+00:00,123,UPI,KOTAK,South,M003,1578.78,1,NONE
TXN0006489,2026-08-30 07:30:17+00:00,123,NETBANKING,HDFC,Central,M001,493.58,1,NONE
TXN0007011,2026-08-30 07:30:17+00:00,123,UPI,KOTAK,South,M005,727.33,1,NONE
TXN0005947,2026-08-30 07:30:18+00:00,123,UPI,SBI,Central,M002,956.51,1,NONE
TXN0000131,2026-08-30 07:30:21+00:00,123,UPI,KOTAK,North,M005,1062.57,1,NONE
TXN0000642,2026-08-30 07:30:21+00:00,123,CARD,HDFC,South,M004,2073.49,0,CUSTOMER_CANCELLED
TXN0002111,2026-08-30 07:30:22+00:00,123,WALLET,SBI,North,M006,1467.01,1,NONE
TXN0003325,2026-08-30 07:30:22+00:00,123,UPI,ICICI,South,M002,2872.87,1,NONE
TXN0004431,2026-08-30 07:30:25+00:00,123,UPI,KOTAK,Central,M004,433.9,1,NONE
TXN0006568,2026-08-30 07:30:26+00:00,123,CARD,AXIS,South,M003,930.81,1,NONE
TXN0001516,2026-08-30 07:30:27+00:00,123,WALLET,SBI,Central,M001,1424.87,1,NONE
TXN0000689,2026-08-30 07:30:28+00:00,123,NETBANKING,AXIS,South,M004,995.87,1,NONE
TXN0007084,2026-08-30 07:30:28+00:00,123,UPI,ICICI,East,M001,11654.11,1,NONE
TXN0002570,2026-08-30 07:30:28+00:00,123,UPI,AXIS,North,M005,6661.25,1,NONE
TXN0004676,2026-08-30 07:30:30+00:00,123,UPI,SBI,North,M003,1379.13,1,NONE
TXN0000673,2026-08-30 07:30:33+00:00,123,UPI,KOTAK,South,M005,9680.25,1,NONE
TXN0005333,2026-08-30 07:30:34+00:00,123,CARD,ICICI,West,M003,1523.69,1,NONE
TXN0000145,2026-08-30 07:30:35+00:00,123,UPI,AXIS,Central,M005,452.18,1,NONE
TXN0004353,2026-08-30 07:30:40+00:00,123,CARD,KOTAK,South,M004,6314.95,1,NONE
TXN0007159,2026-08-30 07:30:40+00:00,123,UPI,HDFC,North,M005,5082.67,1,NONE
TXN0003642,2026-08-30 07:30:45+00:00,123,CARD,SBI,North,M003,1531.26,1,NONE
TXN0005952,2026-08-30 07:30:46+00:00,123,UPI,HDFC,Central,M003,615.48,1,NONE
TXN0006386,2026-08-30 07:30:47+00:00,123,WALLET,AXIS,East,M004,1152.79,1,NONE
TXN0001216,2026-08-30 07:30:48+00:00,123,UPI,HDFC,South,M005,1617.13,1,NONE
TXN0000459,2026-08-30 07:30:49+00:00,123,UPI,SBI,South,M006,1687.96,1,NONE
TXN0005651,2026-08-30 07:30:50+00:00,123,UPI,SBI,East,M005,3591.54,1,NONE
TXN0002877,2026-08-30 07:30:50+00:00,123,CARD,SBI,North,M005,1232.35,0,BANK_DECLINED
TXN0006035,2026-08-30 07:30:50+00:00,123,NETBANKING,SBI,East,M001,914.3,1,NONE
TXN0001242,2026-08-30 07:30:51+00:00,123,UPI,AXIS,North,M001,576.47,1,NONE
TXN0002475,2026-08-30 07:30:52+00:00,123,CARD,HDFC,North,M001,2523.94,1,NONE
TXN0005002,2026-08-30 07:30:56+00:00,123,CARD,SBI,North,M002,1942.32,1,NONE
TXN0000846,2026-08-30 07:30:57+00:00,123,UPI,ICICI,West,M006,2034.24,1,NONE
TXN0001149,2026-08-30 07:30:57+00:00,123,NETBANKING,HDFC,South,M002,1461.85,1,NONE
TXN0002913,2026-08-30 07:31:00+00:00,124,UPI,HDFC,South,M005,1542.24,1,NONE
TXN0004318,2026-08-30 07:31:02+00:00,124,UPI,SBI,West,M006,2193.54,1,NONE
TXN0004442,2026-08-30 07:31:03+00:00,124,UPI,KOTAK,North,M005,2164.2,1,NONE
TXN0006198,2026-08-30 07:31:05+00:00,124,UPI,SBI,West,M002,2263.09,1,NONE
TXN0003531,2026-08-30 07:31:06+00:00,124,CARD,KOTAK,West,M006,1754.05,1,NONE
TXN0002479,2026-08-30 07:31:06+00:00,124,UPI,HDFC,North,M005,559.25,1,NONE
TXN0000211,2026-08-30 07:31:07+00:00,124,UPI,KOTAK,East,M005,3789.28,1,NONE
TXN0003131,2026-08-30 07:31:08+00:00,124,UPI,HDFC,West,M005,1649.67,1,NONE
TXN0006478,2026-08-30 07:31:10+00:00,124,NETBANKING,KOTAK,South,M006,822.26,1,NONE
TXN0006041,2026-08-30 07:31:13+00:00,124,CARD,SBI,West,M004,627.3,1,NONE
TXN0004761,2026-08-30 07:31:15+00:00,124,UPI,SBI,South,M001,1465.86,1,NONE
TXN0002918,2026-08-30 07:31:16+00:00,124,UPI,SBI,East,M001,889.43,1,NONE
TXN0000294,2026-08-30 07:31:16+00:00,124,WALLET,HDFC,West,M005,1333.08,1,NONE
TXN0003046,2026-08-30 07:31:21+00:00,124,NETBANKING,SBI,West,M005,2924.31,1,NONE
TXN0006815,2026-08-30 07:31:21+00:00,124,CARD,HDFC,North,M002,237.84,0,TIMEOUT
TXN0004943,2026-08-30 07:31:21+00:00,124,UPI,AXIS,South,M001,2189.98,1,NONE
TXN0000204,2026-08-30 07:31:22+00:00,124,UPI,AXIS,South,M003,1198.9,1,NONE
TXN0002017,2026-08-30 07:31:23+00:00,124,UPI,KOTAK,South,M006,3751.45,0,BANK_DECLINED
TXN0001617,2026-08-30 07:31:23+00:00,124,CARD,HDFC,East,M005,2385.47,1,NONE
TXN0003583,2026-08-30 07:31:25+00:00,124,UPI,SBI,South,M002,1515.83,1,NONE
TXN0004709,2026-08-30 07:31:28+00:00,124,UPI,KOTAK,South,M004,3744.94,1,NONE
TXN0003280,2026-08-30 07:31:29+00:00,124,UPI,AXIS,North,M002,670.02,1,NONE
TXN0004575,2026-08-30 07:31:32+00:00,124,CARD,SBI,Central,M002,1204.19,1,NONE
TXN0001230,2026-08-30 07:31:32+00:00,124,UPI,ICICI,Central,M001,1600.24,1,NONE
TXN0003562,2026-08-30 07:31:35+00:00,124,UPI,AXIS,South,M004,991.2,1,NONE
TXN0000839,2026-08-30 07:31:35+00:00,124,CARD,HDFC,North,M005,1784.14,1,NONE
TXN0004941,2026-08-30 07:31:37+00:00,124,UPI,ICICI,North,M003,4426.31,1,NONE
TXN0003308,2026-08-30 07:31:38+00:00,124,UPI,HDFC,Central,M002,4883.99,1,NONE
TXN0006989,2026-08-30 07:31:39+00:00,124,UPI,AXIS,North,M005,2102.34,1,NONE
TXN0004837,2026-08-30 07:31:41+00:00,124,CARD,HDFC,West,M001,3005.65,1,NONE
TXN0003556,2026-08-30 07:31:42+00:00,124,NETBANKING,ICICI,West,M003,1035.06,1,NONE
TXN0005300,2026-08-30 07:31:42+00:00,124,UPI,HDFC,East,M002,4707.25,1,NONE
TXN0004236,2026-08-30 07:31:43+00:00,124,CARD,AXIS,Central,M001,1330.12,1,NONE
TXN0002221,2026-08-30 07:31:49+00:00,124,CARD,SBI,West,M006,817.06,1,NONE
TXN0001090,2026-08-30 07:31:50+00:00,124,UPI,ICICI,South,M002,372.51,1,NONE
TXN0004029,2026-08-30 07:31:52+00:00,124,UPI,SBI,West,M004,2427.15,1,NONE
TXN0002405,2026-08-30 07:31:54+00:00,124,CARD,HDFC,South,M005,1078.04,1,NONE
TXN0006563,2026-08-30 07:31:55+00:00,124,UPI,AXIS,North,M001,1450.93,1,NONE
TXN0000243,2026-08-30 07:31:56+00:00,124,UPI,KOTAK,West,M004,3335.1,1,NONE
TXN0002031,2026-08-30 07:31:58+00:00,124,UPI,HDFC,West,M001,1027.17,1,NONE
TXN0006272,2026-08-30 07:32:00+00:00,125,UPI,ICICI,Central,M005,3942.88,0,BANK_DECLINED
TXN0001596,2026-08-30 07:32:00+00:00,125,CARD,SBI,West,M003,983.23,1,NONE
TXN0002214,2026-08-30 07:32:01+00:00,125,UPI,SBI,Central,M005,1469.51,1,NONE
TXN0005950,2026-08-30 07:32:02+00:00,125,UPI,KOTAK,North,M006,1229.5,1,NONE
TXN0007190,2026-08-30 07:32:09+00:00,125,UPI,KOTAK,South,M006,443.27,1,NONE
TXN0005334,2026-08-30 07:32:11+00:00,125,UPI,ICICI,West,M006,332.32,1,NONE
TXN0002326,2026-08-30 07:32:11+00:00,125,CARD,AXIS,East,M004,4641.53,1,NONE
TXN0006825,2026-08-30 07:32:12+00:00,125,UPI,AXIS,Central,M005,878.73,1,NONE
TXN0005623,2026-08-30 07:32:14+00:00,125,CARD,SBI,North,M004,1948.61,1,NONE
TXN0005420,2026-08-30 07:32:15+00:00,125,UPI,HDFC,South,M004,5193.47,1,NONE
TXN0000337,2026-08-30 07:32:15+00:00,125,UPI,HDFC,South,M001,1633.58,1,NONE
TXN0003279,2026-08-30 07:32:17+00:00,125,WALLET,AXIS,West,M004,818.91,1,NONE
TXN0001317,2026-08-30 07:32:18+00:00,125,UPI,HDFC,Central,M002,1084.32,1,NONE
TXN0003395,2026-08-30 07:32:19+00:00,125,UPI,AXIS,West,M001,996.48,1,NONE
TXN0005994,2026-08-30 07:32:20+00:00,125,NETBANKING,SBI,Central,M001,1710.25,1,NONE
TXN0003362,2026-08-30 07:32:20+00:00,125,NETBANKING,HDFC,South,M006,1283.74,1,NONE
TXN0003592,2026-08-30 07:32:21+00:00,125,UPI,ICICI,West,M006,864.07,1,NONE
TXN0003831,2026-08-30 07:32:23+00:00,125,CARD,AXIS,North,M005,762.72,1,NONE
TXN0004339,2026-08-30 07:32:25+00:00,125,UPI,SBI,South,M004,536.15,1,NONE
TXN0003795,2026-08-30 07:32:26+00:00,125,CARD,AXIS,West,M004,210.43,1,NONE
TXN0005175,2026-08-30 07:32:26+00:00,125,CARD,HDFC,North,M003,213.16,1,NONE
TXN0000609,2026-08-30 07:32:27+00:00,125,CARD,AXIS,South,M006,839.28,1,NONE
TXN0006418,2026-08-30 07:32:32+00:00,125,NETBANKING,ICICI,East,M005,663.4,1,NONE
TXN0006803,2026-08-30 07:32:33+00:00,125,CARD,AXIS,South,M004,765.8,1,NONE
TXN0001094,2026-08-30 07:32:36+00:00,125,CARD,KOTAK,West,M003,3110.41,1,NONE
TXN0000898,2026-08-30 07:32:42+00:00,125,CARD,KOTAK,West,M004,1595.48,1,NONE
TXN0005914,2026-08-30 07:32:43+00:00,125,CARD,HDFC,West,M003,555.53,1,NONE
TXN0005698,2026-08-30 07:32:43+00:00,125,CARD,KOTAK,East,M004,2025.39,1,NONE
TXN0004261,2026-08-30 07:32:47+00:00,125,UPI,KOTAK,South,M001,1381.15,1,NONE
TXN0006784,2026-08-30 07:32:47+00:00,125,UPI,SBI,North,M005,5020.55,1,NONE
TXN0002862,2026-08-30 07:32:48+00:00,125,UPI,SBI,East,M003,3330.77,1,NONE
TXN0006811,2026-08-30 07:32:49+00:00,125,UPI,SBI,North,M003,271.48,0,TIMEOUT
TXN0006229,2026-08-30 07:32:51+00:00,125,UPI,HDFC,Central,M006,686.72,1,NONE
TXN0006405,2026-08-30 07:32:53+00:00,125,UPI,SBI,West,M006,715.05,1,NONE
TXN0005938,2026-08-30 07:32:54+00:00,125,CARD,HDFC,North,M004,2606.26,1,NONE
TXN0005917,2026-08-30 07:32:56+00:00,125,NETBANKING,AXIS,East,M005,946.16,1,NONE
TXN0004101,2026-08-30 07:32:58+00:00,125,CARD,SBI,East,M003,803.37,0,CUSTOMER_CANCELLED
TXN0006315,2026-08-30 07:32:58+00:00,125,CARD,HDFC,North,M004,712.52,1,NONE
TXN0001100,2026-08-30 07:32:58+00:00,125,WALLET,SBI,South,M005,4755.02,1,NONE
TXN0002033,2026-08-30 07:32:59+00:00,125,UPI,SBI,South,M002,484.99,1,NONE
TXN0005206,2026-08-30 07:33:00+00:00,126,NETBANKING,SBI,North,M001,559.86,1,NONE
TXN0000818,2026-08-30 07:33:01+00:00,126,UPI,AXIS,East,M006,872.82,1,NONE
TXN0007062,2026-08-30 07:33:02+00:00,126,CARD,ICICI,East,M006,494.19,1,NONE
TXN0004279,2026-08-30 07:33:06+00:00,126,UPI,HDFC,North,M001,1994.9,1,NONE
TXN0003311,2026-08-30 07:33:07+00:00,126,CARD,HDFC,East,M003,3679.7,1,NONE
TXN0000593,2026-08-30 07:33:08+00:00,126,WALLET,HDFC,East,M006,38961.86,1,NONE
TXN0002106,2026-08-30 07:33:09+00:00,126,WALLET,ICICI,East,M001,1120.3,1,NONE
TXN0003842,2026-08-30 07:33:12+00:00,126,CARD,AXIS,North,M003,3400.14,1,NONE
TXN0004821,2026-08-30 07:33:12+00:00,126,CARD,SBI,South,M004,2573.61,0,TIMEOUT
TXN0002454,2026-08-30 07:33:12+00:00,126,UPI,SBI,Central,M002,3809.76,1,NONE
TXN0003959,2026-08-30 07:33:14+00:00,126,UPI,AXIS,West,M001,1190.11,0,TIMEOUT
TXN0006019,2026-08-30 07:33:14+00:00,126,CARD,KOTAK,North,M004,4453.75,1,NONE
TXN0003872,2026-08-30 07:33:14+00:00,126,CARD,AXIS,North,M004,2757.61,1,NONE
TXN0000339,2026-08-30 07:33:16+00:00,126,UPI,ICICI,North,M003,297.59,1,NONE
TXN0002339,2026-08-30 07:33:16+00:00,126,CARD,HDFC,South,M005,8598.12,0,CUSTOMER_CANCELLED
TXN0005527,2026-08-30 07:33:17+00:00,126,NETBANKING,HDFC,West,M003,2851.94,1,NONE
TXN0004368,2026-08-30 07:33:20+00:00,126,CARD,HDFC,North,M001,952.99,1,NONE
TXN0003957,2026-08-30 07:33:20+00:00,126,UPI,HDFC,South,M001,1786.13,1,NONE
TXN0000514,2026-08-30 07:33:21+00:00,126,UPI,SBI,North,M002,1021.31,1,NONE
TXN0003855,2026-08-30 07:33:23+00:00,126,UPI,AXIS,West,M004,1054.96,1,NONE
TXN0003093,2026-08-30 07:33:25+00:00,126,UPI,SBI,West,M005,732.82,1,NONE
TXN0004286,2026-08-30 07:33:27+00:00,126,UPI,ICICI,West,M005,2738.91,1,NONE
TXN0001364,2026-08-30 07:33:27+00:00,126,WALLET,SBI,East,M006,1851.63,1,NONE
TXN0003411,2026-08-30 07:33:28+00:00,126,WALLET,ICICI,South,M002,1586.51,1,NONE
TXN0000709,2026-08-30 07:33:28+00:00,126,UPI,HDFC,Central,M001,1790.45,1,NONE
TXN0002386,2026-08-30 07:33:29+00:00,126,CARD,ICICI,East,M006,661.24,1,NONE
TXN0006938,2026-08-30 07:33:31+00:00,126,WALLET,HDFC,West,M003,589.17,1,NONE
TXN0004156,2026-08-30 07:33:34+00:00,126,CARD,HDFC,South,M006,271.98,1,NONE
TXN0000762,2026-08-30 07:33:35+00:00,126,CARD,ICICI,East,M001,1458.86,1,NONE
TXN0000479,2026-08-30 07:33:37+00:00,126,UPI,HDFC,Central,M004,1140.18,1,NONE
TXN0003297,2026-08-30 07:33:37+00:00,126,UPI,SBI,East,M003,2584.91,1,NONE
TXN0001721,2026-08-30 07:33:38+00:00,126,UPI,SBI,West,M001,1323.74,0,BANK_DECLINED
TXN0001855,2026-08-30 07:33:41+00:00,126,WALLET,SBI,North,M003,4917.48,1,NONE
TXN0002601,2026-08-30 07:33:42+00:00,126,CARD,SBI,West,M001,6386.13,1,NONE
TXN0001751,2026-08-30 07:33:44+00:00,126,NETBANKING,SBI,South,M004,1947.67,1,NONE
TXN0005690,2026-08-30 07:33:48+00:00,126,CARD,AXIS,West,M001,1540.66,1,NONE
TXN0002141,2026-08-30 07:33:49+00:00,126,UPI,HDFC,North,M003,504.31,1,NONE
TXN0003110,2026-08-30 07:33:50+00:00,126,UPI,KOTAK,Central,M006,1856.99,0,BANK_DECLINED
TXN0000201,2026-08-30 07:33:52+00:00,126,UPI,HDFC,West,M003,368.38,1,NONE
TXN0001253,2026-08-30 07:33:59+00:00,126,CARD,ICICI,Central,M005,1317.55,0,TIMEOUT
TXN0005167,2026-08-30 07:34:00+00:00,127,NETBANKING,AXIS,South,M001,524.51,1,NONE
TXN0002768,2026-08-30 07:34:02+00:00,127,UPI,HDFC,North,M003,908.74,1,NONE
TXN0000625,2026-08-30 07:34:03+00:00,127,UPI,AXIS,North,M003,644.31,0,BANK_DECLINED
TXN0001859,2026-08-30 07:34:03+00:00,127,NETBANKING,ICICI,West,M005,2398.81,1,NONE
TXN0004675,2026-08-30 07:34:04+00:00,127,UPI,HDFC,South,M004,855.35,1,NONE
TXN0000909,2026-08-30 07:34:05+00:00,127,WALLET,SBI,North,M002,974.17,1,NONE
TXN0000598,2026-08-30 07:34:06+00:00,127,UPI,ICICI,South,M002,1377.15,1,NONE
TXN0003967,2026-08-30 07:34:08+00:00,127,WALLET,KOTAK,West,M003,3750.21,1,NONE
TXN0004526,2026-08-30 07:34:11+00:00,127,WALLET,SBI,South,M002,1067.15,1,NONE
TXN0002207,2026-08-30 07:34:11+00:00,127,CARD,AXIS,West,M001,3235.36,0,INSUFFICIENT_FUNDS
TXN0006656,2026-08-30 07:34:12+00:00,127,UPI,SBI,West,M003,1329.0,1,NONE
TXN0004116,2026-08-30 07:34:12+00:00,127,UPI,HDFC,East,M002,1909.68,1,NONE
TXN0007013,2026-08-30 07:34:14+00:00,127,UPI,HDFC,West,M002,2841.02,0,BANK_DECLINED
TXN0002477,2026-08-30 07:34:18+00:00,127,CARD,KOTAK,East,M001,1982.56,1,NONE
TXN0006512,2026-08-30 07:34:20+00:00,127,NETBANKING,SBI,East,M004,1337.29,1,NONE
TXN0006165,2026-08-30 07:34:21+00:00,127,UPI,SBI,South,M003,1816.78,1,NONE
TXN0005591,2026-08-30 07:34:25+00:00,127,WALLET,HDFC,West,M006,5623.91,1,NONE
TXN0005040,2026-08-30 07:34:27+00:00,127,CARD,AXIS,North,M004,2022.08,1,NONE
TXN0006399,2026-08-30 07:34:29+00:00,127,CARD,ICICI,Central,M005,11349.54,1,NONE
TXN0003275,2026-08-30 07:34:29+00:00,127,CARD,ICICI,Central,M004,662.85,1,NONE
TXN0004178,2026-08-30 07:34:30+00:00,127,UPI,HDFC,West,M005,1527.08,1,NONE
TXN0005026,2026-08-30 07:34:31+00:00,127,CARD,HDFC,West,M002,388.49,1,NONE
TXN0004717,2026-08-30 07:34:32+00:00,127,UPI,SBI,Central,M006,3005.17,1,NONE
TXN0004297,2026-08-30 07:34:33+00:00,127,UPI,AXIS,East,M003,2475.56,1,NONE
TXN0006534,2026-08-30 07:34:35+00:00,127,UPI,SBI,West,M001,5364.42,1,NONE
TXN0002443,2026-08-30 07:34:36+00:00,127,UPI,ICICI,West,M002,429.41,1,NONE
TXN0002458,2026-08-30 07:34:37+00:00,127,CARD,HDFC,West,M002,2852.12,0,BANK_DECLINED
TXN0006974,2026-08-30 07:34:38+00:00,127,WALLET,HDFC,South,M002,2600.5,1,NONE
TXN0002125,2026-08-30 07:34:39+00:00,127,UPI,ICICI,North,M004,695.27,1,NONE
TXN0005248,2026-08-30 07:34:41+00:00,127,UPI,HDFC,East,M006,1803.1,1,NONE
TXN0005560,2026-08-30 07:34:41+00:00,127,UPI,KOTAK,Central,M004,1627.73,1,NONE
TXN0007165,2026-08-30 07:34:43+00:00,127,UPI,ICICI,South,M005,280.92,1,NONE
TXN0000370,2026-08-30 07:34:44+00:00,127,CARD,AXIS,West,M004,965.72,1,NONE
TXN0004728,2026-08-30 07:34:46+00:00,127,CARD,HDFC,South,M002,1618.16,1,NONE
TXN0004121,2026-08-30 07:34:47+00:00,127,NETBANKING,KOTAK,South,M003,1955.5,1,NONE
TXN0003836,2026-08-30 07:34:48+00:00,127,UPI,ICICI,Central,M003,818.96,1,NONE
TXN0003212,2026-08-30 07:34:49+00:00,127,UPI,ICICI,South,M005,6401.74,1,NONE
TXN0006015,2026-08-30 07:34:50+00:00,127,NETBANKING,HDFC,West,M005,8644.78,1,NONE
TXN0007170,2026-08-30 07:34:51+00:00,127,WALLET,SBI,West,M001,3731.32,1,NONE
TXN0005075,2026-08-30 07:34:57+00:00,127,UPI,HDFC,Central,M002,124.84,1,NONE
TXN0006855,2026-08-30 07:35:01+00:00,128,UPI,AXIS,East,M001,832.77,1,NONE
TXN0004128,2026-08-30 07:35:01+00:00,128,NETBANKING,AXIS,South,M001,4101.74,1,NONE
TXN0000778,2026-08-30 07:35:03+00:00,128,WALLET,SBI,West,M003,2883.94,1,NONE
TXN0002163,2026-08-30 07:35:08+00:00,128,CARD,ICICI,South,M005,1573.34,1,NONE
TXN0005497,2026-08-30 07:35:09+00:00,128,CARD,HDFC,Central,M001,2071.1,1,NONE
TXN0006580,2026-08-30 07:35:09+00:00,128,UPI,ICICI,Central,M001,1652.16,1,NONE
TXN0000283,2026-08-30 07:35:09+00:00,128,UPI,SBI,South,M006,2698.92,1,NONE
TXN0006680,2026-08-30 07:35:09+00:00,128,UPI,KOTAK,Central,M003,1606.34,1,NONE
TXN0004327,2026-08-30 07:35:09+00:00,128,UPI,AXIS,West,M004,3052.05,1,NONE
TXN0000710,2026-08-30 07:35:11+00:00,128,UPI,ICICI,North,M005,1422.48,1,NONE
TXN0004978,2026-08-30 07:35:13+00:00,128,CARD,SBI,South,M004,624.66,1,NONE
TXN0002316,2026-08-30 07:35:13+00:00,128,CARD,ICICI,East,M004,446.68,1,NONE
TXN0004222,2026-08-30 07:35:14+00:00,128,CARD,AXIS,North,M005,2428.54,1,NONE
TXN0003640,2026-08-30 07:35:16+00:00,128,UPI,SBI,West,M004,535.87,1,NONE
TXN0003343,2026-08-30 07:35:16+00:00,128,CARD,HDFC,West,M006,938.86,1,NONE
TXN0002861,2026-08-30 07:35:18+00:00,128,NETBANKING,HDFC,North,M003,1856.09,1,NONE
TXN0004744,2026-08-30 07:35:20+00:00,128,CARD,HDFC,South,M003,573.62,1,NONE
TXN0005052,2026-08-30 07:35:22+00:00,128,WALLET,ICICI,South,M001,465.13,1,NONE
TXN0004273,2026-08-30 07:35:23+00:00,128,WALLET,SBI,North,M001,491.67,1,NONE
TXN0001383,2026-08-30 07:35:25+00:00,128,UPI,SBI,North,M005,2261.06,1,NONE
TXN0001319,2026-08-30 07:35:28+00:00,128,UPI,KOTAK,South,M006,4582.92,1,NONE
TXN0000487,2026-08-30 07:35:30+00:00,128,UPI,AXIS,North,M002,5181.27,1,NONE
TXN0000493,2026-08-30 07:35:30+00:00,128,CARD,AXIS,West,M004,1042.66,1,NONE
TXN0003709,2026-08-30 07:35:31+00:00,128,UPI,KOTAK,East,M002,7685.72,1,NONE
TXN0000919,2026-08-30 07:35:32+00:00,128,WALLET,SBI,East,M006,774.84,1,NONE
TXN0004095,2026-08-30 07:35:34+00:00,128,CARD,SBI,West,M003,1356.44,1,NONE
TXN0004087,2026-08-30 07:35:36+00:00,128,CARD,ICICI,East,M003,671.3,1,NONE
TXN0000922,2026-08-30 07:35:36+00:00,128,UPI,ICICI,East,M005,478.07,1,NONE
TXN0000597,2026-08-30 07:35:37+00:00,128,UPI,AXIS,East,M001,2164.39,1,NONE
TXN0006816,2026-08-30 07:35:37+00:00,128,UPI,SBI,North,M004,1187.92,1,NONE
TXN0002857,2026-08-30 07:35:44+00:00,128,CARD,ICICI,West,M002,3461.11,1,NONE
TXN0006380,2026-08-30 07:35:48+00:00,128,UPI,AXIS,West,M005,533.98,1,NONE
TXN0000136,2026-08-30 07:35:48+00:00,128,UPI,KOTAK,Central,M004,821.26,1,NONE
TXN0005628,2026-08-30 07:35:50+00:00,128,UPI,ICICI,West,M005,2205.83,1,NONE
TXN0006510,2026-08-30 07:35:51+00:00,128,CARD,HDFC,West,M002,747.48,1,NONE
TXN0002127,2026-08-30 07:35:51+00:00,128,UPI,AXIS,East,M001,961.86,1,NONE
TXN0004455,2026-08-30 07:35:54+00:00,128,CARD,ICICI,North,M005,3468.28,1,NONE
TXN0005804,2026-08-30 07:35:56+00:00,128,UPI,ICICI,West,M001,489.57,1,NONE
TXN0001357,2026-08-30 07:35:56+00:00,128,UPI,HDFC,North,M004,614.59,1,NONE
TXN0000066,2026-08-30 07:35:58+00:00,128,WALLET,SBI,North,M001,1595.42,1,NONE
TXN0000137,2026-08-30 07:36:01+00:00,129,UPI,SBI,South,M001,500.54,1,NONE
TXN0001742,2026-08-30 07:36:01+00:00,129,CARD,ICICI,West,M006,7823.13,1,NONE
TXN0000577,2026-08-30 07:36:02+00:00,129,UPI,KOTAK,West,M006,1073.53,1,NONE
TXN0000129,2026-08-30 07:36:03+00:00,129,CARD,HDFC,West,M002,961.55,1,NONE
TXN0004516,2026-08-30 07:36:06+00:00,129,CARD,SBI,North,M003,3406.49,1,NONE
TXN0002948,2026-08-30 07:36:07+00:00,129,UPI,ICICI,West,M002,869.98,1,NONE
TXN0001450,2026-08-30 07:36:09+00:00,129,CARD,ICICI,South,M005,2464.69,1,NONE
TXN0002759,2026-08-30 07:36:09+00:00,129,NETBANKING,AXIS,West,M006,451.59,1,NONE
TXN0001435,2026-08-30 07:36:12+00:00,129,CARD,AXIS,South,M005,2093.54,1,NONE
TXN0005102,2026-08-30 07:36:14+00:00,129,UPI,AXIS,East,M006,177.84,1,NONE
TXN0006734,2026-08-30 07:36:15+00:00,129,UPI,HDFC,West,M006,225.68,1,NONE
TXN0002856,2026-08-30 07:36:15+00:00,129,UPI,AXIS,North,M004,964.57,1,NONE
TXN0006831,2026-08-30 07:36:16+00:00,129,CARD,ICICI,Central,M004,1365.35,1,NONE
TXN0000934,2026-08-30 07:36:18+00:00,129,UPI,KOTAK,South,M006,3262.37,1,NONE
TXN0006001,2026-08-30 07:36:18+00:00,129,UPI,SBI,North,M001,1458.25,1,NONE
TXN0002866,2026-08-30 07:36:20+00:00,129,CARD,ICICI,North,M006,1991.43,1,NONE
TXN0006412,2026-08-30 07:36:20+00:00,129,NETBANKING,SBI,Central,M002,1944.38,0,CUSTOMER_CANCELLED
TXN0003187,2026-08-30 07:36:21+00:00,129,NETBANKING,ICICI,North,M002,2001.07,1,NONE
TXN0001447,2026-08-30 07:36:23+00:00,129,UPI,AXIS,North,M005,851.8,1,NONE
TXN0005631,2026-08-30 07:36:24+00:00,129,CARD,SBI,South,M002,3665.5,1,NONE
TXN0001819,2026-08-30 07:36:25+00:00,129,UPI,ICICI,East,M001,5080.78,1,NONE
TXN0000972,2026-08-30 07:36:26+00:00,129,CARD,SBI,South,M005,4947.34,1,NONE
TXN0005024,2026-08-30 07:36:28+00:00,129,UPI,HDFC,North,M001,1366.08,1,NONE
TXN0004443,2026-08-30 07:36:31+00:00,129,UPI,SBI,South,M002,740.21,1,NONE
TXN0005155,2026-08-30 07:36:32+00:00,129,UPI,ICICI,South,M003,5370.39,1,NONE
TXN0006836,2026-08-30 07:36:35+00:00,129,CARD,ICICI,North,M001,3050.94,1,NONE
TXN0004185,2026-08-30 07:36:36+00:00,129,UPI,HDFC,Central,M004,941.54,1,NONE
TXN0003844,2026-08-30 07:36:37+00:00,129,NETBANKING,SBI,South,M002,775.98,1,NONE
TXN0005221,2026-08-30 07:36:40+00:00,129,WALLET,SBI,South,M002,3896.66,1,NONE
TXN0006654,2026-08-30 07:36:42+00:00,129,NETBANKING,SBI,East,M005,656.12,1,NONE
TXN0000143,2026-08-30 07:36:45+00:00,129,UPI,HDFC,East,M002,1427.89,1,NONE
TXN0001252,2026-08-30 07:36:48+00:00,129,UPI,SBI,East,M003,789.33,1,NONE
TXN0001256,2026-08-30 07:36:49+00:00,129,CARD,ICICI,West,M003,2137.15,1,NONE
TXN0001219,2026-08-30 07:36:50+00:00,129,WALLET,AXIS,East,M001,4355.66,1,NONE
TXN0000725,2026-08-30 07:36:51+00:00,129,WALLET,SBI,West,M003,764.23,1,NONE
TXN0003293,2026-08-30 07:36:51+00:00,129,UPI,ICICI,West,M001,1603.1,1,NONE
TXN0005794,2026-08-30 07:36:52+00:00,129,NETBANKING,SBI,South,M003,2495.22,1,NONE
TXN0003841,2026-08-30 07:36:52+00:00,129,UPI,HDFC,North,M001,1096.69,1,NONE
TXN0006575,2026-08-30 07:36:59+00:00,129,NETBANKING,AXIS,South,M002,251.95,1,NONE
TXN0004876,2026-08-30 07:36:59+00:00,129,UPI,KOTAK,West,M005,1776.71,1,NONE
TXN0000030,2026-08-30 07:37:00+00:00,130,CARD,SBI,South,M006,789.0,1,NONE
TXN0001431,2026-08-30 07:37:01+00:00,130,UPI,SBI,West,M003,1341.49,1,NONE
TXN0002496,2026-08-30 07:37:01+00:00,130,UPI,SBI,West,M004,440.34,1,NONE
TXN0001176,2026-08-30 07:37:02+00:00,130,CARD,HDFC,East,M005,2524.12,1,NONE
TXN0002603,2026-08-30 07:37:02+00:00,130,UPI,SBI,West,M003,1823.46,1,NONE
TXN0004932,2026-08-30 07:37:02+00:00,130,UPI,SBI,South,M003,429.9,1,NONE
TXN0006631,2026-08-30 07:37:03+00:00,130,UPI,ICICI,South,M005,289.74,1,NONE
TXN0002485,2026-08-30 07:37:07+00:00,130,UPI,ICICI,East,M005,7029.77,1,NONE
TXN0003954,2026-08-30 07:37:09+00:00,130,CARD,KOTAK,West,M001,1535.02,1,NONE
TXN0004119,2026-08-30 07:37:09+00:00,130,UPI,SBI,South,M003,1555.4,1,NONE
TXN0001623,2026-08-30 07:37:10+00:00,130,CARD,AXIS,South,M006,2248.9,1,NONE
TXN0005753,2026-08-30 07:37:12+00:00,130,CARD,HDFC,North,M005,1664.32,1,NONE
TXN0006186,2026-08-30 07:37:12+00:00,130,UPI,AXIS,North,M004,3414.95,1,NONE
TXN0001310,2026-08-30 07:37:12+00:00,130,NETBANKING,SBI,East,M003,2599.92,1,NONE
TXN0006798,2026-08-30 07:37:14+00:00,130,NETBANKING,KOTAK,North,M005,919.66,1,NONE
TXN0005238,2026-08-30 07:37:17+00:00,130,CARD,HDFC,South,M002,1491.87,1,NONE
TXN0006760,2026-08-30 07:37:18+00:00,130,UPI,SBI,Central,M002,668.28,1,NONE
TXN0002387,2026-08-30 07:37:20+00:00,130,UPI,ICICI,North,M001,1725.98,1,NONE
TXN0005494,2026-08-30 07:37:21+00:00,130,UPI,KOTAK,East,M001,1402.22,1,NONE
TXN0006362,2026-08-30 07:37:21+00:00,130,CARD,KOTAK,East,M005,3158.88,1,NONE
TXN0000978,2026-08-30 07:37:26+00:00,130,UPI,SBI,Central,M003,746.47,1,NONE
TXN0003246,2026-08-30 07:37:30+00:00,130,UPI,KOTAK,West,M002,1868.13,1,NONE
TXN0001304,2026-08-30 07:37:31+00:00,130,WALLET,ICICI,Central,M004,1582.46,1,NONE
TXN0002457,2026-08-30 07:37:32+00:00,130,UPI,KOTAK,North,M002,3447.24,1,NONE
TXN0005734,2026-08-30 07:37:35+00:00,130,UPI,ICICI,North,M001,825.07,1,NONE
TXN0001860,2026-08-30 07:37:36+00:00,130,CARD,AXIS,South,M003,1649.42,1,NONE
TXN0004696,2026-08-30 07:37:36+00:00,130,UPI,SBI,North,M001,2126.96,1,NONE
TXN0001556,2026-08-30 07:37:41+00:00,130,UPI,AXIS,South,M001,1152.6,1,NONE
TXN0001969,2026-08-30 07:37:43+00:00,130,CARD,HDFC,South,M001,342.45,1,NONE
TXN0000481,2026-08-30 07:37:44+00:00,130,UPI,HDFC,South,M005,1472.78,1,NONE
TXN0003516,2026-08-30 07:37:45+00:00,130,CARD,SBI,West,M002,375.79,1,NONE
TXN0002684,2026-08-30 07:37:46+00:00,130,UPI,KOTAK,West,M003,1919.02,1,NONE
TXN0002561,2026-08-30 07:37:48+00:00,130,UPI,SBI,West,M001,3946.28,1,NONE
TXN0004536,2026-08-30 07:37:49+00:00,130,CARD,ICICI,West,M005,686.7,1,NONE
TXN0002206,2026-08-30 07:37:50+00:00,130,UPI,AXIS,Central,M005,138.15,1,NONE
TXN0003115,2026-08-30 07:37:50+00:00,130,UPI,HDFC,West,M002,1699.9,1,NONE
TXN0005421,2026-08-30 07:37:50+00:00,130,WALLET,ICICI,West,M006,2824.61,1,NONE
TXN0002430,2026-08-30 07:37:52+00:00,130,CARD,KOTAK,South,M001,872.66,1,NONE
TXN0000202,2026-08-30 07:37:53+00:00,130,UPI,HDFC,West,M003,2873.68,1,NONE
TXN0002137,2026-08-30 07:37:57+00:00,130,UPI,ICICI,East,M006,1886.49,1,NONE
TXN0003533,2026-08-30 07:38:02+00:00,131,WALLET,HDFC,North,M005,3315.78,1,NONE
TXN0005749,2026-08-30 07:38:02+00:00,131,CARD,SBI,South,M002,1658.3,1,NONE
TXN0004376,2026-08-30 07:38:02+00:00,131,NETBANKING,HDFC,North,M004,1016.2,1,NONE
TXN0002307,2026-08-30 07:38:03+00:00,131,WALLET,HDFC,Central,M005,3388.41,1,NONE
TXN0005360,2026-08-30 07:38:04+00:00,131,CARD,HDFC,South,M001,1381.12,1,NONE
TXN0003962,2026-08-30 07:38:05+00:00,131,UPI,SBI,South,M006,4367.36,1,NONE
TXN0003748,2026-08-30 07:38:06+00:00,131,UPI,HDFC,Central,M005,1629.96,1,NONE
TXN0005854,2026-08-30 07:38:06+00:00,131,CARD,AXIS,Central,M002,4771.86,1,NONE
TXN0002827,2026-08-30 07:38:11+00:00,131,UPI,SBI,West,M001,2354.0,1,NONE
TXN0006880,2026-08-30 07:38:17+00:00,131,UPI,SBI,South,M004,1087.55,1,NONE
TXN0003913,2026-08-30 07:38:17+00:00,131,UPI,KOTAK,Central,M001,2233.82,1,NONE
TXN0000670,2026-08-30 07:38:18+00:00,131,UPI,HDFC,North,M005,1053.62,1,NONE
TXN0002917,2026-08-30 07:38:20+00:00,131,UPI,ICICI,South,M001,603.29,1,NONE
TXN0002786,2026-08-30 07:38:22+00:00,131,CARD,ICICI,South,M005,557.09,1,NONE
TXN0002115,2026-08-30 07:38:24+00:00,131,UPI,HDFC,Central,M006,4680.56,1,NONE
TXN0005053,2026-08-30 07:38:24+00:00,131,UPI,SBI,Central,M001,1148.58,0,TIMEOUT
TXN0006112,2026-08-30 07:38:24+00:00,131,CARD,SBI,South,M002,677.59,1,NONE
TXN0002668,2026-08-30 07:38:26+00:00,131,UPI,AXIS,West,M001,5918.69,1,NONE
TXN0006051,2026-08-30 07:38:29+00:00,131,UPI,HDFC,North,M006,2461.76,1,NONE
TXN0003426,2026-08-30 07:38:30+00:00,131,UPI,ICICI,Central,M002,1260.08,1,NONE
TXN0003198,2026-08-30 07:38:35+00:00,131,UPI,AXIS,South,M005,3025.31,1,NONE
TXN0005317,2026-08-30 07:38:37+00:00,131,UPI,SBI,South,M006,1288.29,1,NONE
TXN0001258,2026-08-30 07:38:41+00:00,131,UPI,ICICI,Central,M002,2835.33,1,NONE
TXN0005595,2026-08-30 07:38:42+00:00,131,UPI,SBI,East,M006,2019.57,1,NONE
TXN0007161,2026-08-30 07:38:43+00:00,131,CARD,AXIS,North,M001,2035.13,1,NONE
TXN0005471,2026-08-30 07:38:45+00:00,131,UPI,ICICI,West,M002,883.83,1,NONE
TXN0000746,2026-08-30 07:38:45+00:00,131,UPI,SBI,West,M004,1135.15,1,NONE
TXN0004842,2026-08-30 07:38:47+00:00,131,CARD,KOTAK,West,M006,2827.89,1,NONE
TXN0001387,2026-08-30 07:38:50+00:00,131,UPI,ICICI,North,M006,1665.73,1,NONE
TXN0002609,2026-08-30 07:38:51+00:00,131,UPI,ICICI,North,M002,1310.11,1,NONE
TXN0003667,2026-08-30 07:38:52+00:00,131,UPI,AXIS,East,M005,1386.58,1,NONE
TXN0000495,2026-08-30 07:38:53+00:00,131,UPI,KOTAK,South,M005,2362.12,1,NONE
TXN0000733,2026-08-30 07:38:53+00:00,131,UPI,HDFC,Central,M006,2060.94,1,NONE
TXN0004940,2026-08-30 07:38:53+00:00,131,CARD,AXIS,North,M003,3814.03,1,NONE
TXN0002760,2026-08-30 07:38:55+00:00,131,UPI,AXIS,Central,M002,2988.89,1,NONE
TXN0004475,2026-08-30 07:38:56+00:00,131,UPI,ICICI,East,M002,3979.48,1,NONE
TXN0000263,2026-08-30 07:38:56+00:00,131,CARD,KOTAK,North,M006,6804.94,1,NONE
TXN0000100,2026-08-30 07:38:57+00:00,131,CARD,ICICI,South,M001,332.77,1,NONE
TXN0005674,2026-08-30 07:38:57+00:00,131,CARD,AXIS,North,M002,2598.83,1,NONE
TXN0006025,2026-08-30 07:38:58+00:00,131,UPI,SBI,South,M005,916.82,1,NONE
TXN0003783,2026-08-30 07:39:02+00:00,132,NETBANKING,SBI,South,M006,1628.94,1,NONE
TXN0003133,2026-08-30 07:39:04+00:00,132,UPI,SBI,Central,M004,4023.3,1,NONE
TXN0004899,2026-08-30 07:39:05+00:00,132,WALLET,HDFC,North,M005,3343.33,1,NONE
TXN0000416,2026-08-30 07:39:08+00:00,132,UPI,ICICI,East,M006,1709.96,1,NONE
TXN0002209,2026-08-30 07:39:09+00:00,132,NETBANKING,KOTAK,North,M006,2643.51,1,NONE
TXN0002973,2026-08-30 07:39:10+00:00,132,NETBANKING,HDFC,South,M001,1793.42,1,NONE
TXN0007108,2026-08-30 07:39:11+00:00,132,WALLET,KOTAK,West,M004,1383.49,1,NONE
TXN0003607,2026-08-30 07:39:13+00:00,132,NETBANKING,KOTAK,East,M005,824.49,1,NONE
TXN0005200,2026-08-30 07:39:15+00:00,132,UPI,HDFC,North,M003,1017.6,1,NONE
TXN0004386,2026-08-30 07:39:23+00:00,132,UPI,HDFC,East,M006,5188.46,1,NONE
TXN0006950,2026-08-30 07:39:23+00:00,132,CARD,KOTAK,East,M001,565.14,1,NONE
TXN0000903,2026-08-30 07:39:26+00:00,132,WALLET,ICICI,East,M005,318.5,1,NONE
TXN0001654,2026-08-30 07:39:28+00:00,132,UPI,ICICI,South,M005,4123.66,1,NONE
TXN0002592,2026-08-30 07:39:30+00:00,132,UPI,AXIS,West,M001,590.53,1,NONE
TXN0006610,2026-08-30 07:39:30+00:00,132,UPI,ICICI,East,M005,432.45,1,NONE
TXN0004435,2026-08-30 07:39:32+00:00,132,UPI,HDFC,South,M002,5373.7,0,INSUFFICIENT_FUNDS
TXN0002622,2026-08-30 07:39:34+00:00,132,UPI,ICICI,East,M004,2559.91,1,NONE
TXN0001894,2026-08-30 07:39:36+00:00,132,CARD,SBI,West,M006,1324.74,1,NONE
TXN0002425,2026-08-30 07:39:38+00:00,132,UPI,AXIS,East,M002,1042.73,1,NONE
TXN0003412,2026-08-30 07:39:38+00:00,132,UPI,SBI,West,M002,3524.54,1,NONE
TXN0006947,2026-08-30 07:39:38+00:00,132,WALLET,SBI,South,M004,2301.36,1,NONE
TXN0006829,2026-08-30 07:39:38+00:00,132,CARD,HDFC,South,M002,538.96,1,NONE
TXN0005897,2026-08-30 07:39:39+00:00,132,CARD,SBI,Central,M004,1675.23,1,NONE
TXN0004957,2026-08-30 07:39:43+00:00,132,CARD,SBI,West,M002,640.7,0,BANK_DECLINED
TXN0001854,2026-08-30 07:39:43+00:00,132,CARD,ICICI,North,M006,5160.25,1,NONE
TXN0004020,2026-08-30 07:39:44+00:00,132,UPI,SBI,Central,M002,2467.7,1,NONE
TXN0000494,2026-08-30 07:39:49+00:00,132,NETBANKING,KOTAK,South,M001,1159.68,1,NONE
TXN0004860,2026-08-30 07:39:49+00:00,132,WALLET,SBI,North,M003,554.44,1,NONE
TXN0000910,2026-08-30 07:39:50+00:00,132,CARD,KOTAK,West,M002,4100.31,1,NONE
TXN0000675,2026-08-30 07:39:50+00:00,132,UPI,HDFC,East,M002,5276.82,1,NONE
TXN0002512,2026-08-30 07:39:52+00:00,132,UPI,ICICI,South,M002,2338.9,1,NONE
TXN0001097,2026-08-30 07:39:53+00:00,132,UPI,KOTAK,West,M002,488.42,1,NONE
TXN0004199,2026-08-30 07:39:55+00:00,132,CARD,ICICI,Central,M004,2346.76,1,NONE
TXN0001843,2026-08-30 07:39:56+00:00,132,UPI,HDFC,North,M006,3290.92,1,NONE
TXN0001981,2026-08-30 07:39:56+00:00,132,CARD,AXIS,East,M006,3107.8,1,NONE
TXN0003163,2026-08-30 07:39:57+00:00,132,UPI,HDFC,North,M003,702.56,1,NONE
TXN0003990,2026-08-30 07:39:57+00:00,132,UPI,KOTAK,South,M003,1647.76,1,NONE
TXN0003716,2026-08-30 07:39:59+00:00,132,UPI,ICICI,North,M005,916.69,1,NONE
TXN0001236,2026-08-30 07:39:59+00:00,132,UPI,KOTAK,West,M001,1225.48,1,NONE
TXN0003980,2026-08-30 07:39:59+00:00,132,CARD,ICICI,South,M006,1793.39,1,NONE
TXN0004787,2026-08-30 07:40:01+00:00,133,UPI,SBI,South,M002,919.75,1,NONE
TXN0004269,2026-08-30 07:40:01+00:00,133,UPI,SBI,South,M006,2146.65,1,NONE
TXN0005677,2026-08-30 07:40:02+00:00,133,UPI,AXIS,Central,M001,1299.3,1,NONE
TXN0004627,2026-08-30 07:40:02+00:00,133,CARD,ICICI,Central,M003,1470.49,1,NONE
TXN0000594,2026-08-30 07:40:03+00:00,133,CARD,SBI,North,M001,3764.98,1,NONE
TXN0001656,2026-08-30 07:40:06+00:00,133,CARD,HDFC,Central,M004,961.88,1,NONE
TXN0001001,2026-08-30 07:40:07+00:00,133,UPI,SBI,East,M001,664.69,1,NONE
TXN0006753,2026-08-30 07:40:08+00:00,133,CARD,SBI,East,M002,4310.83,1,NONE
TXN0005703,2026-08-30 07:40:13+00:00,133,UPI,SBI,Central,M003,1305.77,1,NONE
TXN0003155,2026-08-30 07:40:17+00:00,133,WALLET,SBI,North,M003,893.05,1,NONE
TXN0005695,2026-08-30 07:40:18+00:00,133,CARD,SBI,West,M005,2913.63,1,NONE
TXN0000788,2026-08-30 07:40:18+00:00,133,UPI,SBI,North,M001,2881.45,1,NONE
TXN0006248,2026-08-30 07:40:24+00:00,133,UPI,AXIS,West,M001,4604.89,1,NONE
TXN0005371,2026-08-30 07:40:27+00:00,133,CARD,KOTAK,West,M001,4914.59,1,NONE
TXN0002179,2026-08-30 07:40:27+00:00,133,UPI,KOTAK,North,M006,1363.12,1,NONE
TXN0000700,2026-08-30 07:40:28+00:00,133,UPI,SBI,East,M005,608.31,1,NONE
TXN0001145,2026-08-30 07:40:29+00:00,133,UPI,ICICI,Central,M005,865.04,1,NONE
TXN0005629,2026-08-30 07:40:30+00:00,133,UPI,HDFC,South,M002,2166.43,1,NONE
TXN0005086,2026-08-30 07:40:30+00:00,133,UPI,HDFC,North,M004,2044.1,1,NONE
TXN0002818,2026-08-30 07:40:31+00:00,133,CARD,KOTAK,East,M001,3714.88,1,NONE
TXN0002891,2026-08-30 07:40:32+00:00,133,UPI,AXIS,East,M002,1140.82,1,NONE
TXN0000698,2026-08-30 07:40:32+00:00,133,UPI,KOTAK,South,M003,1596.46,0,BANK_DECLINED
TXN0001017,2026-08-30 07:40:34+00:00,133,UPI,AXIS,Central,M004,1140.22,1,NONE
TXN0003653,2026-08-30 07:40:34+00:00,133,NETBANKING,KOTAK,South,M005,2864.56,1,NONE
TXN0004601,2026-08-30 07:40:35+00:00,133,UPI,AXIS,West,M005,2036.16,0,INSUFFICIENT_FUNDS
TXN0000433,2026-08-30 07:40:35+00:00,133,CARD,ICICI,East,M006,5485.49,1,NONE
TXN0003737,2026-08-30 07:40:36+00:00,133,CARD,HDFC,South,M004,322.61,1,NONE
TXN0007095,2026-08-30 07:40:36+00:00,133,CARD,HDFC,East,M005,476.7,1,NONE
TXN0003104,2026-08-30 07:40:37+00:00,133,CARD,AXIS,East,M006,1095.08,1,NONE
TXN0004900,2026-08-30 07:40:40+00:00,133,UPI,HDFC,South,M002,509.68,1,NONE
TXN0004313,2026-08-30 07:40:40+00:00,133,UPI,ICICI,North,M004,1410.81,0,TIMEOUT
TXN0005414,2026-08-30 07:40:41+00:00,133,NETBANKING,HDFC,East,M001,838.94,1,NONE
TXN0005837,2026-08-30 07:40:41+00:00,133,CARD,SBI,West,M004,2468.93,1,NONE
TXN0006490,2026-08-30 07:40:42+00:00,133,UPI,SBI,South,M004,698.49,1,NONE
TXN0005745,2026-08-30 07:40:42+00:00,133,CARD,HDFC,South,M006,1214.07,1,NONE
TXN0002068,2026-08-30 07:40:47+00:00,133,UPI,KOTAK,South,M004,2817.13,1,NONE
TXN0006522,2026-08-30 07:40:58+00:00,133,UPI,HDFC,North,M001,342.82,1,NONE
TXN0000777,2026-08-30 07:40:58+00:00,133,WALLET,AXIS,East,M003,407.86,1,NONE
TXN0004886,2026-08-30 07:40:59+00:00,133,UPI,ICICI,Central,M002,1447.52,1,NONE
TXN0002243,2026-08-30 07:40:59+00:00,133,NETBANKING,AXIS,West,M004,3988.73,1,NONE
TXN0002970,2026-08-30 07:41:01+00:00,134,UPI,AXIS,West,M005,954.01,1,NONE
TXN0002055,2026-08-30 07:41:02+00:00,134,UPI,SBI,South,M001,18461.95,1,NONE
TXN0003886,2026-08-30 07:41:02+00:00,134,UPI,AXIS,South,M004,4162.21,1,NONE
TXN0004186,2026-08-30 07:41:02+00:00,134,NETBANKING,KOTAK,Central,M004,763.31,1,NONE
TXN0003552,2026-08-30 07:41:04+00:00,134,UPI,ICICI,South,M005,781.36,1,NONE
TXN0002698,2026-08-30 07:41:08+00:00,134,UPI,HDFC,West,M003,2414.33,1,NONE
TXN0002494,2026-08-30 07:41:12+00:00,134,UPI,ICICI,South,M003,923.74,1,NONE
TXN0005062,2026-08-30 07:41:13+00:00,134,CARD,ICICI,South,M006,1114.48,1,NONE
TXN0000340,2026-08-30 07:41:14+00:00,134,CARD,ICICI,South,M006,2440.49,1,NONE
TXN0001783,2026-08-30 07:41:15+00:00,134,CARD,KOTAK,North,M004,3003.8,1,NONE
TXN0003129,2026-08-30 07:41:15+00:00,134,CARD,HDFC,North,M002,1985.89,1,NONE
TXN0005028,2026-08-30 07:41:15+00:00,134,NETBANKING,KOTAK,East,M005,1104.89,1,NONE
TXN0003045,2026-08-30 07:41:19+00:00,134,UPI,HDFC,South,M006,1660.97,1,NONE
TXN0006307,2026-08-30 07:41:21+00:00,134,UPI,HDFC,Central,M002,818.54,1,NONE
TXN0005115,2026-08-30 07:41:25+00:00,134,CARD,AXIS,Central,M003,3716.06,1,NONE
TXN0001848,2026-08-30 07:41:29+00:00,134,UPI,KOTAK,North,M002,830.99,1,NONE
TXN0004948,2026-08-30 07:41:29+00:00,134,CARD,AXIS,South,M002,2233.42,1,NONE
TXN0005608,2026-08-30 07:41:30+00:00,134,UPI,ICICI,Central,M002,1674.83,1,NONE
TXN0002355,2026-08-30 07:41:31+00:00,134,UPI,ICICI,South,M003,1015.09,1,NONE
TXN0005772,2026-08-30 07:41:32+00:00,134,CARD,SBI,East,M001,958.12,1,NONE
TXN0004018,2026-08-30 07:41:32+00:00,134,CARD,SBI,East,M003,1079.76,1,NONE
TXN0005755,2026-08-30 07:41:34+00:00,134,UPI,SBI,West,M003,1427.18,1,NONE
TXN0001731,2026-08-30 07:41:34+00:00,134,NETBANKING,SBI,South,M004,952.95,1,NONE
TXN0002887,2026-08-30 07:41:36+00:00,134,UPI,ICICI,South,M002,2320.53,1,NONE
TXN0006929,2026-08-30 07:41:37+00:00,134,UPI,SBI,North,M005,1612.86,1,NONE
TXN0002979,2026-08-30 07:41:37+00:00,134,WALLET,ICICI,North,M002,783.82,1,NONE
TXN0001385,2026-08-30 07:41:37+00:00,134,UPI,HDFC,West,M002,921.81,1,NONE
TXN0006501,2026-08-30 07:41:38+00:00,134,UPI,HDFC,West,M006,965.35,1,NONE
TXN0001302,2026-08-30 07:41:42+00:00,134,WALLET,SBI,East,M002,1425.78,1,NONE
TXN0006081,2026-08-30 07:41:42+00:00,134,UPI,AXIS,West,M006,655.64,1,NONE
TXN0000234,2026-08-30 07:41:43+00:00,134,UPI,ICICI,East,M005,2571.54,1,NONE
TXN0001451,2026-08-30 07:41:44+00:00,134,CARD,SBI,Central,M003,3845.52,0,BANK_DECLINED
TXN0006814,2026-08-30 07:41:47+00:00,134,UPI,SBI,East,M001,1637.14,1,NONE
TXN0002474,2026-08-30 07:41:48+00:00,134,CARD,KOTAK,South,M006,1072.68,1,NONE
TXN0006785,2026-08-30 07:41:48+00:00,134,CARD,ICICI,North,M001,714.55,1,NONE
TXN0003881,2026-08-30 07:41:51+00:00,134,UPI,KOTAK,West,M002,1316.9,1,NONE
TXN0006108,2026-08-30 07:41:51+00:00,134,WALLET,HDFC,Central,M005,4209.74,1,NONE
TXN0004733,2026-08-30 07:41:54+00:00,134,UPI,ICICI,East,M003,1985.23,1,NONE
TXN0002676,2026-08-30 07:41:54+00:00,134,NETBANKING,KOTAK,South,M002,4739.39,1,NONE
TXN0001368,2026-08-30 07:41:56+00:00,134,UPI,ICICI,South,M001,962.25,1,NONE
TXN0004169,2026-08-30 07:42:00+00:00,135,UPI,AXIS,East,M004,3374.73,1,NONE
TXN0005083,2026-08-30 07:42:01+00:00,135,CARD,SBI,West,M006,2189.15,1,NONE
TXN0005403,2026-08-30 07:42:05+00:00,135,CARD,ICICI,Central,M006,2175.63,1,NONE
TXN0006514,2026-08-30 07:42:05+00:00,135,CARD,SBI,East,M003,3320.77,1,NONE
TXN0006756,2026-08-30 07:42:10+00:00,135,CARD,SBI,South,M001,1485.49,1,NONE
TXN0003847,2026-08-30 07:42:10+00:00,135,CARD,ICICI,East,M003,1704.31,1,NONE
TXN0003704,2026-08-30 07:42:14+00:00,135,UPI,ICICI,East,M005,3589.09,1,NONE
TXN0003536,2026-08-30 07:42:14+00:00,135,UPI,KOTAK,West,M001,786.74,1,NONE
TXN0003197,2026-08-30 07:42:15+00:00,135,UPI,SBI,South,M003,2702.15,1,NONE
TXN0000329,2026-08-30 07:42:15+00:00,135,UPI,ICICI,North,M005,700.56,1,NONE
TXN0003455,2026-08-30 07:42:16+00:00,135,WALLET,ICICI,West,M003,2888.96,1,NONE
TXN0006697,2026-08-30 07:42:16+00:00,135,CARD,AXIS,North,M002,2240.39,1,NONE
TXN0002663,2026-08-30 07:42:19+00:00,135,NETBANKING,ICICI,North,M005,1290.02,1,NONE
TXN0001311,2026-08-30 07:42:20+00:00,135,UPI,HDFC,East,M003,904.91,1,NONE
TXN0000189,2026-08-30 07:42:21+00:00,135,UPI,ICICI,North,M003,2486.92,1,NONE
TXN0005916,2026-08-30 07:42:22+00:00,135,CARD,AXIS,West,M006,2655.49,1,NONE
TXN0001766,2026-08-30 07:42:23+00:00,135,UPI,SBI,North,M006,3692.01,1,NONE
TXN0000996,2026-08-30 07:42:25+00:00,135,UPI,HDFC,West,M001,660.59,1,NONE
TXN0003520,2026-08-30 07:42:25+00:00,135,UPI,AXIS,South,M005,623.13,1,NONE
TXN0000835,2026-08-30 07:42:28+00:00,135,CARD,ICICI,South,M003,871.97,1,NONE
TXN0006355,2026-08-30 07:42:28+00:00,135,UPI,ICICI,North,M006,959.95,1,NONE
TXN0007079,2026-08-30 07:42:29+00:00,135,UPI,ICICI,South,M003,1234.3,1,NONE
TXN0006843,2026-08-30 07:42:31+00:00,135,UPI,KOTAK,North,M003,1739.21,1,NONE
TXN0005663,2026-08-30 07:42:31+00:00,135,UPI,ICICI,East,M005,1216.35,1,NONE
TXN0002038,2026-08-30 07:42:31+00:00,135,UPI,AXIS,West,M006,3140.91,1,NONE
TXN0002080,2026-08-30 07:42:33+00:00,135,NETBANKING,ICICI,South,M003,2606.18,1,NONE
TXN0005697,2026-08-30 07:42:33+00:00,135,CARD,SBI,South,M004,3207.04,1,NONE
TXN0000173,2026-08-30 07:42:41+00:00,135,UPI,KOTAK,West,M001,978.49,1,NONE
TXN0006907,2026-08-30 07:42:45+00:00,135,NETBANKING,KOTAK,North,M001,585.13,1,NONE
TXN0001667,2026-08-30 07:42:45+00:00,135,UPI,SBI,South,M006,2145.51,1,NONE
TXN0005157,2026-08-30 07:42:46+00:00,135,CARD,HDFC,West,M001,2164.96,1,NONE
TXN0001587,2026-08-30 07:42:48+00:00,135,UPI,ICICI,South,M002,1479.46,1,NONE
TXN0002279,2026-08-30 07:42:50+00:00,135,CARD,SBI,East,M004,2818.13,1,NONE
TXN0006860,2026-08-30 07:42:52+00:00,135,CARD,KOTAK,Central,M006,2459.19,1,NONE
TXN0001532,2026-08-30 07:42:52+00:00,135,CARD,ICICI,North,M002,615.01,1,NONE
TXN0001563,2026-08-30 07:42:53+00:00,135,UPI,KOTAK,North,M006,1046.06,1,NONE
TXN0002687,2026-08-30 07:42:53+00:00,135,NETBANKING,SBI,North,M002,2714.12,1,NONE
TXN0004807,2026-08-30 07:42:56+00:00,135,UPI,HDFC,North,M003,4388.81,1,NONE
TXN0004584,2026-08-30 07:42:57+00:00,135,CARD,SBI,South,M003,710.03,1,NONE
TXN0006275,2026-08-30 07:42:59+00:00,135,UPI,SBI,Central,M006,1421.2,1,NONE
TXN0000513,2026-08-30 07:43:02+00:00,136,NETBANKING,AXIS,West,M005,375.35,1,NONE
TXN0001924,2026-08-30 07:43:03+00:00,136,NETBANKING,AXIS,Central,M002,677.96,0,INSUFFICIENT_FUNDS
TXN0002782,2026-08-30 07:43:04+00:00,136,CARD,KOTAK,South,M004,1057.81,1,NONE
TXN0005439,2026-08-30 07:43:06+00:00,136,NETBANKING,SBI,East,M003,803.23,1,NONE
TXN0006653,2026-08-30 07:43:06+00:00,136,UPI,SBI,West,M005,967.79,1,NONE
TXN0004519,2026-08-30 07:43:07+00:00,136,WALLET,HDFC,West,M006,844.77,1,NONE
TXN0004501,2026-08-30 07:43:09+00:00,136,UPI,HDFC,South,M001,2499.14,1,NONE
TXN0001995,2026-08-30 07:43:09+00:00,136,WALLET,AXIS,North,M002,983.08,1,NONE
TXN0002082,2026-08-30 07:43:11+00:00,136,NETBANKING,HDFC,West,M002,4568.65,1,NONE
TXN0007073,2026-08-30 07:43:13+00:00,136,UPI,KOTAK,Central,M005,2403.8,1,NONE
TXN0006948,2026-08-30 07:43:15+00:00,136,UPI,ICICI,Central,M001,2443.77,1,NONE
TXN0007076,2026-08-30 07:43:16+00:00,136,CARD,SBI,South,M001,978.08,1,NONE
TXN0004209,2026-08-30 07:43:19+00:00,136,NETBANKING,SBI,East,M006,3183.57,1,NONE
TXN0001630,2026-08-30 07:43:20+00:00,136,CARD,SBI,West,M006,1347.38,0,BANK_DECLINED
TXN0004153,2026-08-30 07:43:22+00:00,136,UPI,ICICI,South,M003,773.27,0,CUSTOMER_CANCELLED
TXN0002034,2026-08-30 07:43:25+00:00,136,UPI,SBI,West,M004,1999.57,1,NONE
TXN0005573,2026-08-30 07:43:26+00:00,136,UPI,ICICI,South,M005,2849.22,1,NONE
TXN0004625,2026-08-30 07:43:26+00:00,136,UPI,HDFC,South,M006,606.91,1,NONE
TXN0003172,2026-08-30 07:43:27+00:00,136,CARD,AXIS,South,M004,961.43,1,NONE
TXN0005003,2026-08-30 07:43:28+00:00,136,CARD,SBI,South,M006,3531.31,1,NONE
TXN0006476,2026-08-30 07:43:30+00:00,136,UPI,ICICI,South,M005,557.91,1,NONE
TXN0003522,2026-08-30 07:43:30+00:00,136,UPI,KOTAK,South,M006,6253.53,1,NONE
TXN0007056,2026-08-30 07:43:30+00:00,136,CARD,ICICI,South,M001,2756.17,0,INSUFFICIENT_FUNDS
TXN0002353,2026-08-30 07:43:35+00:00,136,UPI,HDFC,West,M002,862.65,1,NONE
TXN0003699,2026-08-30 07:43:35+00:00,136,UPI,SBI,East,M001,447.31,1,NONE
TXN0004377,2026-08-30 07:43:37+00:00,136,CARD,ICICI,West,M006,671.09,1,NONE
TXN0003510,2026-08-30 07:43:39+00:00,136,UPI,HDFC,East,M006,1318.73,1,NONE
TXN0001286,2026-08-30 07:43:43+00:00,136,CARD,AXIS,Central,M005,2460.69,1,NONE
TXN0001281,2026-08-30 07:43:44+00:00,136,UPI,AXIS,West,M005,1922.45,1,NONE
TXN0000264,2026-08-30 07:43:45+00:00,136,NETBANKING,KOTAK,North,M003,539.29,1,NONE
TXN0003663,2026-08-30 07:43:46+00:00,136,CARD,AXIS,West,M004,1237.94,1,NONE
TXN0005725,2026-08-30 07:43:47+00:00,136,UPI,KOTAK,East,M001,6496.82,1,NONE
TXN0005415,2026-08-30 07:43:51+00:00,136,UPI,SBI,South,M006,1296.56,1,NONE
TXN0003932,2026-08-30 07:43:51+00:00,136,NETBANKING,AXIS,Central,M005,1612.17,1,NONE
TXN0002682,2026-08-30 07:43:52+00:00,136,UPI,ICICI,South,M001,5124.1,0,INSUFFICIENT_FUNDS
TXN0000001,2026-08-30 07:43:52+00:00,136,UPI,ICICI,South,M005,1647.62,1,NONE
TXN0000644,2026-08-30 07:43:53+00:00,136,UPI,ICICI,South,M003,2413.89,1,NONE
TXN0007014,2026-08-30 07:43:53+00:00,136,WALLET,ICICI,South,M003,1274.45,1,NONE
TXN0006271,2026-08-30 07:43:56+00:00,136,NETBANKING,SBI,East,M002,2417.9,1,NONE
TXN0003698,2026-08-30 07:43:58+00:00,136,UPI,KOTAK,West,M005,1558.87,1,NONE
TXN0004861,2026-08-30 07:44:01+00:00,137,UPI,SBI,North,M004,822.17,1,NONE
TXN0007017,2026-08-30 07:44:02+00:00,137,UPI,KOTAK,South,M003,1860.39,1,NONE
TXN0003509,2026-08-30 07:44:02+00:00,137,UPI,ICICI,Central,M006,1308.51,1,NONE
TXN0001835,2026-08-30 07:44:04+00:00,137,UPI,HDFC,North,M002,766.44,1,NONE
TXN0003333,2026-08-30 07:44:05+00:00,137,UPI,ICICI,West,M002,933.64,1,NONE
TXN0007053,2026-08-30 07:44:05+00:00,137,UPI,HDFC,South,M006,4657.36,1,NONE
TXN0006247,2026-08-30 07:44:08+00:00,137,UPI,HDFC,North,M001,9234.97,1,NONE
TXN0000588,2026-08-30 07:44:10+00:00,137,UPI,SBI,North,M006,3356.73,1,NONE
TXN0002445,2026-08-30 07:44:11+00:00,137,NETBANKING,HDFC,Central,M005,668.21,1,NONE
TXN0006023,2026-08-30 07:44:11+00:00,137,NETBANKING,HDFC,South,M001,1800.21,1,NONE
TXN0003647,2026-08-30 07:44:11+00:00,137,CARD,HDFC,West,M004,1365.83,1,NONE
TXN0004201,2026-08-30 07:44:12+00:00,137,UPI,SBI,South,M001,373.87,1,NONE
TXN0001475,2026-08-30 07:44:12+00:00,137,UPI,HDFC,West,M004,6022.1,1,NONE
TXN0001577,2026-08-30 07:44:14+00:00,137,CARD,KOTAK,East,M002,1057.71,1,NONE
TXN0005830,2026-08-30 07:44:14+00:00,137,NETBANKING,KOTAK,East,M006,870.58,0,INSUFFICIENT_FUNDS
TXN0006312,2026-08-30 07:44:18+00:00,137,CARD,KOTAK,South,M004,488.5,1,NONE
TXN0001771,2026-08-30 07:44:19+00:00,137,UPI,KOTAK,Central,M004,1256.46,1,NONE
TXN0006050,2026-08-30 07:44:24+00:00,137,UPI,HDFC,South,M006,1457.82,1,NONE
TXN0006434,2026-08-30 07:44:25+00:00,137,UPI,AXIS,Central,M001,1844.22,1,NONE
TXN0007075,2026-08-30 07:44:25+00:00,137,WALLET,HDFC,East,M003,1816.8,1,NONE
TXN0003521,2026-08-30 07:44:27+00:00,137,CARD,ICICI,South,M004,545.99,1,NONE
TXN0004935,2026-08-30 07:44:29+00:00,137,UPI,SBI,West,M003,1051.03,0,INSUFFICIENT_FUNDS
TXN0006821,2026-08-30 07:44:30+00:00,137,NETBANKING,ICICI,East,M005,994.51,1,NONE
TXN0001620,2026-08-30 07:44:32+00:00,137,NETBANKING,ICICI,South,M002,494.81,1,NONE
TXN0006840,2026-08-30 07:44:32+00:00,137,UPI,KOTAK,North,M001,282.6,1,NONE
TXN0003639,2026-08-30 07:44:34+00:00,137,CARD,KOTAK,North,M005,5451.19,1,NONE
TXN0005759,2026-08-30 07:44:35+00:00,137,UPI,ICICI,South,M005,2107.87,1,NONE
TXN0006211,2026-08-30 07:44:39+00:00,137,UPI,HDFC,South,M004,1461.02,1,NONE
TXN0000382,2026-08-30 07:44:39+00:00,137,CARD,HDFC,West,M003,562.94,0,TIMEOUT
TXN0005094,2026-08-30 07:44:39+00:00,137,UPI,ICICI,North,M006,2444.39,1,NONE
TXN0000499,2026-08-30 07:44:41+00:00,137,CARD,HDFC,West,M005,1405.64,1,NONE
TXN0001940,2026-08-30 07:44:43+00:00,137,CARD,HDFC,North,M006,598.62,1,NONE
TXN0003108,2026-08-30 07:44:44+00:00,137,CARD,KOTAK,South,M002,2379.5,1,NONE
TXN0004198,2026-08-30 07:44:49+00:00,137,CARD,HDFC,South,M006,888.14,1,NONE
TXN0000273,2026-08-30 07:44:50+00:00,137,NETBANKING,AXIS,North,M002,1220.68,1,NONE
TXN0004464,2026-08-30 07:44:51+00:00,137,CARD,AXIS,West,M006,868.22,1,NONE
TXN0003200,2026-08-30 07:44:54+00:00,137,UPI,HDFC,South,M003,1153.05,1,NONE
TXN0004765,2026-08-30 07:44:54+00:00,137,CARD,KOTAK,South,M003,1286.35,1,NONE
TXN0002683,2026-08-30 07:44:55+00:00,137,CARD,ICICI,South,M005,529.27,1,NONE
TXN0005751,2026-08-30 07:44:56+00:00,137,CARD,AXIS,North,M003,1755.99,1,NONE
TXN0005294,2026-08-30 07:45:01+00:00,138,UPI,KOTAK,South,M004,532.0,1,NONE
TXN0006513,2026-08-30 07:45:03+00:00,138,UPI,SBI,East,M001,747.86,1,NONE
TXN0001535,2026-08-30 07:45:06+00:00,138,CARD,HDFC,North,M002,2935.36,1,NONE
TXN0006045,2026-08-30 07:45:06+00:00,138,CARD,SBI,West,M003,1417.36,1,NONE
TXN0002511,2026-08-30 07:45:07+00:00,138,UPI,SBI,South,M001,3311.26,1,NONE
TXN0006969,2026-08-30 07:45:07+00:00,138,UPI,SBI,South,M006,7105.94,1,NONE
TXN0003591,2026-08-30 07:45:08+00:00,138,UPI,HDFC,North,M002,1657.64,1,NONE
TXN0004992,2026-08-30 07:45:08+00:00,138,NETBANKING,KOTAK,West,M001,852.63,1,NONE
TXN0004390,2026-08-30 07:45:08+00:00,138,CARD,HDFC,West,M002,536.13,1,NONE
TXN0001952,2026-08-30 07:45:10+00:00,138,UPI,ICICI,South,M004,932.11,1,NONE
TXN0003740,2026-08-30 07:45:12+00:00,138,NETBANKING,HDFC,North,M003,1155.69,1,NONE
TXN0005268,2026-08-30 07:45:14+00:00,138,CARD,HDFC,East,M003,1917.34,0,BANK_DECLINED
TXN0002364,2026-08-30 07:45:17+00:00,138,UPI,SBI,East,M001,1267.63,1,NONE
TXN0004723,2026-08-30 07:45:17+00:00,138,UPI,KOTAK,East,M005,572.25,1,NONE
TXN0000103,2026-08-30 07:45:19+00:00,138,UPI,HDFC,East,M006,1810.55,1,NONE
TXN0003386,2026-08-30 07:45:20+00:00,138,CARD,AXIS,West,M001,992.25,1,NONE
TXN0000736,2026-08-30 07:45:20+00:00,138,UPI,KOTAK,North,M003,451.74,1,NONE
TXN0006125,2026-08-30 07:45:24+00:00,138,NETBANKING,HDFC,South,M003,2685.3,1,NONE
TXN0000897,2026-08-30 07:45:27+00:00,138,UPI,AXIS,North,M001,893.57,1,NONE
TXN0002097,2026-08-30 07:45:29+00:00,138,UPI,AXIS,North,M001,1438.67,1,NONE
TXN0005189,2026-08-30 07:45:31+00:00,138,NETBANKING,AXIS,South,M006,908.95,1,NONE
TXN0004284,2026-08-30 07:45:31+00:00,138,CARD,SBI,South,M004,925.83,1,NONE
TXN0001903,2026-08-30 07:45:33+00:00,138,UPI,ICICI,South,M005,859.3,1,NONE
TXN0003921,2026-08-30 07:45:34+00:00,138,UPI,ICICI,South,M004,2010.47,1,NONE
TXN0005894,2026-08-30 07:45:36+00:00,138,UPI,HDFC,North,M006,2099.63,1,NONE
TXN0003456,2026-08-30 07:45:37+00:00,138,CARD,AXIS,East,M006,8566.39,1,NONE
TXN0000770,2026-08-30 07:45:37+00:00,138,UPI,SBI,West,M006,2042.9,1,NONE
TXN0004773,2026-08-30 07:45:40+00:00,138,CARD,SBI,North,M006,1552.45,1,NONE
TXN0004964,2026-08-30 07:45:41+00:00,138,CARD,SBI,South,M001,2784.77,1,NONE
TXN0004511,2026-08-30 07:45:42+00:00,138,CARD,AXIS,North,M001,2880.27,0,TIMEOUT
TXN0006095,2026-08-30 07:45:42+00:00,138,UPI,AXIS,Central,M002,2089.29,1,NONE
TXN0002046,2026-08-30 07:45:43+00:00,138,WALLET,HDFC,East,M005,510.15,1,NONE
TXN0004588,2026-08-30 07:45:43+00:00,138,NETBANKING,SBI,South,M005,789.96,1,NONE
TXN0006261,2026-08-30 07:45:44+00:00,138,NETBANKING,ICICI,Central,M004,2346.92,1,NONE
TXN0002053,2026-08-30 07:45:46+00:00,138,CARD,KOTAK,East,M003,862.0,1,NONE
TXN0000440,2026-08-30 07:45:47+00:00,138,UPI,SBI,South,M002,1237.28,1,NONE
TXN0003490,2026-08-30 07:45:48+00:00,138,UPI,HDFC,North,M004,789.04,1,NONE
TXN0003075,2026-08-30 07:45:54+00:00,138,CARD,SBI,South,M001,2885.57,0,INSUFFICIENT_FUNDS
TXN0003374,2026-08-30 07:45:57+00:00,138,CARD,KOTAK,West,M003,1237.72,1,NONE
TXN0004528,2026-08-30 07:45:59+00:00,138,CARD,SBI,Central,M006,1099.86,0,CUSTOMER_CANCELLED
TXN0000110,2026-08-30 07:46:02+00:00,139,CARD,ICICI,West,M001,1168.74,1,NONE
TXN0001933,2026-08-30 07:46:02+00:00,139,UPI,KOTAK,East,M002,323.31,1,NONE
TXN0002166,2026-08-30 07:46:05+00:00,139,UPI,SBI,West,M003,2527.26,1,NONE
TXN0006337,2026-08-30 07:46:05+00:00,139,CARD,AXIS,West,M004,1284.77,1,NONE
TXN0000941,2026-08-30 07:46:09+00:00,139,UPI,ICICI,West,M004,447.13,1,NONE
TXN0000241,2026-08-30 07:46:10+00:00,139,UPI,SBI,South,M004,1661.77,1,NONE
TXN0000442,2026-08-30 07:46:11+00:00,139,NETBANKING,ICICI,North,M004,6280.19,0,INSUFFICIENT_FUNDS
TXN0003306,2026-08-30 07:46:11+00:00,139,CARD,HDFC,West,M005,1618.88,1,NONE
TXN0006420,2026-08-30 07:46:12+00:00,139,CARD,AXIS,West,M005,3064.84,0,TIMEOUT
TXN0005813,2026-08-30 07:46:15+00:00,139,CARD,HDFC,West,M003,1127.77,1,NONE
TXN0002846,2026-08-30 07:46:15+00:00,139,UPI,SBI,West,M003,1437.29,1,NONE
TXN0005896,2026-08-30 07:46:17+00:00,139,UPI,KOTAK,North,M003,2115.03,1,NONE
TXN0000282,2026-08-30 07:46:20+00:00,139,UPI,ICICI,South,M002,544.98,1,NONE
TXN0003641,2026-08-30 07:46:23+00:00,139,WALLET,HDFC,South,M002,1027.69,1,NONE
TXN0004330,2026-08-30 07:46:25+00:00,139,CARD,HDFC,South,M002,546.22,1,NONE
TXN0005530,2026-08-30 07:46:26+00:00,139,NETBANKING,KOTAK,North,M003,900.28,1,NONE
TXN0006647,2026-08-30 07:46:30+00:00,139,WALLET,SBI,East,M002,3185.51,1,NONE
TXN0002984,2026-08-30 07:46:31+00:00,139,UPI,HDFC,North,M001,10217.92,1,NONE
TXN0001703,2026-08-30 07:46:32+00:00,139,UPI,ICICI,South,M003,942.41,1,NONE
TXN0000266,2026-08-30 07:46:35+00:00,139,UPI,KOTAK,North,M003,1354.01,1,NONE
TXN0002750,2026-08-30 07:46:35+00:00,139,UPI,SBI,East,M003,1339.53,1,NONE
TXN0002937,2026-08-30 07:46:36+00:00,139,UPI,AXIS,North,M004,1170.23,1,NONE
TXN0000926,2026-08-30 07:46:36+00:00,139,UPI,AXIS,North,M005,1629.98,1,NONE
TXN0001396,2026-08-30 07:46:36+00:00,139,CARD,KOTAK,South,M005,960.49,1,NONE
TXN0005310,2026-08-30 07:46:39+00:00,139,CARD,ICICI,North,M005,517.54,1,NONE
TXN0001164,2026-08-30 07:46:40+00:00,139,UPI,AXIS,West,M003,550.59,1,NONE
TXN0001795,2026-08-30 07:46:44+00:00,139,NETBANKING,ICICI,East,M003,1874.08,1,NONE
TXN0001971,2026-08-30 07:46:44+00:00,139,UPI,HDFC,West,M005,769.86,1,NONE
TXN0002236,2026-08-30 07:46:46+00:00,139,NETBANKING,HDFC,East,M005,2126.95,1,NONE
TXN0006069,2026-08-30 07:46:46+00:00,139,NETBANKING,AXIS,West,M004,535.11,1,NONE
TXN0003062,2026-08-30 07:46:49+00:00,139,UPI,SBI,North,M003,2242.39,1,NONE
TXN0000412,2026-08-30 07:46:49+00:00,139,WALLET,AXIS,West,M005,1057.36,1,NONE
TXN0004776,2026-08-30 07:46:53+00:00,139,NETBANKING,ICICI,South,M003,2341.16,0,CUSTOMER_CANCELLED
TXN0002709,2026-08-30 07:46:54+00:00,139,UPI,ICICI,South,M005,2768.82,1,NONE
TXN0001132,2026-08-30 07:46:54+00:00,139,NETBANKING,AXIS,East,M003,529.33,0,INSUFFICIENT_FUNDS
TXN0001748,2026-08-30 07:46:54+00:00,139,CARD,SBI,South,M003,555.99,1,NONE
TXN0005180,2026-08-30 07:46:54+00:00,139,UPI,ICICI,West,M004,11434.4,1,NONE
TXN0002136,2026-08-30 07:46:54+00:00,139,UPI,ICICI,South,M002,13659.9,1,NONE
TXN0002579,2026-08-30 07:46:55+00:00,139,UPI,AXIS,North,M005,787.79,1,NONE
TXN0002155,2026-08-30 07:46:57+00:00,139,NETBANKING,ICICI,Central,M005,2596.63,1,NONE
TXN0004823,2026-08-30 07:47:00+00:00,140,UPI,ICICI,East,M003,974.92,1,NONE
TXN0001379,2026-08-30 07:47:06+00:00,140,UPI,HDFC,South,M006,855.9,1,NONE
TXN0001365,2026-08-30 07:47:06+00:00,140,UPI,HDFC,South,M006,2063.29,1,NONE
TXN0005812,2026-08-30 07:47:07+00:00,140,UPI,HDFC,West,M005,1176.15,1,NONE
TXN0007068,2026-08-30 07:47:08+00:00,140,UPI,AXIS,East,M001,763.79,1,NONE
TXN0006301,2026-08-30 07:47:10+00:00,140,UPI,SBI,East,M006,1537.58,1,NONE
TXN0001749,2026-08-30 07:47:10+00:00,140,UPI,KOTAK,South,M005,3117.18,1,NONE
TXN0005977,2026-08-30 07:47:13+00:00,140,CARD,SBI,Central,M006,734.96,0,INSUFFICIENT_FUNDS
TXN0005119,2026-08-30 07:47:15+00:00,140,UPI,ICICI,South,M003,1025.31,0,ISSUER_TIMEOUT
TXN0001982,2026-08-30 07:47:16+00:00,140,UPI,AXIS,South,M005,2447.0,1,NONE
TXN0001991,2026-08-30 07:47:16+00:00,140,CARD,KOTAK,West,M005,871.47,1,NONE
TXN0000973,2026-08-30 07:47:16+00:00,140,UPI,AXIS,North,M001,5124.49,1,NONE
TXN0006962,2026-08-30 07:47:19+00:00,140,UPI,ICICI,North,M004,1792.86,0,ISSUER_TIMEOUT
TXN0001852,2026-08-30 07:47:20+00:00,140,UPI,SBI,East,M005,1516.03,1,NONE
TXN0003315,2026-08-30 07:47:22+00:00,140,UPI,SBI,West,M003,1022.54,1,NONE
TXN0004891,2026-08-30 07:47:23+00:00,140,UPI,SBI,West,M004,744.75,1,NONE
TXN0000149,2026-08-30 07:47:23+00:00,140,CARD,AXIS,North,M003,1200.27,1,NONE
TXN0002235,2026-08-30 07:47:23+00:00,140,CARD,AXIS,South,M005,386.31,1,NONE
TXN0007007,2026-08-30 07:47:25+00:00,140,WALLET,HDFC,North,M001,2313.88,0,TIMEOUT
TXN0004980,2026-08-30 07:47:31+00:00,140,CARD,AXIS,North,M004,105.99,1,NONE
TXN0007078,2026-08-30 07:47:32+00:00,140,CARD,SBI,North,M001,539.32,0,INSUFFICIENT_FUNDS
TXN0002113,2026-08-30 07:47:32+00:00,140,UPI,ICICI,West,M004,770.27,0,ISSUER_TIMEOUT
TXN0005717,2026-08-30 07:47:34+00:00,140,CARD,ICICI,South,M004,1265.77,1,NONE
TXN0005966,2026-08-30 07:47:35+00:00,140,UPI,SBI,North,M002,1638.08,1,NONE
TXN0001305,2026-08-30 07:47:36+00:00,140,UPI,AXIS,South,M004,3663.95,1,NONE
TXN0007158,2026-08-30 07:47:39+00:00,140,CARD,ICICI,West,M003,3401.52,1,NONE
TXN0005715,2026-08-30 07:47:39+00:00,140,UPI,HDFC,West,M003,423.89,1,NONE
TXN0000867,2026-08-30 07:47:40+00:00,140,CARD,ICICI,East,M001,4162.19,1,NONE
TXN0004910,2026-08-30 07:47:41+00:00,140,UPI,HDFC,North,M001,2581.21,1,NONE
TXN0000010,2026-08-30 07:47:44+00:00,140,CARD,SBI,East,M005,3046.71,1,NONE
TXN0002754,2026-08-30 07:47:44+00:00,140,UPI,HDFC,South,M005,3809.08,1,NONE
TXN0006619,2026-08-30 07:47:48+00:00,140,NETBANKING,KOTAK,West,M005,1256.05,1,NONE
TXN0000744,2026-08-30 07:47:50+00:00,140,UPI,SBI,West,M001,2775.94,1,NONE
TXN0006227,2026-08-30 07:47:50+00:00,140,NETBANKING,SBI,East,M001,424.84,1,NONE
TXN0000222,2026-08-30 07:47:51+00:00,140,CARD,HDFC,North,M002,738.22,1,NONE
TXN0001366,2026-08-30 07:47:53+00:00,140,UPI,HDFC,Central,M001,1446.5,1,NONE
TXN0001152,2026-08-30 07:47:54+00:00,140,UPI,AXIS,Central,M004,5950.65,1,NONE
TXN0006999,2026-08-30 07:47:55+00:00,140,UPI,ICICI,North,M001,3366.06,0,ISSUER_TIMEOUT
TXN0001101,2026-08-30 07:47:57+00:00,140,UPI,KOTAK,Central,M002,6708.43,1,NONE
TXN0006085,2026-08-30 07:47:59+00:00,140,UPI,AXIS,West,M001,2308.42,1,NONE
TXN0004337,2026-08-30 07:48:04+00:00,141,UPI,KOTAK,South,M002,520.19,1,NONE
TXN0006461,2026-08-30 07:48:04+00:00,141,CARD,AXIS,South,M003,1178.19,0,INSUFFICIENT_FUNDS
TXN0004514,2026-08-30 07:48:05+00:00,141,WALLET,SBI,Central,M004,1734.97,1,NONE
TXN0003169,2026-08-30 07:48:05+00:00,141,UPI,AXIS,East,M006,385.75,1,NONE
TXN0006896,2026-08-30 07:48:09+00:00,141,CARD,ICICI,South,M002,1708.63,1,NONE
TXN0001701,2026-08-30 07:48:10+00:00,141,UPI,HDFC,South,M005,980.13,1,NONE
TXN0003999,2026-08-30 07:48:10+00:00,141,UPI,KOTAK,North,M002,4849.94,1,NONE
TXN0006304,2026-08-30 07:48:12+00:00,141,NETBANKING,ICICI,West,M003,1336.77,1,NONE
TXN0006746,2026-08-30 07:48:13+00:00,141,UPI,ICICI,West,M004,1399.61,1,NONE
TXN0007193,2026-08-30 07:48:13+00:00,141,CARD,HDFC,South,M003,514.85,1,NONE
TXN0003762,2026-08-30 07:48:13+00:00,141,UPI,SBI,East,M001,2040.63,1,NONE
TXN0006080,2026-08-30 07:48:15+00:00,141,CARD,HDFC,North,M002,697.44,1,NONE
TXN0005306,2026-08-30 07:48:19+00:00,141,CARD,ICICI,North,M006,1408.21,1,NONE
TXN0005140,2026-08-30 07:48:20+00:00,141,UPI,HDFC,North,M002,12996.23,1,NONE
TXN0006838,2026-08-30 07:48:21+00:00,141,UPI,SBI,South,M003,15875.95,1,NONE
TXN0004505,2026-08-30 07:48:22+00:00,141,UPI,KOTAK,East,M003,1233.02,1,NONE
TXN0000199,2026-08-30 07:48:24+00:00,141,CARD,SBI,West,M005,4590.28,1,NONE
TXN0000877,2026-08-30 07:48:24+00:00,141,CARD,ICICI,South,M006,2615.07,1,NONE
TXN0003111,2026-08-30 07:48:31+00:00,141,UPI,HDFC,West,M004,3214.45,1,NONE
TXN0007196,2026-08-30 07:48:35+00:00,141,UPI,ICICI,West,M001,1133.27,0,ISSUER_TIMEOUT
TXN0002517,2026-08-30 07:48:37+00:00,141,UPI,SBI,South,M001,981.19,1,NONE
TXN0005833,2026-08-30 07:48:38+00:00,141,UPI,AXIS,North,M002,777.1,1,NONE
TXN0003203,2026-08-30 07:48:39+00:00,141,CARD,AXIS,South,M006,1189.96,1,NONE
TXN0006521,2026-08-30 07:48:39+00:00,141,UPI,SBI,South,M002,10167.88,1,NONE
TXN0000476,2026-08-30 07:48:40+00:00,141,WALLET,ICICI,West,M001,2073.45,1,NONE
TXN0006782,2026-08-30 07:48:42+00:00,141,UPI,SBI,West,M006,655.89,0,CUSTOMER_CANCELLED
TXN0000349,2026-08-30 07:48:43+00:00,141,UPI,KOTAK,South,M006,1043.05,1,NONE
TXN0000842,2026-08-30 07:48:43+00:00,141,WALLET,KOTAK,South,M005,1887.53,1,NONE
TXN0004241,2026-08-30 07:48:46+00:00,141,UPI,SBI,North,M004,1118.01,1,NONE
TXN0005123,2026-08-30 07:48:47+00:00,141,WALLET,SBI,West,M001,590.25,1,NONE
TXN0003625,2026-08-30 07:48:49+00:00,141,CARD,ICICI,North,M005,4680.42,1,NONE
TXN0001062,2026-08-30 07:48:51+00:00,141,UPI,HDFC,East,M001,2542.48,1,NONE
TXN0006677,2026-08-30 07:48:51+00:00,141,UPI,AXIS,North,M006,933.17,1,NONE
TXN0003989,2026-08-30 07:48:51+00:00,141,CARD,SBI,South,M002,11833.7,1,NONE
TXN0001885,2026-08-30 07:48:52+00:00,141,UPI,HDFC,West,M005,1915.56,1,NONE
TXN0005463,2026-08-30 07:48:54+00:00,141,UPI,HDFC,South,M003,6013.17,1,NONE
TXN0003507,2026-08-30 07:48:55+00:00,141,NETBANKING,ICICI,East,M006,2362.56,1,NONE
TXN0005832,2026-08-30 07:48:58+00:00,141,CARD,HDFC,East,M005,1345.25,1,NONE
TXN0000418,2026-08-30 07:48:59+00:00,141,UPI,ICICI,South,M005,961.52,0,ISSUER_TIMEOUT
TXN0003941,2026-08-30 07:48:59+00:00,141,UPI,SBI,South,M004,1223.08,1,NONE
TXN0003117,2026-08-30 07:49:01+00:00,142,CARD,SBI,West,M005,3387.66,1,NONE
TXN0005460,2026-08-30 07:49:06+00:00,142,WALLET,AXIS,North,M003,1111.8,1,NONE
TXN0002624,2026-08-30 07:49:06+00:00,142,CARD,HDFC,North,M003,1361.83,1,NONE
TXN0000533,2026-08-30 07:49:08+00:00,142,UPI,AXIS,East,M003,473.38,1,NONE
TXN0003094,2026-08-30 07:49:09+00:00,142,CARD,ICICI,North,M003,1547.1,1,NONE
TXN0005716,2026-08-30 07:49:11+00:00,142,UPI,SBI,East,M006,576.25,1,NONE
TXN0006210,2026-08-30 07:49:11+00:00,142,NETBANKING,HDFC,East,M004,382.46,0,INSUFFICIENT_FUNDS
TXN0002245,2026-08-30 07:49:11+00:00,142,UPI,HDFC,West,M004,2246.52,1,NONE
TXN0000139,2026-08-30 07:49:12+00:00,142,CARD,ICICI,South,M001,979.6,1,NONE
TXN0004513,2026-08-30 07:49:12+00:00,142,CARD,KOTAK,West,M003,2049.48,0,INSUFFICIENT_FUNDS
TXN0000917,2026-08-30 07:49:16+00:00,142,CARD,HDFC,East,M001,616.64,1,NONE
TXN0001544,2026-08-30 07:49:16+00:00,142,UPI,ICICI,South,M004,6997.24,1,NONE
TXN0002105,2026-08-30 07:49:16+00:00,142,CARD,KOTAK,West,M006,1594.56,1,NONE
TXN0002914,2026-08-30 07:49:16+00:00,142,WALLET,HDFC,South,M003,684.79,1,NONE
TXN0006516,2026-08-30 07:49:16+00:00,142,WALLET,SBI,East,M001,5344.54,1,NONE
TXN0005960,2026-08-30 07:49:17+00:00,142,CARD,KOTAK,North,M001,885.64,0,TIMEOUT
TXN0004497,2026-08-30 07:49:17+00:00,142,UPI,AXIS,West,M002,4709.44,1,NONE
TXN0005957,2026-08-30 07:49:17+00:00,142,NETBANKING,ICICI,North,M001,889.6,1,NONE
TXN0001399,2026-08-30 07:49:17+00:00,142,UPI,HDFC,East,M003,923.1,1,NONE
TXN0007041,2026-08-30 07:49:18+00:00,142,CARD,HDFC,South,M003,1717.28,1,NONE
TXN0006615,2026-08-30 07:49:18+00:00,142,UPI,HDFC,South,M002,649.71,1,NONE
TXN0004960,2026-08-30 07:49:19+00:00,142,CARD,ICICI,East,M005,2771.31,1,NONE
TXN0002713,2026-08-30 07:49:20+00:00,142,UPI,SBI,Central,M004,1168.11,1,NONE
TXN0003708,2026-08-30 07:49:22+00:00,142,UPI,ICICI,East,M005,1770.98,0,ISSUER_TIMEOUT
TXN0001309,2026-08-30 07:49:25+00:00,142,UPI,ICICI,South,M006,2928.4,0,ISSUER_TIMEOUT
TXN0005816,2026-08-30 07:49:25+00:00,142,UPI,ICICI,South,M006,1790.24,0,ISSUER_TIMEOUT
TXN0003624,2026-08-30 07:49:33+00:00,142,CARD,ICICI,South,M002,3286.98,1,NONE
TXN0003714,2026-08-30 07:49:33+00:00,142,CARD,SBI,South,M002,3107.6,1,NONE
TXN0005029,2026-08-30 07:49:33+00:00,142,UPI,HDFC,West,M005,3365.88,1,NONE
TXN0004779,2026-08-30 07:49:40+00:00,142,UPI,HDFC,North,M005,1815.69,1,NONE
TXN0001775,2026-08-30 07:49:42+00:00,142,UPI,SBI,West,M004,2800.26,1,NONE
TXN0005452,2026-08-30 07:49:42+00:00,142,UPI,SBI,West,M006,1111.07,1,NONE
TXN0000369,2026-08-30 07:49:45+00:00,142,UPI,KOTAK,South,M001,641.17,1,NONE
TXN0003903,2026-08-30 07:49:46+00:00,142,UPI,AXIS,West,M003,4661.89,1,NONE
TXN0004893,2026-08-30 07:49:46+00:00,142,WALLET,HDFC,North,M006,1592.95,1,NONE
TXN0004064,2026-08-30 07:49:47+00:00,142,UPI,HDFC,North,M006,2955.51,1,NONE
TXN0004495,2026-08-30 07:49:48+00:00,142,UPI,AXIS,West,M002,2285.78,0,BANK_DECLINED
TXN0001287,2026-08-30 07:49:52+00:00,142,UPI,SBI,Central,M004,429.88,1,NONE
TXN0000706,2026-08-30 07:49:58+00:00,142,UPI,SBI,East,M001,3075.24,1,NONE
TXN0001123,2026-08-30 07:49:59+00:00,142,CARD,SBI,South,M006,1186.22,1,NONE
TXN0007197,2026-08-30 07:50:00+00:00,143,CARD,ICICI,South,M004,6458.11,1,NONE
TXN0006387,2026-08-30 07:50:06+00:00,143,UPI,HDFC,West,M005,2729.69,1,NONE
TXN0004157,2026-08-30 07:50:06+00:00,143,CARD,AXIS,West,M005,7061.23,1,NONE
TXN0002800,2026-08-30 07:50:07+00:00,143,UPI,ICICI,North,M003,3146.64,1,NONE
TXN0005665,2026-08-30 07:50:07+00:00,143,UPI,SBI,South,M005,896.55,1,NONE
TXN0000509,2026-08-30 07:50:07+00:00,143,WALLET,HDFC,West,M001,618.78,1,NONE
TXN0002303,2026-08-30 07:50:08+00:00,143,NETBANKING,ICICI,Central,M003,1584.43,1,NONE
TXN0004840,2026-08-30 07:50:09+00:00,143,UPI,AXIS,South,M005,911.77,1,NONE
TXN0000676,2026-08-30 07:50:10+00:00,143,UPI,ICICI,North,M004,1799.47,1,NONE
TXN0006159,2026-08-30 07:50:10+00:00,143,UPI,AXIS,North,M004,1363.5,1,NONE
TXN0006190,2026-08-30 07:50:14+00:00,143,UPI,AXIS,Central,M003,477.87,1,NONE
TXN0002553,2026-08-30 07:50:14+00:00,143,UPI,AXIS,South,M003,574.64,1,NONE
TXN0001008,2026-08-30 07:50:15+00:00,143,CARD,KOTAK,South,M002,456.2,1,NONE
TXN0005993,2026-08-30 07:50:15+00:00,143,UPI,SBI,North,M005,626.33,1,NONE
TXN0004659,2026-08-30 07:50:16+00:00,143,WALLET,SBI,West,M005,435.46,1,NONE
TXN0004644,2026-08-30 07:50:17+00:00,143,CARD,ICICI,South,M002,3258.37,1,NONE
TXN0005387,2026-08-30 07:50:18+00:00,143,UPI,HDFC,North,M001,1184.53,1,NONE
TXN0000047,2026-08-30 07:50:19+00:00,143,NETBANKING,ICICI,South,M001,4093.93,1,NONE
TXN0000256,2026-08-30 07:50:19+00:00,143,NETBANKING,SBI,West,M003,2108.02,1,NONE
TXN0006149,2026-08-30 07:50:19+00:00,143,CARD,HDFC,South,M002,6194.22,1,NONE
TXN0001259,2026-08-30 07:50:20+00:00,143,UPI,ICICI,South,M003,4646.33,0,ISSUER_TIMEOUT
TXN0002427,2026-08-30 07:50:21+00:00,143,UPI,HDFC,West,M003,6857.52,0,CUSTOMER_CANCELLED
TXN0002174,2026-08-30 07:50:22+00:00,143,CARD,KOTAK,Central,M005,1534.2,1,NONE
TXN0006196,2026-08-30 07:50:22+00:00,143,UPI,SBI,Central,M006,1130.45,1,NONE
TXN0002018,2026-08-30 07:50:25+00:00,143,CARD,SBI,South,M004,8153.49,1,NONE
TXN0005321,2026-08-30 07:50:25+00:00,143,CARD,AXIS,South,M005,1205.84,1,NONE
TXN0004197,2026-08-30 07:50:29+00:00,143,UPI,ICICI,West,M006,1797.75,1,NONE
TXN0004357,2026-08-30 07:50:29+00:00,143,UPI,ICICI,East,M001,2632.78,0,ISSUER_TIMEOUT
TXN0003357,2026-08-30 07:50:30+00:00,143,UPI,ICICI,West,M006,2948.83,0,ISSUER_TIMEOUT
TXN0005842,2026-08-30 07:50:34+00:00,143,NETBANKING,AXIS,Central,M002,542.18,1,NONE
TXN0003900,2026-08-30 07:50:40+00:00,143,CARD,KOTAK,Central,M001,1597.16,1,NONE
TXN0000772,2026-08-30 07:50:40+00:00,143,UPI,KOTAK,South,M006,837.82,1,NONE
TXN0005363,2026-08-30 07:50:40+00:00,143,UPI,SBI,North,M005,1065.91,1,NONE
TXN0001696,2026-08-30 07:50:45+00:00,143,CARD,HDFC,South,M006,17303.78,1,NONE
TXN0003518,2026-08-30 07:50:47+00:00,143,WALLET,HDFC,South,M003,3000.38,1,NONE
TXN0002989,2026-08-30 07:50:47+00:00,143,CARD,KOTAK,South,M001,2129.74,0,TIMEOUT
TXN0005761,2026-08-30 07:50:53+00:00,143,WALLET,ICICI,South,M001,292.12,1,NONE
TXN0006144,2026-08-30 07:50:53+00:00,143,UPI,HDFC,North,M002,4043.5,1,NONE
TXN0004721,2026-08-30 07:50:56+00:00,143,UPI,HDFC,West,M005,3355.34,1,NONE
TXN0002767,2026-08-30 07:50:57+00:00,143,CARD,KOTAK,North,M004,776.8,1,NONE
TXN0004417,2026-08-30 07:51:02+00:00,144,UPI,SBI,Central,M003,5998.02,1,NONE
TXN0002686,2026-08-30 07:51:02+00:00,144,CARD,HDFC,Central,M002,1163.63,1,NONE
TXN0003799,2026-08-30 07:51:04+00:00,144,CARD,SBI,South,M003,4202.32,1,NONE
TXN0004738,2026-08-30 07:51:05+00:00,144,UPI,KOTAK,South,M004,5602.49,1,NONE
TXN0004751,2026-08-30 07:51:06+00:00,144,UPI,AXIS,East,M003,3293.54,1,NONE
TXN0001111,2026-08-30 07:51:07+00:00,144,UPI,ICICI,East,M004,622.66,0,ISSUER_TIMEOUT
TXN0000957,2026-08-30 07:51:07+00:00,144,CARD,HDFC,North,M002,1814.73,1,NONE
TXN0003082,2026-08-30 07:51:07+00:00,144,UPI,AXIS,South,M003,1092.93,1,NONE
TXN0004025,2026-08-30 07:51:08+00:00,144,CARD,SBI,South,M003,1001.26,1,NONE
TXN0006848,2026-08-30 07:51:08+00:00,144,UPI,SBI,South,M004,405.78,1,NONE
TXN0000666,2026-08-30 07:51:15+00:00,144,NETBANKING,HDFC,North,M002,1433.16,1,NONE
TXN0004699,2026-08-30 07:51:18+00:00,144,CARD,SBI,East,M005,811.41,1,NONE
TXN0001436,2026-08-30 07:51:18+00:00,144,NETBANKING,HDFC,South,M005,804.32,1,NONE
TXN0001445,2026-08-30 07:51:22+00:00,144,UPI,KOTAK,South,M004,3211.39,1,NONE
TXN0000104,2026-08-30 07:51:24+00:00,144,UPI,AXIS,East,M005,2303.65,1,NONE
TXN0002616,2026-08-30 07:51:24+00:00,144,UPI,ICICI,Central,M005,2532.88,0,ISSUER_TIMEOUT
TXN0001591,2026-08-30 07:51:25+00:00,144,UPI,HDFC,North,M003,427.18,1,NONE
TXN0001044,2026-08-30 07:51:25+00:00,144,UPI,SBI,West,M004,712.96,1,NONE
TXN0000183,2026-08-30 07:51:26+00:00,144,UPI,HDFC,North,M006,1316.64,1,NONE
TXN0004013,2026-08-30 07:51:27+00:00,144,UPI,AXIS,North,M005,721.43,1,NONE
TXN0003945,2026-08-30 07:51:27+00:00,144,UPI,KOTAK,West,M003,475.1,1,NONE
TXN0005981,2026-08-30 07:51:31+00:00,144,WALLET,HDFC,East,M003,2248.85,1,NONE
TXN0000475,2026-08-30 07:51:31+00:00,144,CARD,SBI,East,M002,673.51,1,NONE
TXN0002977,2026-08-30 07:51:34+00:00,144,CARD,ICICI,North,M003,3004.43,1,NONE
TXN0000421,2026-08-30 07:51:35+00:00,144,CARD,SBI,North,M003,528.51,1,NONE
TXN0003728,2026-08-30 07:51:35+00:00,144,UPI,KOTAK,North,M005,497.68,1,NONE
TXN0004568,2026-08-30 07:51:38+00:00,144,UPI,ICICI,West,M001,6121.01,0,ISSUER_TIMEOUT
TXN0005251,2026-08-30 07:51:40+00:00,144,CARD,SBI,East,M003,912.82,1,NONE
TXN0002816,2026-08-30 07:51:41+00:00,144,CARD,ICICI,Central,M001,2007.64,1,NONE
TXN0000275,2026-08-30 07:51:44+00:00,144,UPI,HDFC,East,M001,514.38,1,NONE
TXN0003860,2026-08-30 07:51:50+00:00,144,CARD,AXIS,West,M003,2236.49,1,NONE
TXN0000355,2026-08-30 07:51:52+00:00,144,CARD,ICICI,South,M005,1839.5,0,CUSTOMER_CANCELLED
TXN0000013,2026-08-30 07:51:52+00:00,144,UPI,SBI,North,M006,445.96,1,NONE
TXN0001010,2026-08-30 07:51:53+00:00,144,CARD,HDFC,North,M003,7206.24,1,NONE
TXN0002949,2026-08-30 07:51:55+00:00,144,UPI,KOTAK,Central,M005,3959.63,1,NONE
TXN0002688,2026-08-30 07:51:56+00:00,144,WALLET,AXIS,South,M004,4176.52,1,NONE
TXN0003810,2026-08-30 07:51:56+00:00,144,UPI,SBI,West,M001,1342.07,1,NONE
TXN0004031,2026-08-30 07:51:58+00:00,144,UPI,AXIS,South,M002,3544.06,1,NONE
TXN0006303,2026-08-30 07:51:59+00:00,144,NETBANKING,AXIS,East,M003,1160.51,1,NONE
TXN0003029,2026-08-30 07:51:59+00:00,144,CARD,SBI,South,M003,3968.2,1,NONE
TXN0006661,2026-08-30 07:52:00+00:00,145,UPI,ICICI,East,M006,2265.5,1,NONE
TXN0005216,2026-08-30 07:52:03+00:00,145,NETBANKING,AXIS,South,M006,954.88,1,NONE
TXN0006578,2026-08-30 07:52:05+00:00,145,WALLET,AXIS,East,M006,468.66,1,NONE
TXN0000012,2026-08-30 07:52:07+00:00,145,UPI,SBI,Central,M006,1232.06,1,NONE
TXN0006497,2026-08-30 07:52:08+00:00,145,UPI,SBI,North,M006,1319.73,1,NONE
TXN0003012,2026-08-30 07:52:11+00:00,145,UPI,HDFC,South,M004,1939.39,1,NONE
TXN0004132,2026-08-30 07:52:11+00:00,145,CARD,HDFC,East,M002,698.58,1,NONE
TXN0004254,2026-08-30 07:52:11+00:00,145,UPI,AXIS,South,M002,2214.47,1,NONE
TXN0000724,2026-08-30 07:52:16+00:00,145,UPI,ICICI,South,M004,992.47,0,ISSUER_TIMEOUT
TXN0005065,2026-08-30 07:52:17+00:00,145,UPI,AXIS,South,M002,1397.13,1,NONE
TXN0000005,2026-08-30 07:52:18+00:00,145,CARD,HDFC,North,M002,4366.13,1,NONE
TXN0002411,2026-08-30 07:52:23+00:00,145,CARD,HDFC,South,M001,4518.38,1,NONE
TXN0002132,2026-08-30 07:52:27+00:00,145,WALLET,HDFC,East,M006,401.35,1,NONE
TXN0000215,2026-08-30 07:52:28+00:00,145,CARD,ICICI,South,M006,2349.05,1,NONE
TXN0006167,2026-08-30 07:52:29+00:00,145,UPI,KOTAK,South,M003,1101.57,1,NONE
TXN0006606,2026-08-30 07:52:30+00:00,145,UPI,ICICI,South,M005,803.12,0,ISSUER_TIMEOUT
TXN0000447,2026-08-30 07:52:39+00:00,145,WALLET,HDFC,Central,M005,5610.27,1,NONE
TXN0000633,2026-08-30 07:52:39+00:00,145,CARD,ICICI,East,M004,390.84,1,NONE
TXN0001140,2026-08-30 07:52:40+00:00,145,UPI,KOTAK,North,M004,7778.25,1,NONE
TXN0004974,2026-08-30 07:52:42+00:00,145,UPI,KOTAK,South,M003,2002.26,1,NONE
TXN0005477,2026-08-30 07:52:42+00:00,145,UPI,HDFC,West,M003,2376.16,1,NONE
TXN0007162,2026-08-30 07:52:43+00:00,145,NETBANKING,ICICI,South,M004,1101.75,1,NONE
TXN0003808,2026-08-30 07:52:43+00:00,145,NETBANKING,HDFC,West,M004,3834.86,0,BANK_DECLINED
TXN0005902,2026-08-30 07:52:43+00:00,145,UPI,HDFC,South,M002,1407.73,1,NONE
TXN0001481,2026-08-30 07:52:46+00:00,145,UPI,AXIS,South,M002,768.85,1,NONE
TXN0003365,2026-08-30 07:52:47+00:00,145,UPI,HDFC,West,M003,479.4,1,NONE
TXN0002021,2026-08-30 07:52:47+00:00,145,WALLET,SBI,West,M004,1271.45,1,NONE
TXN0006628,2026-08-30 07:52:47+00:00,145,UPI,SBI,South,M006,207.25,1,NONE
TXN0003008,2026-08-30 07:52:48+00:00,145,UPI,HDFC,East,M002,482.09,1,NONE
TXN0003049,2026-08-30 07:52:48+00:00,145,WALLET,SBI,West,M002,1856.05,1,NONE
TXN0001803,2026-08-30 07:52:49+00:00,145,UPI,ICICI,North,M004,975.43,1,NONE
TXN0002149,2026-08-30 07:52:49+00:00,145,CARD,SBI,South,M002,1305.41,1,NONE
TXN0004914,2026-08-30 07:52:50+00:00,145,UPI,KOTAK,North,M002,331.54,1,NONE
TXN0002365,2026-08-30 07:52:52+00:00,145,UPI,ICICI,North,M003,194.07,0,ISSUER_TIMEOUT
TXN0004634,2026-08-30 07:52:54+00:00,145,UPI,SBI,North,M002,821.16,1,NONE
TXN0004281,2026-08-30 07:52:55+00:00,145,WALLET,AXIS,North,M004,472.29,1,NONE
TXN0000212,2026-08-30 07:52:55+00:00,145,UPI,AXIS,East,M002,1356.87,1,NONE
TXN0006576,2026-08-30 07:52:56+00:00,145,CARD,KOTAK,South,M004,780.23,1,NONE
TXN0004611,2026-08-30 07:52:56+00:00,145,WALLET,ICICI,South,M005,583.68,1,NONE
TXN0003575,2026-08-30 07:52:59+00:00,145,CARD,HDFC,Central,M001,879.48,1,NONE
TXN0005532,2026-08-30 07:53:00+00:00,146,NETBANKING,ICICI,West,M001,2482.64,1,NONE
TXN0003237,2026-08-30 07:53:04+00:00,146,UPI,AXIS,West,M004,1436.5,1,NONE
TXN0001590,2026-08-30 07:53:04+00:00,146,CARD,ICICI,West,M003,1131.12,1,NONE
TXN0002195,2026-08-30 07:53:05+00:00,146,UPI,KOTAK,East,M004,2662.98,1,NONE
TXN0000755,2026-08-30 07:53:05+00:00,146,UPI,SBI,South,M002,4367.73,1,NONE
TXN0000816,2026-08-30 07:53:08+00:00,146,UPI,HDFC,West,M002,1925.14,1,NONE
TXN0000091,2026-08-30 07:53:09+00:00,146,CARD,ICICI,North,M002,3458.97,0,TIMEOUT
TXN0004315,2026-08-30 07:53:12+00:00,146,CARD,HDFC,North,M006,1379.15,1,NONE
TXN0001946,2026-08-30 07:53:14+00:00,146,CARD,KOTAK,South,M003,1335.28,1,NONE
TXN0005073,2026-08-30 07:53:14+00:00,146,NETBANKING,SBI,West,M004,4598.92,1,NONE
TXN0002841,2026-08-30 07:53:14+00:00,146,UPI,ICICI,East,M004,2419.49,0,ISSUER_TIMEOUT
TXN0000270,2026-08-30 07:53:14+00:00,146,NETBANKING,ICICI,East,M005,197.06,1,NONE
TXN0002898,2026-08-30 07:53:15+00:00,146,UPI,HDFC,South,M005,1092.7,1,NONE
TXN0000112,2026-08-30 07:53:17+00:00,146,UPI,SBI,North,M001,5555.63,0,CUSTOMER_CANCELLED
TXN0000488,2026-08-30 07:53:21+00:00,146,UPI,AXIS,East,M004,1252.88,1,NONE
TXN0003579,2026-08-30 07:53:22+00:00,146,UPI,AXIS,North,M006,863.55,1,NONE
TXN0004142,2026-08-30 07:53:22+00:00,146,NETBANKING,SBI,East,M003,2460.03,1,NONE
TXN0006353,2026-08-30 07:53:24+00:00,146,UPI,AXIS,South,M001,1076.71,1,NONE
TXN0003087,2026-08-30 07:53:26+00:00,146,UPI,ICICI,South,M006,6433.14,0,ISSUER_TIMEOUT
TXN0000332,2026-08-30 07:53:26+00:00,146,CARD,ICICI,North,M006,908.85,1,NONE
TXN0000082,2026-08-30 07:53:27+00:00,146,CARD,SBI,Central,M005,5450.0,1,NONE
TXN0004370,2026-08-30 07:53:28+00:00,146,UPI,ICICI,North,M006,3163.44,1,NONE
TXN0002706,2026-08-30 07:53:28+00:00,146,CARD,SBI,East,M001,3469.48,1,NONE
TXN0003809,2026-08-30 07:53:31+00:00,146,CARD,SBI,Central,M006,1354.95,1,NONE
TXN0005074,2026-08-30 07:53:34+00:00,146,UPI,AXIS,Central,M001,1009.01,0,TIMEOUT
TXN0005117,2026-08-30 07:53:34+00:00,146,CARD,ICICI,South,M006,2020.07,1,NONE
TXN0004532,2026-08-30 07:53:35+00:00,146,UPI,AXIS,Central,M005,107.95,1,NONE
TXN0002791,2026-08-30 07:53:35+00:00,146,CARD,HDFC,South,M006,1513.06,1,NONE
TXN0002407,2026-08-30 07:53:37+00:00,146,UPI,SBI,West,M003,2220.11,1,NONE
TXN0002156,2026-08-30 07:53:38+00:00,146,UPI,AXIS,North,M004,1458.85,1,NONE
TXN0000715,2026-08-30 07:53:38+00:00,146,UPI,KOTAK,East,M002,2295.93,1,NONE
TXN0006600,2026-08-30 07:53:39+00:00,146,NETBANKING,HDFC,North,M004,3295.44,1,NONE
TXN0002789,2026-08-30 07:53:41+00:00,146,CARD,KOTAK,West,M002,1499.66,1,NONE
TXN0006184,2026-08-30 07:53:41+00:00,146,UPI,HDFC,South,M002,1438.51,1,NONE
TXN0002009,2026-08-30 07:53:44+00:00,146,UPI,ICICI,South,M004,3328.25,1,NONE
TXN0003613,2026-08-30 07:53:48+00:00,146,UPI,AXIS,East,M003,5117.28,1,NONE
TXN0004162,2026-08-30 07:53:49+00:00,146,UPI,KOTAK,East,M002,1684.68,1,NONE
TXN0002423,2026-08-30 07:53:50+00:00,146,WALLET,KOTAK,North,M004,1050.27,1,NONE
TXN0001780,2026-08-30 07:53:50+00:00,146,CARD,KOTAK,North,M002,821.52,1,NONE
TXN0000726,2026-08-30 07:53:54+00:00,146,NETBANKING,AXIS,North,M003,4648.58,1,NONE
TXN0002013,2026-08-30 07:54:00+00:00,147,NETBANKING,SBI,East,M004,1272.15,1,NONE
TXN0004982,2026-08-30 07:54:02+00:00,147,NETBANKING,SBI,West,M001,4349.26,1,NONE
TXN0004797,2026-08-30 07:54:04+00:00,147,UPI,HDFC,South,M006,3841.58,1,NONE
TXN0001420,2026-08-30 07:54:07+00:00,147,UPI,AXIS,West,M001,1929.64,1,NONE
TXN0004235,2026-08-30 07:54:09+00:00,147,NETBANKING,SBI,East,M001,1445.43,1,NONE
TXN0006912,2026-08-30 07:54:10+00:00,147,UPI,AXIS,Central,M003,1568.77,0,TIMEOUT
TXN0001168,2026-08-30 07:54:10+00:00,147,CARD,HDFC,Central,M004,2659.31,1,NONE
TXN0005410,2026-08-30 07:54:11+00:00,147,CARD,HDFC,Central,M001,3808.48,1,NONE
TXN0000194,2026-08-30 07:54:11+00:00,147,CARD,KOTAK,East,M002,658.28,1,NONE
TXN0004739,2026-08-30 07:54:12+00:00,147,CARD,SBI,East,M001,254.96,1,NONE
TXN0002025,2026-08-30 07:54:13+00:00,147,UPI,SBI,Central,M004,2600.85,1,NONE
TXN0000353,2026-08-30 07:54:14+00:00,147,UPI,AXIS,South,M004,2980.16,1,NONE
TXN0000660,2026-08-30 07:54:14+00:00,147,UPI,SBI,North,M001,1020.9,1,NONE
TXN0005151,2026-08-30 07:54:15+00:00,147,WALLET,SBI,Central,M002,1072.42,1,NONE
TXN0005366,2026-08-30 07:54:16+00:00,147,UPI,ICICI,North,M005,238.33,1,NONE
TXN0005093,2026-08-30 07:54:20+00:00,147,NETBANKING,AXIS,West,M003,682.38,1,NONE
TXN0005343,2026-08-30 07:54:20+00:00,147,CARD,AXIS,South,M006,4079.55,1,NONE
TXN0001208,2026-08-30 07:54:21+00:00,147,UPI,AXIS,South,M002,3183.86,1,NONE
TXN0004901,2026-08-30 07:54:22+00:00,147,CARD,HDFC,Central,M004,1699.66,1,NONE
TXN0006704,2026-08-30 07:54:23+00:00,147,UPI,AXIS,North,M004,622.62,1,NONE
TXN0002434,2026-08-30 07:54:27+00:00,147,UPI,SBI,Central,M001,1509.93,1,NONE
TXN0002351,2026-08-30 07:54:27+00:00,147,CARD,HDFC,North,M004,4540.95,1,NONE
TXN0004628,2026-08-30 07:54:28+00:00,147,NETBANKING,ICICI,South,M004,323.92,1,NONE
TXN0001571,2026-08-30 07:54:31+00:00,147,UPI,HDFC,South,M005,3651.92,1,NONE
TXN0004827,2026-08-30 07:54:32+00:00,147,UPI,SBI,East,M001,769.57,1,NONE
TXN0007089,2026-08-30 07:54:33+00:00,147,NETBANKING,AXIS,North,M006,776.23,1,NONE
TXN0000764,2026-08-30 07:54:33+00:00,147,UPI,HDFC,Central,M002,619.4,1,NONE
TXN0002826,2026-08-30 07:54:37+00:00,147,UPI,AXIS,South,M006,2264.66,1,NONE
TXN0001375,2026-08-30 07:54:40+00:00,147,UPI,SBI,South,M006,1139.51,1,NONE
TXN0000613,2026-08-30 07:54:40+00:00,147,WALLET,HDFC,North,M003,1973.49,1,NONE
TXN0001047,2026-08-30 07:54:45+00:00,147,UPI,HDFC,East,M006,552.12,1,NONE
TXN0001087,2026-08-30 07:54:48+00:00,147,UPI,SBI,East,M002,779.38,1,NONE
TXN0006063,2026-08-30 07:54:50+00:00,147,NETBANKING,ICICI,South,M004,803.66,1,NONE
TXN0005890,2026-08-30 07:54:50+00:00,147,CARD,ICICI,Central,M004,1262.3,1,NONE
TXN0004154,2026-08-30 07:54:50+00:00,147,NETBANKING,HDFC,Central,M005,2173.79,1,NONE
TXN0000822,2026-08-30 07:54:51+00:00,147,NETBANKING,SBI,South,M005,3237.28,1,NONE
TXN0003530,2026-08-30 07:54:54+00:00,147,CARD,ICICI,West,M003,346.26,1,NONE
TXN0002535,2026-08-30 07:54:55+00:00,147,CARD,KOTAK,West,M002,837.44,1,NONE
TXN0006648,2026-08-30 07:54:56+00:00,147,CARD,HDFC,South,M005,711.25,1,NONE
TXN0004155,2026-08-30 07:54:57+00:00,147,UPI,ICICI,West,M001,1251.65,1,NONE
TXN0001464,2026-08-30 07:55:01+00:00,148,UPI,HDFC,South,M006,1543.31,1,NONE
TXN0005525,2026-08-30 07:55:04+00:00,148,UPI,HDFC,North,M004,1689.74,1,NONE
TXN0005537,2026-08-30 07:55:04+00:00,148,WALLET,ICICI,North,M005,390.72,1,NONE
TXN0004835,2026-08-30 07:55:08+00:00,148,UPI,SBI,South,M001,1008.53,1,NONE
TXN0001063,2026-08-30 07:55:09+00:00,148,NETBANKING,KOTAK,South,M001,5600.84,1,NONE
TXN0004092,2026-08-30 07:55:10+00:00,148,CARD,HDFC,West,M003,1356.49,1,NONE
TXN0005817,2026-08-30 07:55:11+00:00,148,CARD,SBI,South,M004,1064.05,0,BANK_DECLINED
TXN0005907,2026-08-30 07:55:13+00:00,148,UPI,AXIS,Central,M005,2409.73,1,NONE
TXN0007186,2026-08-30 07:55:14+00:00,148,CARD,ICICI,South,M005,2690.71,1,NONE
TXN0004058,2026-08-30 07:55:16+00:00,148,UPI,AXIS,East,M004,2508.08,1,NONE
TXN0002974,2026-08-30 07:55:18+00:00,148,NETBANKING,AXIS,North,M005,902.01,0,INSUFFICIENT_FUNDS
TXN0001815,2026-08-30 07:55:20+00:00,148,UPI,HDFC,East,M003,2675.71,1,NONE
TXN0006252,2026-08-30 07:55:20+00:00,148,NETBANKING,SBI,East,M001,2609.54,1,NONE
TXN0005915,2026-08-30 07:55:22+00:00,148,UPI,AXIS,South,M006,313.91,1,NONE
TXN0000956,2026-08-30 07:55:23+00:00,148,UPI,HDFC,West,M005,4988.43,1,NONE
TXN0006562,2026-08-30 07:55:24+00:00,148,UPI,SBI,East,M001,767.49,1,NONE
TXN0005681,2026-08-30 07:55:24+00:00,148,CARD,HDFC,North,M002,2549.64,1,NONE
TXN0004188,2026-08-30 07:55:26+00:00,148,UPI,ICICI,North,M003,2381.71,0,ISSUER_TIMEOUT
TXN0004763,2026-08-30 07:55:28+00:00,148,CARD,ICICI,North,M001,807.41,1,NONE
TXN0003722,2026-08-30 07:55:28+00:00,148,CARD,HDFC,West,M006,832.03,1,NONE
TXN0006384,2026-08-30 07:55:31+00:00,148,WALLET,KOTAK,East,M006,825.57,1,NONE
TXN0005978,2026-08-30 07:55:31+00:00,148,UPI,SBI,West,M005,3201.95,1,NONE
TXN0000425,2026-08-30 07:55:31+00:00,148,CARD,SBI,South,M005,1215.73,0,BANK_DECLINED
TXN0006358,2026-08-30 07:55:33+00:00,148,CARD,ICICI,West,M002,1494.69,1,NONE
TXN0003309,2026-08-30 07:55:35+00:00,148,UPI,AXIS,South,M003,1797.78,1,NONE
TXN0006181,2026-08-30 07:55:36+00:00,148,CARD,KOTAK,West,M005,1075.0,1,NONE
TXN0002820,2026-08-30 07:55:38+00:00,148,UPI,HDFC,East,M004,753.76,1,NONE
TXN0002584,2026-08-30 07:55:40+00:00,148,UPI,AXIS,Central,M006,3433.83,1,NONE
TXN0001465,2026-08-30 07:55:41+00:00,148,UPI,SBI,East,M004,616.56,1,NONE
TXN0001978,2026-08-30 07:55:43+00:00,148,CARD,HDFC,South,M004,1244.34,1,NONE
TXN0004737,2026-08-30 07:55:45+00:00,148,NETBANKING,KOTAK,West,M001,625.38,1,NONE
TXN0005144,2026-08-30 07:55:49+00:00,148,UPI,SBI,East,M005,3497.58,1,NONE
TXN0005610,2026-08-30 07:55:50+00:00,148,UPI,ICICI,East,M004,1213.16,1,NONE
TXN0003185,2026-08-30 07:55:50+00:00,148,CARD,ICICI,North,M003,4777.3,1,NONE
TXN0001079,2026-08-30 07:55:50+00:00,148,UPI,HDFC,South,M003,955.79,1,NONE
TXN0006296,2026-08-30 07:55:53+00:00,148,UPI,HDFC,North,M005,1284.0,1,NONE
TXN0005183,2026-08-30 07:55:55+00:00,148,NETBANKING,HDFC,North,M001,376.83,1,NONE
TXN0003048,2026-08-30 07:55:56+00:00,148,UPI,SBI,North,M002,1393.6,1,NONE
TXN0000510,2026-08-30 07:55:57+00:00,148,CARD,KOTAK,Central,M002,628.77,0,BANK_DECLINED
TXN0006741,2026-08-30 07:55:58+00:00,148,UPI,AXIS,East,M005,649.88,1,NONE
TXN0006940,2026-08-30 07:56:00+00:00,149,NETBANKING,AXIS,West,M002,1581.15,1,NONE
TXN0001547,2026-08-30 07:56:01+00:00,149,UPI,AXIS,West,M004,433.48,1,NONE
TXN0003322,2026-08-30 07:56:02+00:00,149,CARD,AXIS,North,M005,936.04,1,NONE
TXN0006111,2026-08-30 07:56:07+00:00,149,UPI,AXIS,South,M001,2643.46,1,NONE
TXN0005808,2026-08-30 07:56:07+00:00,149,UPI,ICICI,Central,M001,2824.97,1,NONE
TXN0003312,2026-08-30 07:56:07+00:00,149,WALLET,HDFC,East,M006,207.01,1,NONE
TXN0001723,2026-08-30 07:56:07+00:00,149,UPI,ICICI,West,M005,7502.77,1,NONE
TXN0006523,2026-08-30 07:56:08+00:00,149,WALLET,HDFC,North,M005,951.33,1,NONE
TXN0004479,2026-08-30 07:56:10+00:00,149,WALLET,SBI,South,M005,6432.44,1,NONE
TXN0000974,2026-08-30 07:56:10+00:00,149,UPI,SBI,West,M004,2849.05,1,NONE
TXN0002426,2026-08-30 07:56:12+00:00,149,UPI,AXIS,North,M006,1554.69,1,NONE
TXN0003396,2026-08-30 07:56:13+00:00,149,WALLET,SBI,West,M004,688.38,1,NONE
TXN0001548,2026-08-30 07:56:14+00:00,149,UPI,HDFC,Central,M001,1452.96,1,NONE
TXN0003130,2026-08-30 07:56:16+00:00,149,CARD,AXIS,South,M004,850.44,1,NONE
TXN0003850,2026-08-30 07:56:16+00:00,149,CARD,HDFC,West,M005,1528.96,1,NONE
TXN0005274,2026-08-30 07:56:16+00:00,149,UPI,SBI,North,M006,1243.09,1,NONE
TXN0000893,2026-08-30 07:56:17+00:00,149,UPI,ICICI,North,M001,2151.91,1,NONE
TXN0000529,2026-08-30 07:56:17+00:00,149,CARD,SBI,East,M005,1595.36,1,NONE
TXN0005588,2026-08-30 07:56:21+00:00,149,CARD,AXIS,West,M002,1171.77,1,NONE
TXN0003701,2026-08-30 07:56:23+00:00,149,NETBANKING,HDFC,East,M001,630.96,1,NONE
TXN0006249,2026-08-30 07:56:23+00:00,149,NETBANKING,HDFC,East,M003,1657.9,0,CUSTOMER_CANCELLED
TXN0005934,2026-08-30 07:56:26+00:00,149,NETBANKING,KOTAK,South,M006,5832.4,1,NONE
TXN0001352,2026-08-30 07:56:28+00:00,149,UPI,KOTAK,South,M002,2885.24,1,NONE
TXN0003326,2026-08-30 07:56:33+00:00,149,CARD,HDFC,North,M001,2505.09,1,NONE
TXN0003371,2026-08-30 07:56:34+00:00,149,NETBANKING,AXIS,West,M003,5628.38,1,NONE
TXN0004614,2026-08-30 07:56:35+00:00,149,CARD,SBI,North,M002,1812.41,1,NONE
TXN0002923,2026-08-30 07:56:37+00:00,149,UPI,SBI,North,M005,1184.99,1,NONE
TXN0004150,2026-08-30 07:56:37+00:00,149,WALLET,ICICI,Central,M006,83.25,0,INSUFFICIENT_FUNDS
TXN0006903,2026-08-30 07:56:37+00:00,149,CARD,AXIS,South,M005,3002.89,0,CUSTOMER_CANCELLED
TXN0001361,2026-08-30 07:56:38+00:00,149,UPI,ICICI,West,M002,716.22,1,NONE
TXN0001627,2026-08-30 07:56:40+00:00,149,CARD,AXIS,West,M004,1564.72,1,NONE
TXN0001965,2026-08-30 07:56:41+00:00,149,CARD,SBI,East,M001,857.55,1,NONE
TXN0006910,2026-08-30 07:56:41+00:00,149,CARD,AXIS,North,M004,338.72,1,NONE
TXN0004540,2026-08-30 07:56:42+00:00,149,NETBANKING,KOTAK,South,M002,500.58,1,NONE
TXN0004691,2026-08-30 07:56:44+00:00,149,UPI,SBI,West,M005,1420.28,1,NONE
TXN0000255,2026-08-30 07:56:44+00:00,149,CARD,SBI,North,M003,915.55,1,NONE
TXN0005760,2026-08-30 07:56:50+00:00,149,NETBANKING,KOTAK,North,M002,1531.81,1,NONE
TXN0003609,2026-08-30 07:56:51+00:00,149,UPI,AXIS,South,M006,601.28,1,NONE
TXN0003765,2026-08-30 07:56:58+00:00,149,CARD,HDFC,Central,M005,3059.86,1,NONE
TXN0005819,2026-08-30 07:56:58+00:00,149,UPI,SBI,East,M003,483.74,1,NONE
TXN0000026,2026-08-30 07:57:02+00:00,150,NETBANKING,SBI,Central,M002,2061.37,0,BANK_DECLINED
TXN0002524,2026-08-30 07:57:04+00:00,150,WALLET,HDFC,West,M005,2818.47,1,NONE
TXN0003289,2026-08-30 07:57:05+00:00,150,UPI,SBI,South,M002,2670.05,1,NONE
TXN0004772,2026-08-30 07:57:06+00:00,150,UPI,SBI,South,M006,9006.2,1,NONE
TXN0004653,2026-08-30 07:57:07+00:00,150,NETBANKING,SBI,East,M002,1349.22,0,TIMEOUT
TXN0002449,2026-08-30 07:57:08+00:00,150,UPI,KOTAK,West,M006,1417.2,1,NONE
TXN0006356,2026-08-30 07:57:09+00:00,150,UPI,SBI,Central,M006,1448.34,1,NONE
TXN0005672,2026-08-30 07:57:13+00:00,150,CARD,HDFC,South,M004,1703.14,1,NONE
TXN0002104,2026-08-30 07:57:14+00:00,150,UPI,SBI,West,M004,3143.56,1,NONE
TXN0000076,2026-08-30 07:57:15+00:00,150,CARD,HDFC,East,M002,3674.71,1,NONE
TXN0005711,2026-08-30 07:57:17+00:00,150,UPI,ICICI,North,M002,4859.15,0,ISSUER_TIMEOUT
TXN0006502,2026-08-30 07:57:17+00:00,150,UPI,AXIS,West,M006,3910.93,1,NONE
TXN0002678,2026-08-30 07:57:19+00:00,150,UPI,HDFC,West,M004,1634.92,1,NONE
TXN0005244,2026-08-30 07:57:22+00:00,150,WALLET,SBI,Central,M001,2060.35,1,NONE
TXN0004624,2026-08-30 07:57:23+00:00,150,NETBANKING,SBI,North,M001,1945.82,1,NONE
TXN0002633,2026-08-30 07:57:25+00:00,150,NETBANKING,HDFC,South,M004,614.91,1,NONE
TXN0004117,2026-08-30 07:57:26+00:00,150,UPI,AXIS,North,M002,1201.55,1,NONE
TXN0006629,2026-08-30 07:57:27+00:00,150,NETBANKING,HDFC,South,M004,615.57,1,NONE
TXN0003248,2026-08-30 07:57:27+00:00,150,UPI,ICICI,South,M001,1010.23,1,NONE
TXN0002501,2026-08-30 07:57:29+00:00,150,UPI,AXIS,Central,M006,2808.94,1,NONE
TXN0000307,2026-08-30 07:57:32+00:00,150,UPI,KOTAK,South,M005,323.25,1,NONE
TXN0006857,2026-08-30 07:57:34+00:00,150,NETBANKING,ICICI,East,M001,827.47,1,NONE
TXN0004961,2026-08-30 07:57:36+00:00,150,NETBANKING,SBI,North,M006,563.54,0,BANK_DECLINED
TXN0000713,2026-08-30 07:57:37+00:00,150,CARD,AXIS,West,M001,563.04,1,NONE
TXN0003816,2026-08-30 07:57:39+00:00,150,UPI,HDFC,East,M006,1984.36,1,NONE
TXN0004165,2026-08-30 07:57:42+00:00,150,UPI,HDFC,East,M001,2894.35,1,NONE
TXN0000486,2026-08-30 07:57:43+00:00,150,NETBANKING,ICICI,South,M004,1336.4,1,NONE
TXN0000928,2026-08-30 07:57:44+00:00,150,UPI,ICICI,West,M003,285.03,0,ISSUER_TIMEOUT
TXN0000635,2026-08-30 07:57:45+00:00,150,CARD,AXIS,North,M004,1050.65,1,NONE
TXN0000248,2026-08-30 07:57:47+00:00,150,CARD,SBI,East,M003,2198.23,1,NONE
TXN0005511,2026-08-30 07:57:48+00:00,150,UPI,SBI,East,M001,1384.67,1,NONE
TXN0002040,2026-08-30 07:57:48+00:00,150,UPI,ICICI,East,M002,5342.65,0,ISSUER_TIMEOUT
TXN0002189,2026-08-30 07:57:49+00:00,150,UPI,HDFC,West,M003,2628.55,1,NONE
TXN0001457,2026-08-30 07:57:50+00:00,150,NETBANKING,SBI,South,M005,246.46,1,NONE
TXN0001209,2026-08-30 07:57:50+00:00,150,WALLET,ICICI,South,M005,1426.75,1,NONE
TXN0002851,2026-08-30 07:57:51+00:00,150,NETBANKING,SBI,South,M006,1413.99,1,NONE
TXN0006215,2026-08-30 07:57:51+00:00,150,NETBANKING,HDFC,Central,M003,2007.62,1,NONE
TXN0001509,2026-08-30 07:57:52+00:00,150,CARD,SBI,West,M006,929.31,1,NONE
TXN0002756,2026-08-30 07:57:53+00:00,150,CARD,HDFC,South,M002,238.33,1,NONE
TXN0002168,2026-08-30 07:57:56+00:00,150,CARD,HDFC,East,M004,327.71,1,NONE
TXN0004487,2026-08-30 07:58:01+00:00,151,CARD,AXIS,South,M005,1043.53,1,NONE
TXN0005418,2026-08-30 07:58:02+00:00,151,NETBANKING,SBI,South,M001,1190.55,1,NONE
TXN0005582,2026-08-30 07:58:03+00:00,151,UPI,HDFC,North,M005,5403.62,1,NONE
TXN0001817,2026-08-30 07:58:04+00:00,151,CARD,HDFC,South,M002,734.8,0,INSUFFICIENT_FUNDS
TXN0002779,2026-08-30 07:58:05+00:00,151,UPI,SBI,South,M005,2408.31,1,NONE
TXN0004383,2026-08-30 07:58:07+00:00,151,WALLET,SBI,South,M004,671.73,1,NONE
TXN0002164,2026-08-30 07:58:10+00:00,151,NETBANKING,ICICI,East,M001,460.56,1,NONE
TXN0005031,2026-08-30 07:58:12+00:00,151,UPI,ICICI,West,M005,1705.23,0,ISSUER_TIMEOUT
TXN0002228,2026-08-30 07:58:12+00:00,151,CARD,HDFC,West,M002,1471.76,1,NONE
TXN0005548,2026-08-30 07:58:12+00:00,151,UPI,SBI,North,M003,3581.48,1,NONE
TXN0004759,2026-08-30 07:58:12+00:00,151,CARD,HDFC,West,M002,1511.93,1,NONE
TXN0000628,2026-08-30 07:58:12+00:00,151,NETBANKING,AXIS,North,M005,3938.54,1,NONE
TXN0006970,2026-08-30 07:58:14+00:00,151,CARD,SBI,West,M004,2798.21,1,NONE
TXN0000859,2026-08-30 07:58:16+00:00,151,WALLET,SBI,East,M004,4981.27,1,NONE
TXN0004332,2026-08-30 07:58:16+00:00,151,CARD,ICICI,South,M001,4996.21,1,NONE
TXN0004304,2026-08-30 07:58:18+00:00,151,NETBANKING,AXIS,North,M002,1508.53,1,NONE
TXN0006976,2026-08-30 07:58:19+00:00,151,UPI,HDFC,West,M006,2463.46,1,NONE
TXN0006881,2026-08-30 07:58:21+00:00,151,NETBANKING,SBI,North,M004,1751.35,1,NONE
TXN0006417,2026-08-30 07:58:24+00:00,151,UPI,ICICI,North,M002,520.44,1,NONE
TXN0005262,2026-08-30 07:58:24+00:00,151,UPI,HDFC,North,M006,906.77,1,NONE
TXN0004657,2026-08-30 07:58:26+00:00,151,UPI,ICICI,East,M005,1580.61,1,NONE
TXN0005457,2026-08-30 07:58:27+00:00,151,UPI,KOTAK,Central,M004,1538.79,0,TIMEOUT
TXN0003519,2026-08-30 07:58:35+00:00,151,WALLET,KOTAK,West,M005,360.8,1,NONE
TXN0002839,2026-08-30 07:58:36+00:00,151,UPI,HDFC,North,M006,1142.04,1,NONE
TXN0003888,2026-08-30 07:58:38+00:00,151,CARD,AXIS,West,M006,1750.05,1,NONE
TXN0007154,2026-08-30 07:58:38+00:00,151,UPI,HDFC,South,M006,1985.1,0,TIMEOUT
TXN0001103,2026-08-30 07:58:38+00:00,151,UPI,ICICI,South,M005,1327.04,0,ISSUER_TIMEOUT
TXN0003278,2026-08-30 07:58:39+00:00,151,NETBANKING,AXIS,West,M003,1536.23,1,NONE
TXN0003413,2026-08-30 07:58:40+00:00,151,UPI,ICICI,South,M006,534.04,0,ISSUER_TIMEOUT
TXN0005112,2026-08-30 07:58:46+00:00,151,UPI,HDFC,South,M005,1911.45,1,NONE
TXN0004291,2026-08-30 07:58:46+00:00,151,UPI,HDFC,West,M004,1233.5,1,NONE
TXN0003735,2026-08-30 07:58:48+00:00,151,UPI,HDFC,West,M004,5972.92,1,NONE
TXN0002215,2026-08-30 07:58:48+00:00,151,CARD,AXIS,South,M003,10059.53,1,NONE
TXN0004091,2026-08-30 07:58:53+00:00,151,WALLET,AXIS,South,M001,1049.67,1,NONE
TXN0006003,2026-08-30 07:58:55+00:00,151,UPI,SBI,South,M003,2018.61,1,NONE
TXN0000386,2026-08-30 07:58:55+00:00,151,UPI,ICICI,South,M004,3385.01,0,ISSUER_TIMEOUT
TXN0001999,2026-08-30 07:58:55+00:00,151,UPI,ICICI,West,M004,499.34,0,ISSUER_TIMEOUT
TXN0006819,2026-08-30 07:58:56+00:00,151,CARD,KOTAK,North,M005,1211.25,1,NONE
TXN0002277,2026-08-30 07:58:56+00:00,151,WALLET,SBI,North,M001,4791.94,1,NONE
TXN0001496,2026-08-30 07:58:57+00:00,151,NETBANKING,HDFC,North,M005,1498.95,0,BANK_DECLINED
TXN0001889,2026-08-30 07:59:00+00:00,152,NETBANKING,HDFC,East,M006,259.44,1,NONE
TXN0007106,2026-08-30 07:59:01+00:00,152,NETBANKING,SBI,East,M005,843.12,1,NONE
TXN0003585,2026-08-30 07:59:01+00:00,152,WALLET,SBI,North,M005,833.76,1,NONE
TXN0005383,2026-08-30 07:59:02+00:00,152,UPI,SBI,West,M005,1166.77,1,NONE
TXN0002873,2026-08-30 07:59:04+00:00,152,CARD,HDFC,South,M002,1903.77,1,NONE
TXN0001353,2026-08-30 07:59:04+00:00,152,WALLET,AXIS,Central,M005,1130.28,1,NONE
TXN0000116,2026-08-30 07:59:06+00:00,152,UPI,HDFC,South,M003,535.67,1,NONE
TXN0004817,2026-08-30 07:59:07+00:00,152,UPI,SBI,North,M001,297.78,1,NONE
TXN0000128,2026-08-30 07:59:08+00:00,152,CARD,KOTAK,West,M006,5282.35,1,NONE
TXN0001632,2026-08-30 07:59:09+00:00,152,UPI,ICICI,East,M006,940.78,1,NONE
TXN0003274,2026-08-30 07:59:09+00:00,152,CARD,ICICI,East,M004,526.75,1,NONE
TXN0002662,2026-08-30 07:59:09+00:00,152,CARD,ICICI,North,M001,1502.66,1,NONE
TXN0006166,2026-08-30 07:59:10+00:00,152,UPI,AXIS,North,M002,1137.11,1,NONE
TXN0002131,2026-08-30 07:59:13+00:00,152,CARD,ICICI,West,M006,1934.53,1,NONE
TXN0006104,2026-08-30 07:59:14+00:00,152,UPI,KOTAK,Central,M006,1692.06,1,NONE
TXN0006530,2026-08-30 07:59:14+00:00,152,UPI,SBI,North,M006,3021.57,1,NONE
TXN0003823,2026-08-30 07:59:14+00:00,152,UPI,ICICI,North,M003,1814.17,0,ISSUER_TIMEOUT
TXN0006419,2026-08-30 07:59:16+00:00,152,CARD,SBI,Central,M004,267.95,1,NONE
TXN0006377,2026-08-30 07:59:24+00:00,152,CARD,HDFC,West,M004,3275.18,1,NONE
TXN0002871,2026-08-30 07:59:24+00:00,152,UPI,HDFC,South,M001,1622.61,1,NONE
TXN0005687,2026-08-30 07:59:24+00:00,152,CARD,AXIS,North,M003,1418.31,1,NONE
TXN0000296,2026-08-30 07:59:25+00:00,152,NETBANKING,AXIS,Central,M004,604.98,1,NONE
TXN0002922,2026-08-30 07:59:25+00:00,152,NETBANKING,AXIS,South,M003,5145.98,1,NONE
TXN0006463,2026-08-30 07:59:25+00:00,152,UPI,AXIS,West,M001,789.94,1,NONE
TXN0005928,2026-08-30 07:59:25+00:00,152,UPI,AXIS,North,M002,1607.49,1,NONE
TXN0007097,2026-08-30 07:59:28+00:00,152,UPI,ICICI,South,M002,1419.88,1,NONE
TXN0007142,2026-08-30 07:59:28+00:00,152,UPI,SBI,North,M001,4366.31,1,NONE
TXN0003020,2026-08-30 07:59:30+00:00,152,CARD,HDFC,South,M002,1206.31,1,NONE
TXN0001037,2026-08-30 07:59:31+00:00,152,UPI,SBI,Central,M003,724.75,1,NONE
TXN0006765,2026-08-30 07:59:31+00:00,152,UPI,ICICI,East,M005,4021.2,0,ISSUER_TIMEOUT
TXN0007175,2026-08-30 07:59:31+00:00,152,CARD,HDFC,West,M006,3795.54,0,INSUFFICIENT_FUNDS
TXN0002054,2026-08-30 07:59:36+00:00,152,CARD,ICICI,East,M004,281.24,1,NONE
TXN0006346,2026-08-30 07:59:41+00:00,152,NETBANKING,SBI,South,M002,905.38,1,NONE
TXN0001479,2026-08-30 07:59:42+00:00,152,UPI,SBI,South,M001,1359.37,1,NONE
TXN0003005,2026-08-30 07:59:43+00:00,152,UPI,SBI,West,M001,478.97,1,NONE
TXN0000994,2026-08-30 07:59:44+00:00,152,CARD,SBI,South,M005,5092.21,1,NONE
TXN0001482,2026-08-30 07:59:47+00:00,152,CARD,ICICI,Central,M002,7073.05,1,NONE
TXN0004412,2026-08-30 07:59:54+00:00,152,UPI,ICICI,West,M001,1425.98,1,NONE
TXN0002091,2026-08-30 07:59:55+00:00,152,NETBANKING,HDFC,South,M001,1024.61,1,NONE
TXN0006965,2026-08-30 07:59:58+00:00,152,WALLET,ICICI,South,M003,873.17,1,NONE
TXN0004316,2026-08-30 08:00:02+00:00,153,WALLET,AXIS,South,M006,1311.4,1,NONE
TXN0003348,2026-08-30 08:00:03+00:00,153,UPI,AXIS,South,M003,781.45,1,NONE
TXN0003436,2026-08-30 08:00:03+00:00,153,CARD,ICICI,West,M003,1318.01,1,NONE
TXN0005426,2026-08-30 08:00:07+00:00,153,NETBANKING,HDFC,West,M005,413.78,1,NONE
TXN0000213,2026-08-30 08:00:08+00:00,153,UPI,SBI,West,M004,3302.91,1,NONE
TXN0002058,2026-08-30 08:00:08+00:00,153,UPI,AXIS,South,M005,5444.18,1,NONE
TXN0002276,2026-08-30 08:00:12+00:00,153,NETBANKING,HDFC,East,M004,3156.71,0,INSUFFICIENT_FUNDS
TXN0001197,2026-08-30 08:00:14+00:00,153,UPI,AXIS,East,M002,2213.64,1,NONE
TXN0006796,2026-08-30 08:00:18+00:00,153,WALLET,ICICI,Central,M001,2403.17,1,NONE
TXN0006625,2026-08-30 08:00:23+00:00,153,CARD,ICICI,South,M002,788.82,1,NONE
TXN0001695,2026-08-30 08:00:23+00:00,153,UPI,ICICI,East,M004,865.58,1,NONE
TXN0005331,2026-08-30 08:00:24+00:00,153,UPI,SBI,North,M002,4928.29,1,NONE
TXN0005011,2026-08-30 08:00:25+00:00,153,NETBANKING,KOTAK,North,M003,1043.17,1,NONE
TXN0000892,2026-08-30 08:00:25+00:00,153,NETBANKING,ICICI,South,M006,1013.19,1,NONE
TXN0002899,2026-08-30 08:00:25+00:00,153,UPI,KOTAK,East,M004,811.12,1,NONE
TXN0001391,2026-08-30 08:00:26+00:00,153,UPI,SBI,Central,M005,756.17,0,CUSTOMER_CANCELLED
TXN0002500,2026-08-30 08:00:26+00:00,153,UPI,SBI,West,M003,857.35,1,NONE
TXN0003021,2026-08-30 08:00:28+00:00,153,CARD,AXIS,South,M005,3019.98,1,NONE
TXN0002556,2026-08-30 08:00:29+00:00,153,UPI,ICICI,West,M001,4327.74,0,ISSUER_TIMEOUT
TXN0006175,2026-08-30 08:00:31+00:00,153,CARD,AXIS,North,M002,870.98,1,NONE
TXN0003239,2026-08-30 08:00:34+00:00,153,UPI,ICICI,East,M005,1412.21,0,ISSUER_TIMEOUT
TXN0004874,2026-08-30 08:00:35+00:00,153,UPI,SBI,South,M004,1781.35,1,NONE
TXN0001679,2026-08-30 08:00:35+00:00,153,WALLET,SBI,East,M002,4357.98,1,NONE
TXN0005564,2026-08-30 08:00:35+00:00,153,UPI,AXIS,South,M006,1504.96,1,NONE
TXN0001343,2026-08-30 08:00:37+00:00,153,UPI,ICICI,West,M001,2633.52,0,ISSUER_TIMEOUT
TXN0006507,2026-08-30 08:00:39+00:00,153,UPI,HDFC,East,M004,1088.91,1,NONE
TXN0005051,2026-08-30 08:00:39+00:00,153,UPI,KOTAK,East,M003,4417.25,1,NONE
TXN0005214,2026-08-30 08:00:41+00:00,153,WALLET,AXIS,South,M005,1647.71,1,NONE
TXN0006923,2026-08-30 08:00:41+00:00,153,WALLET,HDFC,North,M004,438.72,1,NONE
TXN0003331,2026-08-30 08:00:43+00:00,153,UPI,HDFC,Central,M005,319.59,1,NONE
TXN0003067,2026-08-30 08:00:43+00:00,153,UPI,SBI,North,M003,1312.7,1,NONE
TXN0005644,2026-08-30 08:00:46+00:00,153,CARD,KOTAK,West,M003,694.08,1,NONE
TXN0003281,2026-08-30 08:00:50+00:00,153,UPI,SBI,South,M005,876.35,1,NONE
TXN0001159,2026-08-30 08:00:51+00:00,153,CARD,SBI,West,M004,1421.54,1,NONE
TXN0003140,2026-08-30 08:00:51+00:00,153,UPI,SBI,East,M001,2279.41,1,NONE
TXN0005937,2026-08-30 08:00:55+00:00,153,WALLET,HDFC,West,M001,2010.67,1,NONE
TXN0004667,2026-08-30 08:00:55+00:00,153,WALLET,ICICI,Central,M006,928.74,0,BANK_DECLINED
TXN0006750,2026-08-30 08:00:56+00:00,153,UPI,ICICI,North,M005,2905.34,1,NONE
TXN0005906,2026-08-30 08:00:56+00:00,153,UPI,SBI,South,M001,1063.66,1,NONE
TXN0002904,2026-08-30 08:00:59+00:00,153,NETBANKING,SBI,West,M005,4941.75,0,BANK_DECLINED
TXN0007060,2026-08-30 08:01:00+00:00,154,CARD,SBI,East,M005,2316.38,1,NONE
TXN0006828,2026-08-30 08:01:01+00:00,154,UPI,KOTAK,Central,M002,1146.09,1,NONE
TXN0006146,2026-08-30 08:01:06+00:00,154,CARD,AXIS,North,M004,1108.27,0,INSUFFICIENT_FUNDS
TXN0000800,2026-08-30 08:01:06+00:00,154,CARD,HDFC,West,M002,881.96,1,NONE
TXN0005400,2026-08-30 08:01:07+00:00,154,CARD,SBI,North,M002,502.35,1,NONE
TXN0001153,2026-08-30 08:01:10+00:00,154,CARD,ICICI,West,M006,1123.68,1,NONE
TXN0000132,2026-08-30 08:01:11+00:00,154,UPI,ICICI,West,M005,3495.69,0,ISSUER_TIMEOUT
TXN0005552,2026-08-30 08:01:12+00:00,154,UPI,SBI,South,M004,3438.74,1,NONE
TXN0001928,2026-08-30 08:01:14+00:00,154,UPI,ICICI,North,M005,2247.96,1,NONE
TXN0006830,2026-08-30 08:01:15+00:00,154,UPI,SBI,South,M005,2858.01,1,NONE
TXN0001540,2026-08-30 08:01:18+00:00,154,CARD,SBI,West,M003,2807.2,1,NONE
TXN0001785,2026-08-30 08:01:21+00:00,154,CARD,SBI,Central,M001,447.23,0,BANK_DECLINED
TXN0004623,2026-08-30 08:01:22+00:00,154,UPI,HDFC,East,M005,2360.4,1,NONE
TXN0007178,2026-08-30 08:01:24+00:00,154,CARD,SBI,East,M004,4326.93,1,NONE
TXN0000951,2026-08-30 08:01:29+00:00,154,UPI,AXIS,North,M002,645.8,1,NONE
TXN0006066,2026-08-30 08:01:31+00:00,154,NETBANKING,SBI,West,M002,1017.32,1,NONE
TXN0001333,2026-08-30 08:01:31+00:00,154,UPI,ICICI,South,M004,4257.0,0,ISSUER_TIMEOUT
TXN0001332,2026-08-30 08:01:31+00:00,154,CARD,KOTAK,West,M001,274.62,1,NONE
TXN0004053,2026-08-30 08:01:33+00:00,154,WALLET,SBI,West,M006,1216.0,1,NONE
TXN0005740,2026-08-30 08:01:33+00:00,154,NETBANKING,SBI,South,M006,1309.97,1,NONE
TXN0001027,2026-08-30 08:01:34+00:00,154,UPI,ICICI,West,M004,1592.6,1,NONE
TXN0001668,2026-08-30 08:01:34+00:00,154,CARD,AXIS,North,M004,3431.58,1,NONE
TXN0001073,2026-08-30 08:01:35+00:00,154,UPI,KOTAK,East,M002,10214.44,1,NONE
TXN0002219,2026-08-30 08:01:36+00:00,154,UPI,SBI,North,M005,1118.96,1,NONE
TXN0007019,2026-08-30 08:01:36+00:00,154,UPI,AXIS,East,M002,896.45,1,NONE
TXN0003454,2026-08-30 08:01:37+00:00,154,UPI,ICICI,Central,M001,3248.44,1,NONE
TXN0003097,2026-08-30 08:01:37+00:00,154,WALLET,SBI,South,M005,357.09,1,NONE
TXN0000964,2026-08-30 08:01:37+00:00,154,UPI,ICICI,North,M006,1718.31,1,NONE
TXN0002806,2026-08-30 08:01:41+00:00,154,CARD,KOTAK,Central,M004,1012.26,1,NONE
TXN0003857,2026-08-30 08:01:42+00:00,154,CARD,KOTAK,South,M005,2733.85,1,NONE
TXN0007172,2026-08-30 08:01:46+00:00,154,UPI,ICICI,Central,M002,900.89,1,NONE
TXN0004642,2026-08-30 08:01:46+00:00,154,UPI,SBI,East,M005,2487.51,1,NONE
TXN0006574,2026-08-30 08:01:47+00:00,154,UPI,ICICI,North,M005,2117.48,1,NONE
TXN0000738,2026-08-30 08:01:50+00:00,154,CARD,HDFC,North,M003,3635.83,0,INSUFFICIENT_FUNDS
TXN0005654,2026-08-30 08:01:51+00:00,154,CARD,SBI,West,M002,1962.7,1,NONE
TXN0000664,2026-08-30 08:01:51+00:00,154,UPI,SBI,South,M002,1044.09,1,NONE
TXN0001732,2026-08-30 08:01:55+00:00,154,NETBANKING,KOTAK,East,M001,349.81,1,NONE
TXN0000796,2026-08-30 08:01:55+00:00,154,CARD,AXIS,South,M002,1740.74,1,NONE
TXN0004111,2026-08-30 08:01:55+00:00,154,UPI,HDFC,West,M003,961.91,1,NONE
TXN0002452,2026-08-30 08:01:58+00:00,154,UPI,SBI,Central,M003,1069.18,1,NONE
TXN0005365,2026-08-30 08:02:00+00:00,155,NETBANKING,SBI,South,M003,1068.91,1,NONE
TXN0000048,2026-08-30 08:02:01+00:00,155,WALLET,ICICI,East,M006,2840.54,1,NONE
TXN0003503,2026-08-30 08:02:04+00:00,155,UPI,ICICI,North,M004,4060.88,0,ISSUER_TIMEOUT
TXN0001839,2026-08-30 08:02:07+00:00,155,NETBANKING,ICICI,West,M002,555.2,1,NONE
TXN0003464,2026-08-30 08:02:09+00:00,155,UPI,SBI,South,M003,273.22,1,NONE
TXN0001979,2026-08-30 08:02:11+00:00,155,UPI,HDFC,West,M001,461.96,1,NONE
TXN0005671,2026-08-30 08:02:11+00:00,155,UPI,ICICI,Central,M001,6946.8,1,NONE
TXN0005349,2026-08-30 08:02:15+00:00,155,UPI,AXIS,East,M002,4192.95,1,NONE
TXN0004036,2026-08-30 08:02:15+00:00,155,CARD,HDFC,North,M002,1944.83,1,NONE
TXN0005451,2026-08-30 08:02:15+00:00,155,UPI,KOTAK,Central,M005,938.29,1,NONE
TXN0003351,2026-08-30 08:02:20+00:00,155,CARD,ICICI,Central,M003,6932.31,1,NONE
TXN0003422,2026-08-30 08:02:21+00:00,155,UPI,KOTAK,West,M001,1804.24,0,TIMEOUT
TXN0003771,2026-08-30 08:02:24+00:00,155,UPI,SBI,North,M003,3032.29,1,NONE
TXN0004038,2026-08-30 08:02:26+00:00,155,CARD,KOTAK,West,M003,1905.75,1,NONE
TXN0006287,2026-08-30 08:02:27+00:00,155,NETBANKING,SBI,Central,M002,783.88,1,NONE
TXN0002895,2026-08-30 08:02:29+00:00,155,UPI,ICICI,Central,M004,1841.25,1,NONE
TXN0002108,2026-08-30 08:02:32+00:00,155,UPI,KOTAK,South,M006,1799.25,1,NONE
TXN0006712,2026-08-30 08:02:33+00:00,155,CARD,ICICI,West,M006,1009.99,0,TIMEOUT
TXN0001362,2026-08-30 08:02:34+00:00,155,UPI,SBI,South,M005,396.94,1,NONE
TXN0002541,2026-08-30 08:02:35+00:00,155,CARD,SBI,North,M001,1584.08,1,NONE
TXN0004849,2026-08-30 08:02:36+00:00,155,CARD,HDFC,West,M005,609.67,1,NONE
TXN0002323,2026-08-30 08:02:36+00:00,155,CARD,SBI,West,M002,1327.78,1,NONE
TXN0003019,2026-08-30 08:02:38+00:00,155,CARD,HDFC,West,M002,6184.54,0,INSUFFICIENT_FUNDS
TXN0004577,2026-08-30 08:02:38+00:00,155,UPI,HDFC,South,M006,868.01,1,NONE
TXN0005517,2026-08-30 08:02:40+00:00,155,UPI,SBI,West,M001,302.2,1,NONE
TXN0004499,2026-08-30 08:02:43+00:00,155,UPI,AXIS,Central,M002,5317.62,1,NONE
TXN0002329,2026-08-30 08:02:44+00:00,155,CARD,KOTAK,Central,M003,3563.32,1,NONE
TXN0002555,2026-08-30 08:02:44+00:00,155,CARD,SBI,North,M006,2403.35,1,NONE
TXN0007122,2026-08-30 08:02:45+00:00,155,CARD,ICICI,North,M004,954.77,1,NONE
TXN0003007,2026-08-30 08:02:47+00:00,155,UPI,SBI,South,M005,2133.06,1,NONE
TXN0005177,2026-08-30 08:02:47+00:00,155,CARD,SBI,West,M006,800.44,1,NONE
TXN0003719,2026-08-30 08:02:48+00:00,155,UPI,SBI,West,M006,3347.28,1,NONE
TXN0001976,2026-08-30 08:02:48+00:00,155,UPI,AXIS,West,M005,2851.14,1,NONE
TXN0001753,2026-08-30 08:02:49+00:00,155,UPI,SBI,East,M004,941.71,1,NONE
TXN0000648,2026-08-30 08:02:52+00:00,155,UPI,ICICI,West,M001,3179.64,0,ISSUER_TIMEOUT
TXN0005249,2026-08-30 08:02:55+00:00,155,CARD,ICICI,North,M004,1833.33,1,NONE
TXN0003569,2026-08-30 08:02:55+00:00,155,CARD,SBI,South,M003,3431.12,1,NONE
TXN0005131,2026-08-30 08:02:55+00:00,155,UPI,SBI,South,M006,1167.25,1,NONE
TXN0006047,2026-08-30 08:02:58+00:00,155,WALLET,SBI,North,M001,4755.67,1,NONE
TXN0005824,2026-08-30 08:02:59+00:00,155,UPI,SBI,North,M004,184.7,1,NONE
TXN0000521,2026-08-30 08:03:01+00:00,156,UPI,KOTAK,East,M005,1365.43,1,NONE
TXN0002690,2026-08-30 08:03:02+00:00,156,UPI,ICICI,West,M003,5707.58,1,NONE
TXN0000763,2026-08-30 08:03:02+00:00,156,UPI,KOTAK,West,M005,744.52,1,NONE
TXN0001074,2026-08-30 08:03:03+00:00,156,UPI,HDFC,Central,M002,384.4,0,TIMEOUT
TXN0007046,2026-08-30 08:03:07+00:00,156,UPI,KOTAK,West,M006,723.71,1,NONE
TXN0000556,2026-08-30 08:03:07+00:00,156,UPI,SBI,South,M006,1954.01,1,NONE
TXN0002198,2026-08-30 08:03:08+00:00,156,UPI,AXIS,South,M001,1038.03,1,NONE
TXN0002093,2026-08-30 08:03:08+00:00,156,CARD,HDFC,North,M001,1334.99,1,NONE
TXN0005265,2026-08-30 08:03:09+00:00,156,CARD,HDFC,West,M004,1466.39,1,NONE
TXN0000953,2026-08-30 08:03:10+00:00,156,UPI,ICICI,North,M001,7298.47,0,ISSUER_TIMEOUT
TXN0001526,2026-08-30 08:03:10+00:00,156,UPI,AXIS,West,M003,557.81,1,NONE
TXN0004275,2026-08-30 08:03:12+00:00,156,UPI,AXIS,East,M003,637.03,1,NONE
TXN0000806,2026-08-30 08:03:14+00:00,156,CARD,HDFC,South,M002,409.63,1,NONE
TXN0002608,2026-08-30 08:03:14+00:00,156,UPI,SBI,West,M002,1360.61,1,NONE
TXN0004115,2026-08-30 08:03:15+00:00,156,CARD,HDFC,South,M001,2592.54,1,NONE
TXN0002755,2026-08-30 08:03:16+00:00,156,UPI,HDFC,West,M005,3219.2,1,NONE
TXN0002893,2026-08-30 08:03:18+00:00,156,UPI,SBI,West,M005,8337.34,1,NONE
TXN0006695,2026-08-30 08:03:19+00:00,156,UPI,SBI,West,M002,4193.93,1,NONE
TXN0005731,2026-08-30 08:03:19+00:00,156,UPI,SBI,West,M003,850.99,1,NONE
TXN0002309,2026-08-30 08:03:21+00:00,156,NETBANKING,HDFC,North,M002,1458.72,1,NONE
TXN0001171,2026-08-30 08:03:24+00:00,156,NETBANKING,ICICI,West,M006,571.18,1,NONE
TXN0000341,2026-08-30 08:03:26+00:00,156,CARD,KOTAK,Central,M001,5095.66,1,NONE
TXN0003457,2026-08-30 08:03:28+00:00,156,CARD,AXIS,South,M006,982.89,1,NONE
TXN0001271,2026-08-30 08:03:31+00:00,156,WALLET,SBI,North,M003,2577.83,1,NONE
TXN0000997,2026-08-30 08:03:31+00:00,156,NETBANKING,KOTAK,South,M003,612.15,1,NONE
TXN0000765,2026-08-30 08:03:34+00:00,156,NETBANKING,KOTAK,West,M006,1426.2,1,NONE
TXN0005908,2026-08-30 08:03:34+00:00,156,UPI,KOTAK,West,M006,157.88,1,NONE
TXN0000039,2026-08-30 08:03:35+00:00,156,UPI,HDFC,North,M006,7083.63,1,NONE
TXN0002811,2026-08-30 08:03:37+00:00,156,NETBANKING,SBI,North,M002,1580.52,1,NONE
TXN0003746,2026-08-30 08:03:37+00:00,156,CARD,AXIS,West,M004,4090.41,1,NONE
TXN0005281,2026-08-30 08:03:41+00:00,156,NETBANKING,SBI,North,M001,2777.75,0,INSUFFICIENT_FUNDS
TXN0001402,2026-08-30 08:03:44+00:00,156,WALLET,HDFC,North,M001,796.82,1,NONE
TXN0004660,2026-08-30 08:03:45+00:00,156,CARD,SBI,Central,M001,1679.68,1,NONE
TXN0007180,2026-08-30 08:03:47+00:00,156,CARD,SBI,North,M006,993.9,1,NONE
TXN0000399,2026-08-30 08:03:50+00:00,156,CARD,KOTAK,South,M004,3906.8,1,NONE
TXN0006327,2026-08-30 08:03:51+00:00,156,UPI,HDFC,East,M004,953.41,1,NONE
TXN0003190,2026-08-30 08:03:53+00:00,156,WALLET,SBI,West,M003,3624.55,1,NONE
TXN0000623,2026-08-30 08:03:54+00:00,156,NETBANKING,AXIS,East,M005,1991.91,1,NONE
TXN0005555,2026-08-30 08:03:58+00:00,156,CARD,ICICI,West,M005,872.23,1,NONE
TXN0003926,2026-08-30 08:03:59+00:00,156,CARD,HDFC,East,M006,4045.22,1,NONE
TXN0006173,2026-08-30 08:04:02+00:00,157,CARD,KOTAK,North,M002,1196.86,1,NONE
TXN0002234,2026-08-30 08:04:03+00:00,157,CARD,HDFC,East,M004,791.7,1,NONE
TXN0001166,2026-08-30 08:04:04+00:00,157,UPI,HDFC,East,M001,951.08,1,NONE
TXN0006340,2026-08-30 08:04:04+00:00,157,UPI,SBI,South,M001,362.5,1,NONE
TXN0003724,2026-08-30 08:04:06+00:00,157,UPI,ICICI,West,M001,11899.7,0,ISSUER_TIMEOUT
TXN0001782,2026-08-30 08:04:13+00:00,157,NETBANKING,SBI,North,M004,5814.97,1,NONE
TXN0003525,2026-08-30 08:04:13+00:00,157,WALLET,HDFC,South,M006,2353.36,0,CUSTOMER_CANCELLED
TXN0000011,2026-08-30 08:04:14+00:00,157,CARD,SBI,East,M006,1960.64,1,NONE
TXN0001055,2026-08-30 08:04:15+00:00,157,UPI,SBI,North,M005,5173.49,1,NONE
TXN0002167,2026-08-30 08:04:15+00:00,157,UPI,SBI,Central,M003,1509.68,1,NONE
TXN0003924,2026-08-30 08:04:17+00:00,157,UPI,SBI,North,M002,2548.08,1,NONE
TXN0005839,2026-08-30 08:04:18+00:00,157,CARD,AXIS,South,M005,1820.77,1,NONE
TXN0002951,2026-08-30 08:04:19+00:00,157,NETBANKING,AXIS,North,M003,6182.66,0,CUSTOMER_CANCELLED
TXN0002144,2026-08-30 08:04:21+00:00,157,UPI,SBI,West,M003,1339.35,1,NONE
TXN0005097,2026-08-30 08:04:22+00:00,157,UPI,KOTAK,North,M001,388.79,1,NONE
TXN0005092,2026-08-30 08:04:22+00:00,157,CARD,ICICI,Central,M002,1232.81,1,NONE
TXN0005518,2026-08-30 08:04:23+00:00,157,UPI,AXIS,South,M004,1623.77,1,NONE
TXN0004069,2026-08-30 08:04:24+00:00,157,UPI,AXIS,Central,M004,1938.16,1,NONE
TXN0006334,2026-08-30 08:04:28+00:00,157,CARD,KOTAK,South,M006,2615.14,1,NONE
TXN0006583,2026-08-30 08:04:30+00:00,157,UPI,ICICI,Central,M005,491.32,1,NONE
TXN0004670,2026-08-30 08:04:30+00:00,157,CARD,KOTAK,West,M005,2852.09,0,TIMEOUT
TXN0004844,2026-08-30 08:04:33+00:00,157,WALLET,KOTAK,South,M004,3227.03,1,NONE
TXN0002154,2026-08-30 08:04:33+00:00,157,CARD,HDFC,North,M006,2092.73,1,NONE
TXN0001388,2026-08-30 08:04:34+00:00,157,NETBANKING,SBI,North,M002,319.34,1,NONE
TXN0001964,2026-08-30 08:04:36+00:00,157,CARD,KOTAK,South,M001,1086.0,1,NONE
TXN0003819,2026-08-30 08:04:36+00:00,157,CARD,ICICI,North,M001,1249.84,1,NONE
TXN0001828,2026-08-30 08:04:37+00:00,157,NETBANKING,HDFC,West,M004,810.46,1,NONE
TXN0004541,2026-08-30 08:04:38+00:00,157,CARD,AXIS,South,M002,1643.7,1,NONE
TXN0002440,2026-08-30 08:04:39+00:00,157,UPI,HDFC,West,M001,1406.1,1,NONE
TXN0003493,2026-08-30 08:04:39+00:00,157,CARD,ICICI,Central,M006,4402.18,1,NONE
TXN0004161,2026-08-30 08:04:40+00:00,157,WALLET,AXIS,Central,M005,1168.62,1,NONE
TXN0002519,2026-08-30 08:04:41+00:00,157,UPI,SBI,East,M002,2759.88,1,NONE
TXN0001441,2026-08-30 08:04:42+00:00,157,CARD,ICICI,North,M005,1108.38,1,NONE
TXN0003568,2026-08-30 08:04:43+00:00,157,CARD,AXIS,West,M006,819.51,1,NONE
TXN0006253,2026-08-30 08:04:44+00:00,157,UPI,AXIS,West,M002,4075.28,1,NONE
TXN0006285,2026-08-30 08:04:49+00:00,157,CARD,KOTAK,East,M001,990.78,1,NONE
TXN0005182,2026-08-30 08:04:50+00:00,157,CARD,HDFC,South,M005,805.39,1,NONE
TXN0001722,2026-08-30 08:04:52+00:00,157,CARD,SBI,North,M002,383.45,1,NONE
TXN0006037,2026-08-30 08:04:57+00:00,157,UPI,SBI,South,M004,1585.34,1,NONE
TXN0006761,2026-08-30 08:04:58+00:00,157,CARD,KOTAK,West,M004,1617.45,1,NONE
TXN0004885,2026-08-30 08:05:00+00:00,158,UPI,HDFC,South,M005,6221.51,1,NONE
TXN0003283,2026-08-30 08:05:01+00:00,158,CARD,HDFC,Central,M003,1175.55,1,NONE
TXN0001118,2026-08-30 08:05:03+00:00,158,UPI,ICICI,South,M001,487.68,0,ISSUER_TIMEOUT
TXN0004890,2026-08-30 08:05:03+00:00,158,UPI,SBI,West,M005,1038.81,1,NONE
TXN0000065,2026-08-30 08:05:06+00:00,158,UPI,SBI,Central,M001,4388.44,1,NONE
TXN0001637,2026-08-30 08:05:08+00:00,158,WALLET,SBI,South,M005,496.53,1,NONE
TXN0000948,2026-08-30 08:05:15+00:00,158,UPI,ICICI,North,M004,3578.35,1,NONE
TXN0004771,2026-08-30 08:05:17+00:00,158,CARD,ICICI,West,M001,5929.33,1,NONE
TXN0004790,2026-08-30 08:05:19+00:00,158,WALLET,SBI,West,M003,1655.27,1,NONE
TXN0004042,2026-08-30 08:05:21+00:00,158,UPI,ICICI,North,M001,1063.46,0,ISSUER_TIMEOUT
TXN0001892,2026-08-30 08:05:22+00:00,158,UPI,ICICI,Central,M002,654.83,0,ISSUER_TIMEOUT
TXN0005126,2026-08-30 08:05:23+00:00,158,UPI,ICICI,Central,M005,12897.95,1,NONE
TXN0005927,2026-08-30 08:05:24+00:00,158,NETBANKING,HDFC,Central,M004,719.74,1,NONE
TXN0000720,2026-08-30 08:05:25+00:00,158,CARD,SBI,South,M003,1078.18,1,NONE
TXN0000068,2026-08-30 08:05:26+00:00,158,CARD,AXIS,West,M002,838.23,1,NONE
TXN0000663,2026-08-30 08:05:27+00:00,158,UPI,ICICI,East,M005,375.02,0,ISSUER_TIMEOUT
TXN0006990,2026-08-30 08:05:29+00:00,158,CARD,KOTAK,West,M002,1749.55,1,NONE
TXN0004748,2026-08-30 08:05:30+00:00,158,UPI,ICICI,East,M005,703.08,1,NONE
TXN0003230,2026-08-30 08:05:32+00:00,158,UPI,AXIS,East,M006,2246.38,1,NONE
TXN0001273,2026-08-30 08:05:34+00:00,158,NETBANKING,AXIS,South,M003,2153.46,1,NONE
TXN0001083,2026-08-30 08:05:39+00:00,158,NETBANKING,HDFC,East,M006,1407.42,1,NONE
TXN0002936,2026-08-30 08:05:40+00:00,158,NETBANKING,SBI,North,M004,3710.52,1,NONE
TXN0003202,2026-08-30 08:05:40+00:00,158,UPI,SBI,South,M005,1184.67,1,NONE
TXN0005165,2026-08-30 08:05:41+00:00,158,CARD,ICICI,Central,M001,827.15,1,NONE
TXN0005686,2026-08-30 08:05:42+00:00,158,CARD,KOTAK,South,M001,1289.27,1,NONE
TXN0003360,2026-08-30 08:05:43+00:00,158,WALLET,ICICI,West,M006,863.03,1,NONE
TXN0001082,2026-08-30 08:05:45+00:00,158,CARD,KOTAK,East,M005,1769.18,1,NONE
TXN0001277,2026-08-30 08:05:47+00:00,158,UPI,ICICI,South,M006,1186.64,1,NONE
TXN0000858,2026-08-30 08:05:47+00:00,158,CARD,KOTAK,South,M003,263.29,1,NONE
TXN0000661,2026-08-30 08:05:50+00:00,158,CARD,HDFC,Central,M006,4607.58,1,NONE
TXN0005118,2026-08-30 08:05:51+00:00,158,UPI,AXIS,North,M006,575.49,1,NONE
TXN0001635,2026-08-30 08:05:54+00:00,158,NETBANKING,HDFC,North,M001,4608.68,1,NONE
TXN0006670,2026-08-30 08:05:54+00:00,158,NETBANKING,ICICI,South,M005,1639.92,1,NONE
TXN0004711,2026-08-30 08:05:54+00:00,158,UPI,SBI,South,M004,419.04,1,NONE
TXN0006143,2026-08-30 08:05:54+00:00,158,CARD,SBI,East,M006,576.03,1,NONE
TXN0006809,2026-08-30 08:05:55+00:00,158,UPI,ICICI,North,M005,3745.19,0,ISSUER_TIMEOUT
TXN0002911,2026-08-30 08:05:56+00:00,158,UPI,HDFC,West,M006,1043.22,1,NONE
TXN0005246,2026-08-30 08:05:57+00:00,158,CARD,HDFC,West,M003,384.44,1,NONE
TXN0000517,2026-08-30 08:05:59+00:00,158,WALLET,AXIS,Central,M005,7032.89,1,NONE
TXN0002879,2026-08-30 08:05:59+00:00,158,UPI,ICICI,West,M001,1599.14,1,NONE
TXN0000411,2026-08-30 08:06:02+00:00,159,NETBANKING,SBI,North,M002,550.69,1,NONE
TXN0006727,2026-08-30 08:06:02+00:00,159,CARD,AXIS,West,M004,509.53,1,NONE
TXN0006374,2026-08-30 08:06:03+00:00,159,UPI,ICICI,North,M006,1555.21,1,NONE
TXN0005444,2026-08-30 08:06:03+00:00,159,WALLET,KOTAK,West,M002,993.44,1,NONE
TXN0001002,2026-08-30 08:06:07+00:00,159,CARD,AXIS,North,M005,1331.07,1,NONE
TXN0002462,2026-08-30 08:06:08+00:00,159,UPI,HDFC,North,M006,610.16,1,NONE
TXN0006444,2026-08-30 08:06:10+00:00,159,NETBANKING,SBI,North,M003,1135.32,0,BANK_DECLINED
TXN0006055,2026-08-30 08:06:11+00:00,159,CARD,AXIS,West,M001,3832.16,1,NONE
TXN0004518,2026-08-30 08:06:11+00:00,159,UPI,ICICI,North,M002,1600.4,0,ISSUER_TIMEOUT
TXN0005849,2026-08-30 08:06:12+00:00,159,UPI,AXIS,West,M003,1228.83,1,NONE
TXN0005243,2026-08-30 08:06:15+00:00,159,NETBANKING,HDFC,West,M003,1487.61,1,NONE
TXN0004258,2026-08-30 08:06:16+00:00,159,UPI,AXIS,South,M001,374.97,1,NONE
TXN0001492,2026-08-30 08:06:17+00:00,159,UPI,KOTAK,East,M002,1292.83,1,NONE
TXN0006415,2026-08-30 08:06:19+00:00,159,CARD,ICICI,North,M003,3177.92,1,NONE
TXN0004077,2026-08-30 08:06:20+00:00,159,CARD,KOTAK,East,M005,1656.33,1,NONE
TXN0002573,2026-08-30 08:06:21+00:00,159,UPI,ICICI,East,M003,1132.81,1,NONE
TXN0006086,2026-08-30 08:06:22+00:00,159,UPI,KOTAK,North,M005,985.97,1,NONE
TXN0005193,2026-08-30 08:06:27+00:00,159,UPI,ICICI,North,M003,2727.0,0,ISSUER_TIMEOUT
TXN0003010,2026-08-30 08:06:28+00:00,159,CARD,HDFC,West,M005,3806.31,1,NONE
TXN0001409,2026-08-30 08:06:28+00:00,159,NETBANKING,AXIS,Central,M005,1253.44,1,NONE
TXN0005009,2026-08-30 08:06:28+00:00,159,CARD,SBI,West,M006,972.26,1,NONE
TXN0004936,2026-08-30 08:06:30+00:00,159,UPI,HDFC,Central,M004,4092.14,1,NONE
TXN0002447,2026-08-30 08:06:31+00:00,159,CARD,AXIS,West,M002,699.41,1,NONE
TXN0000758,2026-08-30 08:06:32+00:00,159,CARD,SBI,West,M001,2389.5,1,NONE
TXN0006642,2026-08-30 08:06:33+00:00,159,NETBANKING,SBI,South,M002,929.38,0,BANK_DECLINED
TXN0003052,2026-08-30 08:06:33+00:00,159,CARD,SBI,North,M005,4086.92,0,CUSTOMER_CANCELLED
TXN0005005,2026-08-30 08:06:36+00:00,159,UPI,ICICI,South,M003,488.7,0,ISSUER_TIMEOUT
TXN0006068,2026-08-30 08:06:37+00:00,159,CARD,ICICI,East,M006,790.39,1,NONE
TXN0005264,2026-08-30 08:06:38+00:00,159,CARD,ICICI,Central,M003,1905.77,1,NONE
TXN0006604,2026-08-30 08:06:39+00:00,159,CARD,ICICI,West,M001,737.02,1,NONE
TXN0001316,2026-08-30 08:06:41+00:00,159,CARD,HDFC,South,M004,3520.85,1,NONE
TXN0000367,2026-08-30 08:06:41+00:00,159,UPI,ICICI,West,M001,686.01,0,ISSUER_TIMEOUT
TXN0002522,2026-08-30 08:06:46+00:00,159,UPI,ICICI,South,M003,2581.96,0,ISSUER_TIMEOUT
TXN0000383,2026-08-30 08:06:46+00:00,159,UPI,ICICI,North,M004,2986.15,0,ISSUER_TIMEOUT
TXN0004289,2026-08-30 08:06:48+00:00,159,UPI,ICICI,South,M005,4878.31,1,NONE
TXN0004285,2026-08-30 08:06:48+00:00,159,WALLET,HDFC,North,M003,1327.83,1,NONE
TXN0004253,2026-08-30 08:06:51+00:00,159,CARD,KOTAK,South,M001,382.16,1,NONE
TXN0005169,2026-08-30 08:06:51+00:00,159,CARD,ICICI,Central,M001,4551.88,1,NONE
TXN0001202,2026-08-30 08:06:55+00:00,159,UPI,AXIS,North,M004,3308.85,1,NONE
TXN0002837,2026-08-30 08:06:56+00:00,159,NETBANKING,HDFC,South,M006,1026.87,0,CUSTOMER_CANCELLED
TXN0002565,2026-08-30 08:07:01+00:00,160,NETBANKING,SBI,West,M003,906.51,1,NONE
TXN0005864,2026-08-30 08:07:02+00:00,160,CARD,HDFC,South,M005,282.29,1,NONE
TXN0004719,2026-08-30 08:07:02+00:00,160,UPI,SBI,North,M001,874.15,1,NONE
TXN0005470,2026-08-30 08:07:04+00:00,160,UPI,ICICI,West,M005,1155.22,0,ISSUER_TIMEOUT
TXN0002045,2026-08-30 08:07:05+00:00,160,UPI,HDFC,Central,M003,2370.99,1,NONE
TXN0001494,2026-08-30 08:07:08+00:00,160,UPI,SBI,West,M001,832.65,1,NONE
TXN0005379,2026-08-30 08:07:11+00:00,160,CARD,KOTAK,Central,M001,871.48,1,NONE
TXN0006280,2026-08-30 08:07:13+00:00,160,UPI,HDFC,North,M003,1559.84,1,NONE
TXN0005798,2026-08-30 08:07:13+00:00,160,WALLET,KOTAK,South,M005,1725.89,1,NONE
TXN0002764,2026-08-30 08:07:15+00:00,160,CARD,HDFC,North,M005,439.47,1,NONE
TXN0005860,2026-08-30 08:07:15+00:00,160,CARD,ICICI,East,M003,3516.32,1,NONE
TXN0005354,2026-08-30 08:07:19+00:00,160,UPI,SBI,West,M003,951.66,1,NONE
TXN0004853,2026-08-30 08:07:19+00:00,160,UPI,AXIS,East,M002,834.06,0,TIMEOUT
TXN0003417,2026-08-30 08:07:22+00:00,160,UPI,HDFC,Central,M001,1826.6,1,NONE
TXN0004843,2026-08-30 08:07:24+00:00,160,UPI,SBI,West,M004,866.62,1,NONE
TXN0004895,2026-08-30 08:07:25+00:00,160,CARD,HDFC,West,M003,1439.82,1,NONE
TXN0001584,2026-08-30 08:07:25+00:00,160,CARD,AXIS,East,M003,3527.47,1,NONE
TXN0003420,2026-08-30 08:07:26+00:00,160,CARD,AXIS,North,M006,737.75,1,NONE
TXN0001686,2026-08-30 08:07:29+00:00,160,UPI,AXIS,North,M001,5134.7,1,NONE
TXN0004684,2026-08-30 08:07:31+00:00,160,UPI,AXIS,West,M004,3073.85,1,NONE
TXN0002762,2026-08-30 08:07:31+00:00,160,CARD,AXIS,North,M005,3700.79,1,NONE
TXN0006605,2026-08-30 08:07:34+00:00,160,UPI,KOTAK,North,M002,6562.45,1,NONE
TXN0001148,2026-08-30 08:07:36+00:00,160,CARD,AXIS,Central,M002,316.46,1,NONE
TXN0003546,2026-08-30 08:07:42+00:00,160,UPI,SBI,West,M004,2293.31,1,NONE
TXN0002963,2026-08-30 08:07:44+00:00,160,UPI,KOTAK,East,M005,8952.81,1,NONE
TXN0006732,2026-08-30 08:07:44+00:00,160,CARD,SBI,South,M006,2343.2,1,NONE
TXN0003978,2026-08-30 08:07:44+00:00,160,UPI,SBI,North,M003,636.15,1,NONE
TXN0001957,2026-08-30 08:07:45+00:00,160,UPI,ICICI,North,M003,3005.16,1,NONE
TXN0003705,2026-08-30 08:07:49+00:00,160,UPI,AXIS,South,M004,1581.15,1,NONE
TXN0000741,2026-08-30 08:07:50+00:00,160,CARD,ICICI,Central,M001,770.72,1,NONE
TXN0002085,2026-08-30 08:07:50+00:00,160,CARD,SBI,North,M002,1692.27,0,CUSTOMER_CANCELLED
TXN0007163,2026-08-30 08:07:51+00:00,160,NETBANKING,ICICI,West,M006,1682.11,1,NONE
TXN0006694,2026-08-30 08:07:51+00:00,160,UPI,ICICI,South,M003,1169.44,1,NONE
TXN0005861,2026-08-30 08:07:52+00:00,160,WALLET,HDFC,North,M002,421.35,1,NONE
TXN0000581,2026-08-30 08:07:53+00:00,160,CARD,KOTAK,East,M003,1076.34,1,NONE
TXN0003697,2026-08-30 08:07:55+00:00,160,NETBANKING,SBI,Central,M003,255.82,1,NONE
TXN0006046,2026-08-30 08:07:55+00:00,160,UPI,KOTAK,East,M004,506.86,1,NONE
TXN0004173,2026-08-30 08:07:58+00:00,160,UPI,HDFC,East,M004,419.59,1,NONE
TXN0006220,2026-08-30 08:07:58+00:00,160,CARD,HDFC,South,M003,1819.8,1,NONE
TXN0000288,2026-08-30 08:07:59+00:00,160,CARD,AXIS,North,M002,256.19,1,NONE
TXN0002643,2026-08-30 08:08:00+00:00,161,CARD,AXIS,West,M001,4695.23,1,NONE
TXN0002920,2026-08-30 08:08:00+00:00,161,WALLET,SBI,South,M003,3927.05,1,NONE
TXN0002222,2026-08-30 08:08:01+00:00,161,UPI,HDFC,South,M006,2330.9,1,NONE
TXN0005685,2026-08-30 08:08:01+00:00,161,CARD,SBI,West,M002,6883.82,1,NONE
TXN0005055,2026-08-30 08:08:02+00:00,161,UPI,ICICI,South,M006,1601.05,1,NONE
TXN0003604,2026-08-30 08:08:05+00:00,161,UPI,HDFC,East,M004,561.36,1,NONE
TXN0005283,2026-08-30 08:08:06+00:00,161,WALLET,KOTAK,North,M002,392.91,1,NONE
TXN0006286,2026-08-30 08:08:07+00:00,161,WALLET,SBI,West,M003,2339.61,1,NONE
TXN0005435,2026-08-30 08:08:07+00:00,161,WALLET,KOTAK,South,M004,270.94,1,NONE
TXN0001598,2026-08-30 08:08:09+00:00,161,CARD,AXIS,Central,M003,4566.19,0,INSUFFICIENT_FUNDS
TXN0004616,2026-08-30 08:08:10+00:00,161,NETBANKING,ICICI,West,M004,987.05,1,NONE
TXN0005883,2026-08-30 08:08:13+00:00,161,UPI,HDFC,South,M003,8361.21,1,NONE
TXN0003424,2026-08-30 08:08:13+00:00,161,UPI,SBI,North,M003,459.48,1,NONE
TXN0003450,2026-08-30 08:08:15+00:00,161,NETBANKING,SBI,North,M004,1064.87,1,NONE
TXN0002983,2026-08-30 08:08:17+00:00,161,UPI,SBI,North,M005,4197.9,1,NONE
TXN0007150,2026-08-30 08:08:20+00:00,161,CARD,ICICI,East,M004,395.31,1,NONE
TXN0005661,2026-08-30 08:08:20+00:00,161,UPI,KOTAK,Central,M005,3643.8,1,NONE
TXN0004846,2026-08-30 08:08:22+00:00,161,UPI,HDFC,South,M005,2399.96,1,NONE
TXN0002289,2026-08-30 08:08:26+00:00,161,NETBANKING,SBI,South,M005,815.04,1,NONE
TXN0006539,2026-08-30 08:08:27+00:00,161,NETBANKING,HDFC,South,M003,441.78,1,NONE
TXN0002201,2026-08-30 08:08:27+00:00,161,CARD,ICICI,South,M002,4160.91,1,NONE
TXN0006957,2026-08-30 08:08:30+00:00,161,NETBANKING,KOTAK,Central,M003,1950.73,1,NONE
TXN0001301,2026-08-30 08:08:30+00:00,161,CARD,AXIS,North,M005,610.46,1,NONE
TXN0003682,2026-08-30 08:08:31+00:00,161,UPI,SBI,South,M001,1031.36,1,NONE
TXN0004484,2026-08-30 08:08:32+00:00,161,UPI,HDFC,East,M006,1393.35,1,NONE
TXN0001397,2026-08-30 08:08:34+00:00,161,UPI,KOTAK,East,M003,10314.74,1,NONE
TXN0004382,2026-08-30 08:08:34+00:00,161,UPI,KOTAK,Central,M002,2898.55,1,NONE
TXN0005980,2026-08-30 08:08:34+00:00,161,CARD,SBI,South,M001,1004.63,1,NONE
TXN0005066,2026-08-30 08:08:35+00:00,161,UPI,AXIS,South,M002,586.76,1,NONE
TXN0006832,2026-08-30 08:08:37+00:00,161,UPI,HDFC,West,M005,782.55,0,CUSTOMER_CANCELLED
TXN0005936,2026-08-30 08:08:38+00:00,161,CARD,AXIS,South,M004,3767.69,1,NONE
TXN0007167,2026-08-30 08:08:41+00:00,161,CARD,AXIS,South,M003,3016.64,1,NONE
TXN0001865,2026-08-30 08:08:43+00:00,161,NETBANKING,SBI,South,M004,1090.24,0,TIMEOUT
TXN0006199,2026-08-30 08:08:45+00:00,161,UPI,HDFC,South,M003,898.48,1,NONE
TXN0001125,2026-08-30 08:08:46+00:00,161,UPI,SBI,Central,M006,740.58,1,NONE
TXN0005747,2026-08-30 08:08:46+00:00,161,WALLET,AXIS,North,M005,1940.06,1,NONE
TXN0001640,2026-08-30 08:08:49+00:00,161,CARD,HDFC,South,M005,1637.57,1,NONE
TXN0000787,2026-08-30 08:08:52+00:00,161,NETBANKING,HDFC,North,M001,2546.35,1,NONE
TXN0006448,2026-08-30 08:08:58+00:00,161,UPI,AXIS,South,M006,6587.6,1,NONE
TXN0005862,2026-08-30 08:08:59+00:00,161,UPI,HDFC,South,M002,1395.69,1,NONE
TXN0000672,2026-08-30 08:09:01+00:00,162,CARD,ICICI,South,M003,2557.09,1,NONE
TXN0006455,2026-08-30 08:09:04+00:00,162,UPI,HDFC,West,M003,6870.65,1,NONE
TXN0000637,2026-08-30 08:09:05+00:00,162,CARD,ICICI,West,M003,863.44,1,NONE
TXN0001078,2026-08-30 08:09:05+00:00,162,UPI,AXIS,North,M005,2300.38,1,NONE
TXN0003026,2026-08-30 08:09:08+00:00,162,UPI,HDFC,Central,M002,1779.92,1,NONE
TXN0006447,2026-08-30 08:09:08+00:00,162,CARD,ICICI,South,M003,9778.0,1,NONE
TXN0002352,2026-08-30 08:09:09+00:00,162,UPI,SBI,South,M001,5156.98,1,NONE
TXN0001144,2026-08-30 08:09:09+00:00,162,CARD,HDFC,Central,M006,7438.98,1,NONE
TXN0005876,2026-08-30 08:09:11+00:00,162,NETBANKING,KOTAK,South,M006,895.53,1,NONE
TXN0002249,2026-08-30 08:09:12+00:00,162,CARD,HDFC,West,M003,1539.57,1,NONE
TXN0002960,2026-08-30 08:09:12+00:00,162,UPI,HDFC,South,M004,1725.16,1,NONE
TXN0003368,2026-08-30 08:09:13+00:00,162,UPI,SBI,South,M001,244.61,1,NONE
TXN0005853,2026-08-30 08:09:14+00:00,162,UPI,HDFC,East,M006,428.07,1,NONE
TXN0000180,2026-08-30 08:09:15+00:00,162,CARD,KOTAK,West,M004,704.35,1,NONE
TXN0006997,2026-08-30 08:09:22+00:00,162,UPI,SBI,South,M001,4180.16,1,NONE
TXN0005467,2026-08-30 08:09:27+00:00,162,WALLET,AXIS,North,M002,1505.55,1,NONE
TXN0001756,2026-08-30 08:09:27+00:00,162,WALLET,ICICI,North,M006,2364.27,1,NONE
TXN0004282,2026-08-30 08:09:28+00:00,162,CARD,HDFC,Central,M005,2677.11,1,NONE
TXN0000506,2026-08-30 08:09:28+00:00,162,NETBANKING,ICICI,South,M001,2151.17,1,NONE
TXN0003224,2026-08-30 08:09:30+00:00,162,UPI,AXIS,Central,M001,4074.09,1,NONE
TXN0001350,2026-08-30 08:09:30+00:00,162,NETBANKING,KOTAK,West,M001,2533.57,1,NONE
TXN0003170,2026-08-30 08:09:31+00:00,162,CARD,SBI,Central,M003,3948.44,1,NONE
TXN0003608,2026-08-30 08:09:32+00:00,162,UPI,AXIS,South,M003,1574.92,1,NONE
TXN0001647,2026-08-30 08:09:34+00:00,162,UPI,HDFC,Central,M001,618.55,1,NONE
TXN0004502,2026-08-30 08:09:35+00:00,162,UPI,AXIS,Central,M002,726.11,1,NONE
TXN0003792,2026-08-30 08:09:35+00:00,162,UPI,SBI,East,M004,1939.1,1,NONE
TXN0000722,2026-08-30 08:09:40+00:00,162,UPI,AXIS,South,M005,630.79,1,NONE
TXN0006899,2026-08-30 08:09:42+00:00,162,NETBANKING,AXIS,West,M004,1015.9,1,NONE
TXN0000006,2026-08-30 08:09:44+00:00,162,UPI,SBI,West,M003,1304.66,1,NONE
TXN0000245,2026-08-30 08:09:46+00:00,162,CARD,SBI,East,M005,1901.58,1,NONE
TXN0006127,2026-08-30 08:09:48+00:00,162,WALLET,SBI,South,M004,8886.46,1,NONE
TXN0000434,2026-08-30 08:09:49+00:00,162,UPI,SBI,South,M003,2623.85,1,NONE
TXN0003061,2026-08-30 08:09:52+00:00,162,CARD,AXIS,West,M002,2510.66,1,NONE
TXN0003219,2026-08-30 08:09:53+00:00,162,UPI,HDFC,South,M002,1535.09,1,NONE
TXN0001801,2026-08-30 08:09:55+00:00,162,CARD,HDFC,West,M003,741.28,1,NONE
TXN0003539,2026-08-30 08:09:57+00:00,162,NETBANKING,SBI,West,M002,2614.17,1,NONE
TXN0000985,2026-08-30 08:09:57+00:00,162,NETBANKING,HDFC,South,M006,1000.64,1,NONE
TXN0000911,2026-08-30 08:09:58+00:00,162,UPI,SBI,North,M002,365.2,1,NONE
TXN0000913,2026-08-30 08:09:58+00:00,162,CARD,SBI,West,M006,648.52,1,NONE
TXN0003776,2026-08-30 08:09:58+00:00,162,CARD,ICICI,West,M001,521.82,1,NONE
TXN0001838,2026-08-30 08:10:01+00:00,163,CARD,AXIS,Central,M005,1142.49,1,NONE
TXN0000113,2026-08-30 08:10:04+00:00,163,NETBANKING,HDFC,West,M002,619.4,1,NONE
TXN0000063,2026-08-30 08:10:07+00:00,163,CARD,AXIS,South,M005,1896.49,1,NONE
TXN0005637,2026-08-30 08:10:08+00:00,163,UPI,ICICI,South,M004,1213.24,0,ISSUER_TIMEOUT
TXN0005330,2026-08-30 08:10:08+00:00,163,CARD,HDFC,West,M005,2034.49,1,NONE
TXN0001217,2026-08-30 08:10:09+00:00,163,UPI,AXIS,East,M005,7195.43,1,NONE
TXN0002158,2026-08-30 08:10:10+00:00,163,CARD,ICICI,Central,M006,881.89,1,NONE
TXN0004293,2026-08-30 08:10:10+00:00,163,UPI,AXIS,South,M005,915.51,1,NONE
TXN0006813,2026-08-30 08:10:11+00:00,163,WALLET,SBI,South,M001,624.64,1,NONE
TXN0001224,2026-08-30 08:10:13+00:00,163,NETBANKING,KOTAK,East,M002,1830.11,1,NONE
TXN0003528,2026-08-30 08:10:15+00:00,163,CARD,AXIS,South,M004,402.86,1,NONE
TXN0005659,2026-08-30 08:10:16+00:00,163,UPI,HDFC,Central,M004,3141.58,1,NONE
TXN0000563,2026-08-30 08:10:16+00:00,163,CARD,HDFC,East,M006,1166.18,1,NONE
TXN0001134,2026-08-30 08:10:17+00:00,163,CARD,SBI,West,M005,1568.67,1,NONE
TXN0002428,2026-08-30 08:10:17+00:00,163,UPI,ICICI,East,M005,333.81,1,NONE
TXN0002439,2026-08-30 08:10:21+00:00,163,CARD,HDFC,West,M005,1287.23,1,NONE
TXN0006966,2026-08-30 08:10:22+00:00,163,WALLET,SBI,West,M004,1509.26,1,NONE
TXN0004507,2026-08-30 08:10:26+00:00,163,UPI,AXIS,South,M004,2240.43,1,NONE
TXN0003211,2026-08-30 08:10:29+00:00,163,UPI,KOTAK,West,M001,310.39,1,NONE
TXN0003529,2026-08-30 08:10:30+00:00,163,UPI,ICICI,East,M002,9376.59,0,ISSUER_TIMEOUT
TXN0004102,2026-08-30 08:10:36+00:00,163,NETBANKING,SBI,South,M004,1577.18,1,NONE
TXN0003338,2026-08-30 08:10:37+00:00,163,UPI,KOTAK,East,M004,1772.57,1,NONE
TXN0002884,2026-08-30 08:10:43+00:00,163,UPI,KOTAK,West,M003,1316.26,1,NONE
TXN0004301,2026-08-30 08:10:43+00:00,163,UPI,SBI,Central,M002,2263.13,1,NONE
TXN0000338,2026-08-30 08:10:44+00:00,163,CARD,AXIS,East,M006,599.91,1,NONE
TXN0000429,2026-08-30 08:10:44+00:00,163,CARD,SBI,North,M004,3027.11,1,NONE
TXN0004481,2026-08-30 08:10:44+00:00,163,UPI,HDFC,West,M003,1858.8,1,NONE
TXN0000346,2026-08-30 08:10:46+00:00,163,UPI,KOTAK,West,M001,3013.69,1,NONE
TXN0002468,2026-08-30 08:10:47+00:00,163,WALLET,SBI,West,M004,1513.5,1,NONE
TXN0004260,2026-08-30 08:10:49+00:00,163,UPI,AXIS,West,M005,409.18,1,NONE
TXN0002244,2026-08-30 08:10:50+00:00,163,CARD,KOTAK,Central,M006,6891.66,1,NONE
TXN0002910,2026-08-30 08:10:51+00:00,163,CARD,SBI,East,M002,665.41,1,NONE
TXN0002646,2026-08-30 08:10:53+00:00,163,UPI,KOTAK,East,M004,679.85,1,NONE
TXN0003060,2026-08-30 08:10:53+00:00,163,CARD,SBI,North,M002,7496.91,1,NONE
TXN0006596,2026-08-30 08:10:55+00:00,163,UPI,KOTAK,Central,M006,1238.92,1,NONE
TXN0005434,2026-08-30 08:10:56+00:00,163,UPI,ICICI,South,M002,1223.07,1,NONE
TXN0006339,2026-08-30 08:10:57+00:00,163,CARD,HDFC,East,M004,434.15,1,NONE
TXN0000299,2026-08-30 08:10:58+00:00,163,UPI,KOTAK,South,M002,503.25,0,CUSTOMER_CANCELLED
TXN0006209,2026-08-30 08:10:58+00:00,163,UPI,KOTAK,East,M002,1054.35,1,NONE
TXN0002187,2026-08-30 08:10:59+00:00,163,UPI,AXIS,North,M006,2680.97,1,NONE
TXN0004663,2026-08-30 08:11:00+00:00,164,WALLET,HDFC,South,M005,1069.51,1,NONE
TXN0005307,2026-08-30 08:11:00+00:00,164,CARD,ICICI,South,M005,1097.37,1,NONE
TXN0004879,2026-08-30 08:11:02+00:00,164,UPI,ICICI,East,M003,883.41,0,ISSUER_TIMEOUT
TXN0001869,2026-08-30 08:11:03+00:00,164,WALLET,SBI,West,M001,1982.37,1,NONE
TXN0001474,2026-08-30 08:11:03+00:00,164,UPI,ICICI,South,M004,3353.31,1,NONE
TXN0000044,2026-08-30 08:11:03+00:00,164,CARD,ICICI,West,M006,3000.92,1,NONE
TXN0002534,2026-08-30 08:11:08+00:00,164,NETBANKING,SBI,West,M006,3055.95,1,NONE
TXN0002632,2026-08-30 08:11:14+00:00,164,CARD,HDFC,West,M002,1974.15,1,NONE
TXN0002567,2026-08-30 08:11:14+00:00,164,CARD,KOTAK,South,M004,6783.5,1,NONE
TXN0006690,2026-08-30 08:11:14+00:00,164,UPI,SBI,West,M003,5146.48,1,NONE
TXN0001360,2026-08-30 08:11:16+00:00,164,UPI,HDFC,Central,M001,1758.77,1,NONE
TXN0004358,2026-08-30 08:11:17+00:00,164,CARD,AXIS,South,M001,779.49,1,NONE
TXN0003123,2026-08-30 08:11:19+00:00,164,WALLET,SBI,South,M002,1493.03,1,NONE
TXN0000334,2026-08-30 08:11:20+00:00,164,UPI,KOTAK,South,M002,782.03,1,NONE
TXN0002719,2026-08-30 08:11:21+00:00,164,UPI,HDFC,North,M002,1157.54,1,NONE
TXN0000570,2026-08-30 08:11:21+00:00,164,CARD,KOTAK,South,M004,2605.17,1,NONE
TXN0005113,2026-08-30 08:11:27+00:00,164,UPI,ICICI,West,M001,2091.1,0,ISSUER_TIMEOUT
TXN0001715,2026-08-30 08:11:27+00:00,164,UPI,SBI,Central,M002,1506.19,1,NONE
TXN0000549,2026-08-30 08:11:28+00:00,164,UPI,ICICI,East,M004,1816.61,0,ISSUER_TIMEOUT
TXN0002400,2026-08-30 08:11:31+00:00,164,WALLET,SBI,South,M004,1203.41,1,NONE
TXN0000379,2026-08-30 08:11:31+00:00,164,UPI,ICICI,West,M003,5034.55,1,NONE
TXN0004120,2026-08-30 08:11:31+00:00,164,NETBANKING,ICICI,North,M005,5579.73,1,NONE
TXN0001243,2026-08-30 08:11:31+00:00,164,UPI,KOTAK,South,M005,4079.02,1,NONE
TXN0006137,2026-08-30 08:11:32+00:00,164,NETBANKING,AXIS,North,M001,1583.4,1,NONE
TXN0006918,2026-08-30 08:11:36+00:00,164,UPI,KOTAK,North,M006,4469.31,1,NONE
TXN0002377,2026-08-30 08:11:37+00:00,164,UPI,ICICI,South,M003,376.02,0,ISSUER_TIMEOUT
TXN0002227,2026-08-30 08:11:39+00:00,164,CARD,KOTAK,West,M003,2403.48,1,NONE
TXN0007030,2026-08-30 08:11:40+00:00,164,UPI,HDFC,West,M001,911.76,1,NONE
TXN0000792,2026-08-30 08:11:40+00:00,164,UPI,SBI,South,M004,934.41,1,NONE
TXN0007157,2026-08-30 08:11:43+00:00,164,UPI,KOTAK,East,M004,4351.53,1,NONE
TXN0001255,2026-08-30 08:11:45+00:00,164,UPI,HDFC,East,M004,478.45,1,NONE
TXN0006313,2026-08-30 08:11:46+00:00,164,CARD,ICICI,South,M004,2315.61,1,NONE
TXN0003632,2026-08-30 08:11:47+00:00,164,UPI,AXIS,Central,M002,2183.93,1,NONE
TXN0002641,2026-08-30 08:11:47+00:00,164,CARD,SBI,East,M004,1051.38,1,NONE
TXN0006633,2026-08-30 08:11:48+00:00,164,NETBANKING,HDFC,West,M003,1333.54,1,NONE
TXN0002438,2026-08-30 08:11:52+00:00,164,UPI,ICICI,North,M003,1338.5,1,NONE
TXN0005899,2026-08-30 08:11:54+00:00,164,CARD,ICICI,North,M006,1772.82,1,NONE
TXN0002258,2026-08-30 08:11:55+00:00,164,WALLET,AXIS,West,M006,3696.66,1,NONE
TXN0003834,2026-08-30 08:11:57+00:00,164,UPI,HDFC,West,M005,4118.34,1,NONE
TXN0000971,2026-08-30 08:11:59+00:00,164,UPI,SBI,West,M002,1080.22,1,NONE
TXN0000815,2026-08-30 08:12:03+00:00,165,UPI,SBI,North,M004,1974.64,1,NONE
TXN0002333,2026-08-30 08:12:04+00:00,165,UPI,ICICI,North,M004,2208.26,0,ISSUER_TIMEOUT
TXN0004548,2026-08-30 08:12:05+00:00,165,CARD,HDFC,South,M006,4287.43,1,NONE
TXN0004205,2026-08-30 08:12:09+00:00,165,UPI,SBI,East,M001,1501.44,1,NONE
TXN0001863,2026-08-30 08:12:10+00:00,165,UPI,ICICI,West,M004,553.21,1,NONE
TXN0001109,2026-08-30 08:12:13+00:00,165,CARD,HDFC,North,M001,2482.27,1,NONE
TXN0002868,2026-08-30 08:12:14+00:00,165,UPI,AXIS,South,M001,7899.16,1,NONE
TXN0004613,2026-08-30 08:12:16+00:00,165,UPI,ICICI,Central,M005,2450.45,1,NONE
TXN0002728,2026-08-30 08:12:18+00:00,165,UPI,ICICI,South,M002,624.88,1,NONE
TXN0000014,2026-08-30 08:12:19+00:00,165,CARD,KOTAK,South,M004,1424.04,1,NONE
TXN0006601,2026-08-30 08:12:21+00:00,165,CARD,SBI,East,M003,945.57,0,CUSTOMER_CANCELLED
TXN0002986,2026-08-30 08:12:22+00:00,165,CARD,AXIS,Central,M001,5233.58,1,NONE
TXN0003118,2026-08-30 08:12:22+00:00,165,NETBANKING,HDFC,North,M002,2892.7,0,CUSTOMER_CANCELLED
TXN0000639,2026-08-30 08:12:23+00:00,165,CARD,HDFC,East,M004,1002.3,1,NONE
TXN0000395,2026-08-30 08:12:24+00:00,165,UPI,SBI,North,M005,1467.25,1,NONE
TXN0003601,2026-08-30 08:12:26+00:00,165,WALLET,HDFC,North,M004,1257.62,1,NONE
TXN0000124,2026-08-30 08:12:28+00:00,165,CARD,HDFC,North,M001,1161.16,1,NONE
TXN0006852,2026-08-30 08:12:29+00:00,165,CARD,SBI,East,M003,974.59,1,NONE
TXN0004587,2026-08-30 08:12:30+00:00,165,CARD,HDFC,West,M003,295.79,1,NONE
TXN0001392,2026-08-30 08:12:33+00:00,165,UPI,KOTAK,West,M002,2384.05,1,NONE
TXN0004777,2026-08-30 08:12:34+00:00,165,UPI,SBI,West,M004,4684.83,1,NONE
TXN0004598,2026-08-30 08:12:34+00:00,165,UPI,AXIS,South,M002,3026.34,1,NONE
TXN0006238,2026-08-30 08:12:35+00:00,165,UPI,KOTAK,North,M006,1916.54,1,NONE
TXN0003514,2026-08-30 08:12:35+00:00,165,CARD,SBI,West,M005,347.13,1,NONE
TXN0000318,2026-08-30 08:12:38+00:00,165,UPI,AXIS,Central,M005,5095.76,1,NONE
TXN0003864,2026-08-30 08:12:40+00:00,165,UPI,HDFC,North,M001,1697.04,1,NONE
TXN0006827,2026-08-30 08:12:40+00:00,165,CARD,SBI,South,M005,2483.34,1,NONE
TXN0003174,2026-08-30 08:12:41+00:00,165,WALLET,AXIS,East,M006,1211.12,1,NONE
TXN0001705,2026-08-30 08:12:43+00:00,165,UPI,SBI,South,M001,890.62,1,NONE
TXN0001883,2026-08-30 08:12:43+00:00,165,UPI,KOTAK,North,M001,2401.46,1,NONE
TXN0001824,2026-08-30 08:12:48+00:00,165,WALLET,HDFC,West,M003,1414.79,1,NONE
TXN0003486,2026-08-30 08:12:49+00:00,165,UPI,KOTAK,South,M004,838.1,1,NONE
TXN0005411,2026-08-30 08:12:50+00:00,165,UPI,ICICI,South,M006,1341.38,1,NONE
TXN0006421,2026-08-30 08:12:53+00:00,165,WALLET,KOTAK,West,M006,2567.94,1,NONE
TXN0006208,2026-08-30 08:12:56+00:00,165,CARD,SBI,South,M004,4478.22,1,NONE
TXN0003003,2026-08-30 08:12:56+00:00,165,CARD,AXIS,Central,M006,2184.69,0,TIMEOUT
TXN0005020,2026-08-30 08:12:56+00:00,165,UPI,SBI,Central,M006,2150.53,1,NONE
TXN0002927,2026-08-30 08:12:59+00:00,165,UPI,HDFC,North,M002,844.23,1,NONE
TXN0003830,2026-08-30 08:12:59+00:00,165,UPI,HDFC,West,M005,2131.15,1,NONE
TXN0000163,2026-08-30 08:12:59+00:00,165,CARD,KOTAK,Central,M006,766.36,1,NONE
TXN0003015,2026-08-30 08:13:00+00:00,166,UPI,HDFC,East,M004,3209.07,1,NONE
TXN0006951,2026-08-30 08:13:00+00:00,166,CARD,AXIS,South,M004,475.4,1,NONE
TXN0001960,2026-08-30 08:13:05+00:00,166,UPI,SBI,Central,M003,3046.86,1,NONE
TXN0005592,2026-08-30 08:13:06+00:00,166,CARD,SBI,East,M002,5726.1,1,NONE
TXN0004736,2026-08-30 08:13:06+00:00,166,CARD,SBI,North,M006,988.68,1,NONE
TXN0002790,2026-08-30 08:13:08+00:00,166,UPI,HDFC,South,M003,1279.41,1,NONE
TXN0002785,2026-08-30 08:13:08+00:00,166,UPI,HDFC,North,M001,948.02,1,NONE
TXN0006987,2026-08-30 08:13:09+00:00,166,UPI,AXIS,North,M002,3670.72,1,NONE
TXN0004052,2026-08-30 08:13:09+00:00,166,UPI,HDFC,South,M002,3410.48,1,NONE
TXN0001878,2026-08-30 08:13:11+00:00,166,NETBANKING,ICICI,South,M002,3923.23,1,NONE
TXN0005820,2026-08-30 08:13:13+00:00,166,CARD,AXIS,East,M002,4719.63,1,NONE
TXN0002943,2026-08-30 08:13:13+00:00,166,CARD,HDFC,South,M006,1996.68,1,NONE
TXN0006888,2026-08-30 08:13:13+00:00,166,CARD,SBI,West,M002,4899.0,1,NONE
TXN0000407,2026-08-30 08:13:14+00:00,166,UPI,ICICI,Central,M003,511.74,0,ISSUER_TIMEOUT
TXN0006984,2026-08-30 08:13:20+00:00,166,CARD,SBI,East,M005,207.89,1,NONE
TXN0000745,2026-08-30 08:13:22+00:00,166,CARD,SBI,South,M005,477.8,1,NONE
TXN0004732,2026-08-30 08:13:22+00:00,166,UPI,SBI,East,M003,1718.25,1,NONE
TXN0002088,2026-08-30 08:13:23+00:00,166,UPI,ICICI,West,M003,2373.06,0,ISSUER_TIMEOUT
TXN0006722,2026-08-30 08:13:24+00:00,166,NETBANKING,KOTAK,Central,M001,2221.97,1,NONE
TXN0003382,2026-08-30 08:13:24+00:00,166,UPI,ICICI,South,M006,607.54,1,NONE
TXN0000870,2026-08-30 08:13:24+00:00,166,UPI,AXIS,East,M006,1053.06,1,NONE
TXN0005100,2026-08-30 08:13:25+00:00,166,UPI,SBI,West,M006,2069.06,1,NONE
TXN0002455,2026-08-30 08:13:25+00:00,166,CARD,AXIS,West,M001,433.76,1,NONE
TXN0002216,2026-08-30 08:13:27+00:00,166,CARD,AXIS,North,M001,653.23,1,NONE
TXN0001661,2026-08-30 08:13:27+00:00,166,CARD,KOTAK,Central,M006,3762.63,1,NONE
TXN0002372,2026-08-30 08:13:29+00:00,166,WALLET,SBI,South,M001,5099.25,1,NONE
TXN0000233,2026-08-30 08:13:34+00:00,166,NETBANKING,SBI,South,M002,1819.89,1,NONE
TXN0006443,2026-08-30 08:13:35+00:00,166,CARD,AXIS,South,M006,1551.99,1,NONE
TXN0005012,2026-08-30 08:13:37+00:00,166,UPI,AXIS,North,M003,440.06,1,NONE
TXN0003249,2026-08-30 08:13:38+00:00,166,NETBANKING,KOTAK,Central,M004,807.92,1,NONE
TXN0003488,2026-08-30 08:13:44+00:00,166,UPI,HDFC,South,M002,1138.89,1,NONE
TXN0000279,2026-08-30 08:13:45+00:00,166,UPI,AXIS,Central,M004,8120.12,1,NONE
TXN0003335,2026-08-30 08:13:45+00:00,166,NETBANKING,ICICI,West,M002,572.1,1,NONE
TXN0002239,2026-08-30 08:13:45+00:00,166,NETBANKING,ICICI,South,M005,464.28,1,NONE
TXN0002268,2026-08-30 08:13:48+00:00,166,UPI,ICICI,South,M002,7307.2,1,NONE
TXN0001539,2026-08-30 08:13:51+00:00,166,CARD,HDFC,South,M004,2054.52,1,NONE
TXN0006893,2026-08-30 08:13:52+00:00,166,UPI,HDFC,Central,M001,886.67,1,NONE
TXN0006659,2026-08-30 08:13:53+00:00,166,CARD,HDFC,West,M003,4212.57,1,NONE
TXN0002829,2026-08-30 08:13:56+00:00,166,NETBANKING,SBI,South,M003,1517.32,1,NONE
TXN0000634,2026-08-30 08:13:59+00:00,166,NETBANKING,HDFC,East,M003,1849.43,1,NONE
TXN0006193,2026-08-30 08:14:00+00:00,167,UPI,HDFC,Central,M004,2094.22,1,NONE
TXN0005398,2026-08-30 08:14:02+00:00,167,CARD,AXIS,West,M006,491.37,1,NONE
TXN0000178,2026-08-30 08:14:03+00:00,167,UPI,ICICI,North,M002,603.17,0,ISSUER_TIMEOUT
TXN0002302,2026-08-30 08:14:09+00:00,167,UPI,AXIS,South,M002,2333.11,1,NONE
TXN0005799,2026-08-30 08:14:11+00:00,167,WALLET,ICICI,West,M003,232.53,1,NONE
TXN0000719,2026-08-30 08:14:12+00:00,167,WALLET,ICICI,North,M003,1231.12,1,NONE
TXN0006626,2026-08-30 08:14:13+00:00,167,UPI,SBI,South,M003,513.52,1,NONE
TXN0004576,2026-08-30 08:14:14+00:00,167,UPI,HDFC,West,M004,3108.46,1,NONE
TXN0002679,2026-08-30 08:14:15+00:00,167,UPI,AXIS,West,M001,2060.27,1,NONE
TXN0001566,2026-08-30 08:14:15+00:00,167,NETBANKING,ICICI,South,M003,1130.89,1,NONE
TXN0000496,2026-08-30 08:14:16+00:00,167,UPI,ICICI,East,M003,1155.74,1,NONE
TXN0003487,2026-08-30 08:14:16+00:00,167,UPI,AXIS,South,M001,2113.09,1,NONE
TXN0000117,2026-08-30 08:14:20+00:00,167,CARD,HDFC,East,M003,561.56,1,NONE
TXN0005821,2026-08-30 08:14:22+00:00,167,CARD,AXIS,East,M002,457.2,1,NONE
TXN0000405,2026-08-30 08:14:25+00:00,167,UPI,ICICI,North,M003,2008.94,1,NONE
TXN0000464,2026-08-30 08:14:26+00:00,167,CARD,HDFC,North,M004,808.8,1,NONE
TXN0002752,2026-08-30 08:14:30+00:00,167,UPI,KOTAK,North,M006,1462.42,1,NONE
TXN0007138,2026-08-30 08:14:31+00:00,167,UPI,SBI,West,M003,1606.74,1,NONE
TXN0003473,2026-08-30 08:14:31+00:00,167,CARD,SBI,West,M002,743.69,1,NONE
TXN0005376,2026-08-30 08:14:32+00:00,167,CARD,ICICI,North,M002,1564.09,1,NONE
TXN0000890,2026-08-30 08:14:35+00:00,167,CARD,SBI,North,M005,2183.63,1,NONE
TXN0002492,2026-08-30 08:14:38+00:00,167,UPI,KOTAK,West,M003,787.89,1,NONE
TXN0000526,2026-08-30 08:14:38+00:00,167,UPI,ICICI,East,M004,744.11,1,NONE
TXN0004100,2026-08-30 08:14:39+00:00,167,UPI,HDFC,North,M005,1617.15,1,NONE
TXN0007006,2026-08-30 08:14:39+00:00,167,CARD,SBI,East,M001,343.0,1,NONE
TXN0006268,2026-08-30 08:14:40+00:00,167,UPI,ICICI,South,M001,2841.26,0,ISSUER_TIMEOUT
TXN0002763,2026-08-30 08:14:40+00:00,167,UPI,AXIS,West,M001,882.76,1,NONE
TXN0006008,2026-08-30 08:14:41+00:00,167,CARD,HDFC,North,M004,734.97,1,NONE
TXN0002514,2026-08-30 08:14:41+00:00,167,UPI,SBI,West,M005,3404.13,1,NONE
TXN0002600,2026-08-30 08:14:42+00:00,167,UPI,HDFC,South,M001,419.71,1,NONE
TXN0004192,2026-08-30 08:14:42+00:00,167,UPI,AXIS,East,M004,1920.59,1,NONE
TXN0001232,2026-08-30 08:14:43+00:00,167,UPI,AXIS,East,M003,997.29,1,NONE
TXN0002373,2026-08-30 08:14:44+00:00,167,NETBANKING,ICICI,East,M006,14918.09,0,TIMEOUT
TXN0005539,2026-08-30 08:14:46+00:00,167,CARD,SBI,South,M004,7934.94,1,NONE
TXN0006934,2026-08-30 08:14:51+00:00,167,UPI,HDFC,South,M001,3016.72,1,NONE
TXN0003906,2026-08-30 08:14:53+00:00,167,NETBANKING,SBI,North,M004,1297.36,1,NONE
TXN0005292,2026-08-30 08:14:56+00:00,167,UPI,HDFC,South,M002,882.25,0,BANK_DECLINED
TXN0004604,2026-08-30 08:14:57+00:00,167,UPI,SBI,East,M006,2883.05,1,NONE
TXN0003273,2026-08-30 08:14:57+00:00,167,UPI,SBI,North,M004,3792.61,0,TIMEOUT
TXN0004134,2026-08-30 08:14:59+00:00,167,CARD,ICICI,North,M006,1294.51,1,NONE
TXN0002092,2026-08-30 08:15:01+00:00,168,UPI,HDFC,North,M005,1773.66,1,NONE
TXN0003121,2026-08-30 08:15:04+00:00,168,UPI,AXIS,North,M006,1652.21,1,NONE
TXN0000463,2026-08-30 08:15:07+00:00,168,WALLET,ICICI,North,M006,560.35,1,NONE
TXN0002413,2026-08-30 08:15:07+00:00,168,UPI,SBI,West,M004,1131.51,1,NONE
TXN0004997,2026-08-30 08:15:10+00:00,168,UPI,SBI,North,M004,3244.27,1,NONE
TXN0006740,2026-08-30 08:15:11+00:00,168,WALLET,SBI,South,M003,2546.69,1,NONE
TXN0002602,2026-08-30 08:15:15+00:00,168,WALLET,SBI,South,M003,821.57,1,NONE
TXN0006792,2026-08-30 08:15:17+00:00,168,CARD,SBI,East,M002,522.41,1,NONE
TXN0001031,2026-08-30 08:15:17+00:00,168,UPI,ICICI,South,M001,1363.59,1,NONE
TXN0000505,2026-08-30 08:15:17+00:00,168,NETBANKING,ICICI,East,M004,1375.54,1,NONE
TXN0002020,2026-08-30 08:15:23+00:00,168,UPI,AXIS,South,M004,1929.09,1,NONE
TXN0003305,2026-08-30 08:15:23+00:00,168,UPI,SBI,North,M003,293.03,1,NONE
TXN0001086,2026-08-30 08:15:24+00:00,168,UPI,HDFC,South,M001,1420.23,1,NONE
TXN0004006,2026-08-30 08:15:25+00:00,168,UPI,HDFC,South,M002,222.29,1,NONE
TXN0002077,2026-08-30 08:15:25+00:00,168,CARD,HDFC,West,M005,759.86,1,NONE
TXN0002744,2026-08-30 08:15:26+00:00,168,UPI,HDFC,North,M001,2118.63,1,NONE
TXN0003028,2026-08-30 08:15:26+00:00,168,CARD,SBI,Central,M006,443.4,1,NONE
TXN0002491,2026-08-30 08:15:27+00:00,168,UPI,KOTAK,West,M002,385.96,1,NONE
TXN0003143,2026-08-30 08:15:27+00:00,168,CARD,SBI,East,M001,1946.98,1,NONE
TXN0001988,2026-08-30 08:15:27+00:00,168,UPI,AXIS,North,M004,15141.7,1,NONE
TXN0004994,2026-08-30 08:15:33+00:00,168,UPI,SBI,Central,M006,517.18,1,NONE
TXN0005377,2026-08-30 08:15:40+00:00,168,UPI,AXIS,North,M003,2997.0,1,NONE
TXN0005930,2026-08-30 08:15:41+00:00,168,UPI,HDFC,North,M006,806.35,1,NONE
TXN0002594,2026-08-30 08:15:42+00:00,168,WALLET,HDFC,Central,M001,2226.78,1,NONE
TXN0004898,2026-08-30 08:15:44+00:00,168,CARD,AXIS,East,M003,642.72,1,NONE
TXN0004686,2026-08-30 08:15:44+00:00,168,UPI,HDFC,West,M005,452.48,1,NONE
TXN0001906,2026-08-30 08:15:45+00:00,168,UPI,AXIS,North,M002,511.47,1,NONE
TXN0005929,2026-08-30 08:15:46+00:00,168,CARD,SBI,North,M005,4633.21,1,NONE
TXN0006118,2026-08-30 08:15:47+00:00,168,CARD,HDFC,South,M003,939.08,1,NONE
TXN0006007,2026-08-30 08:15:47+00:00,168,UPI,ICICI,East,M003,2023.09,0,ISSUER_TIMEOUT
TXN0000989,2026-08-30 08:15:47+00:00,168,UPI,KOTAK,Central,M002,564.92,1,NONE
TXN0000182,2026-08-30 08:15:48+00:00,168,CARD,HDFC,Central,M003,524.65,1,NONE
TXN0005942,2026-08-30 08:15:49+00:00,168,UPI,SBI,West,M005,2803.19,1,NONE
TXN0001369,2026-08-30 08:15:52+00:00,168,UPI,HDFC,South,M002,2458.05,1,NONE
TXN0001337,2026-08-30 08:15:53+00:00,168,WALLET,ICICI,West,M002,2927.31,1,NONE
TXN0002505,2026-08-30 08:15:55+00:00,168,UPI,AXIS,West,M006,1026.64,1,NONE
TXN0004756,2026-08-30 08:15:56+00:00,168,CARD,HDFC,North,M001,1010.44,1,NONE
TXN0006588,2026-08-30 08:15:57+00:00,168,CARD,SBI,North,M002,1013.81,1,NONE
TXN0003446,2026-08-30 08:15:57+00:00,168,UPI,AXIS,South,M003,306.85,1,NONE
TXN0005969,2026-08-30 08:15:58+00:00,168,UPI,AXIS,South,M003,897.55,1,NONE
TXN0003683,2026-08-30 08:16:00+00:00,169,CARD,KOTAK,North,M006,5357.83,1,NONE
TXN0004452,2026-08-30 08:16:02+00:00,169,UPI,SBI,North,M001,1491.6,1,NONE
TXN0006269,2026-08-30 08:16:02+00:00,169,UPI,AXIS,Central,M002,248.33,1,NONE
TXN0001173,2026-08-30 08:16:02+00:00,169,UPI,SBI,North,M001,388.92,1,NONE
TXN0000767,2026-08-30 08:16:03+00:00,169,CARD,HDFC,West,M001,1319.85,1,NONE
TXN0002677,2026-08-30 08:16:04+00:00,169,UPI,HDFC,East,M005,1601.51,1,NONE
TXN0004803,2026-08-30 08:16:05+00:00,169,UPI,AXIS,North,M001,5021.79,1,NONE
TXN0007098,2026-08-30 08:16:07+00:00,169,NETBANKING,SBI,South,M003,6729.11,1,NONE
TXN0005528,2026-08-30 08:16:11+00:00,169,UPI,SBI,South,M006,5259.5,1,NONE
TXN0006603,2026-08-30 08:16:13+00:00,169,NETBANKING,ICICI,South,M004,3825.83,1,NONE
TXN0006749,2026-08-30 08:16:14+00:00,169,WALLET,HDFC,South,M002,1021.98,1,NONE
TXN0001942,2026-08-30 08:16:15+00:00,169,CARD,HDFC,West,M004,1390.25,1,NONE
TXN0001772,2026-08-30 08:16:15+00:00,169,UPI,KOTAK,East,M004,987.72,1,NONE
TXN0001467,2026-08-30 08:16:17+00:00,169,CARD,HDFC,West,M002,771.51,1,NONE
TXN0001873,2026-08-30 08:16:22+00:00,169,WALLET,HDFC,South,M002,1274.42,1,NONE
TXN0003768,2026-08-30 08:16:22+00:00,169,CARD,HDFC,West,M002,404.06,1,NONE
TXN0002897,2026-08-30 08:16:24+00:00,169,CARD,AXIS,South,M001,3423.45,1,NONE
TXN0002180,2026-08-30 08:16:25+00:00,169,UPI,HDFC,North,M004,1649.09,0,BANK_DECLINED
TXN0004924,2026-08-30 08:16:25+00:00,169,UPI,ICICI,South,M002,6846.01,1,NONE
TXN0003177,2026-08-30 08:16:26+00:00,169,CARD,AXIS,West,M001,2121.86,1,NONE
TXN0003936,2026-08-30 08:16:27+00:00,169,CARD,ICICI,South,M002,761.85,1,NONE
TXN0002312,2026-08-30 08:16:29+00:00,169,UPI,ICICI,North,M004,1044.37,0,ISSUER_TIMEOUT
TXN0002095,2026-08-30 08:16:31+00:00,169,CARD,AXIS,West,M005,2000.51,1,NONE
TXN0002618,2026-08-30 08:16:36+00:00,169,UPI,AXIS,North,M002,594.2,1,NONE
TXN0003955,2026-08-30 08:16:36+00:00,169,UPI,HDFC,West,M006,1671.46,1,NONE
TXN0006776,2026-08-30 08:16:36+00:00,169,WALLET,ICICI,South,M004,1375.73,1,NONE
TXN0005635,2026-08-30 08:16:41+00:00,169,UPI,SBI,South,M004,992.77,1,NONE
TXN0001228,2026-08-30 08:16:42+00:00,169,UPI,SBI,North,M002,958.37,1,NONE
TXN0004731,2026-08-30 08:16:42+00:00,169,CARD,SBI,East,M004,2811.76,1,NONE
TXN0006067,2026-08-30 08:16:43+00:00,169,UPI,AXIS,East,M001,3287.1,1,NONE
TXN0002961,2026-08-30 08:16:44+00:00,169,UPI,HDFC,West,M004,372.68,1,NONE
TXN0007169,2026-08-30 08:16:46+00:00,169,UPI,SBI,South,M001,672.45,1,NONE
TXN0003883,2026-08-30 08:16:47+00:00,169,UPI,AXIS,South,M003,1154.28,1,NONE
TXN0002591,2026-08-30 08:16:48+00:00,169,UPI,AXIS,West,M005,2523.46,1,NONE
TXN0007119,2026-08-30 08:16:50+00:00,169,UPI,ICICI,West,M006,1601.22,1,NONE
TXN0001318,2026-08-30 08:16:50+00:00,169,UPI,KOTAK,South,M004,475.62,1,NONE
TXN0002327,2026-08-30 08:16:50+00:00,169,CARD,SBI,West,M002,1460.59,1,NONE
TXN0004688,2026-08-30 08:16:57+00:00,169,CARD,ICICI,West,M001,490.07,1,NONE
TXN0004266,2026-08-30 08:16:59+00:00,169,UPI,ICICI,West,M004,1113.62,1,NONE
TXN0000268,2026-08-30 08:16:59+00:00,169,NETBANKING,AXIS,North,M002,11556.94,1,NONE
TXN0003798,2026-08-30 08:17:00+00:00,170,UPI,SBI,South,M005,1715.6,1,NONE
TXN0002064,2026-08-30 08:17:02+00:00,170,CARD,HDFC,West,M005,2998.89,1,NONE
TXN0001321,2026-08-30 08:17:06+00:00,170,CARD,KOTAK,South,M003,2610.16,1,NONE
TXN0003384,2026-08-30 08:17:08+00:00,170,CARD,HDFC,West,M001,1063.08,1,NONE
TXN0006168,2026-08-30 08:17:09+00:00,170,UPI,ICICI,East,M004,306.66,0,ISSUER_TIMEOUT
TXN0000502,2026-08-30 08:17:11+00:00,170,CARD,AXIS,East,M003,1167.98,1,NONE
TXN0006879,2026-08-30 08:17:12+00:00,170,UPI,SBI,North,M004,2185.83,1,NONE
TXN0006986,2026-08-30 08:17:12+00:00,170,UPI,AXIS,East,M001,3254.72,1,NONE
TXN0003595,2026-08-30 08:17:17+00:00,170,WALLET,AXIS,West,M002,3303.51,1,NONE
TXN0004130,2026-08-30 08:17:19+00:00,170,UPI,HDFC,South,M002,587.45,1,NONE
TXN0003018,2026-08-30 08:17:19+00:00,170,CARD,SBI,North,M003,2179.56,1,NONE
TXN0003027,2026-08-30 08:17:20+00:00,170,CARD,SBI,South,M004,1512.85,1,NONE
TXN0004247,2026-08-30 08:17:20+00:00,170,UPI,KOTAK,South,M004,1974.59,1,NONE
TXN0003068,2026-08-30 08:17:20+00:00,170,UPI,AXIS,North,M003,313.42,1,NONE
TXN0005587,2026-08-30 08:17:22+00:00,170,UPI,HDFC,South,M005,255.55,1,NONE
TXN0000716,2026-08-30 08:17:26+00:00,170,CARD,ICICI,Central,M003,4592.77,1,NONE
TXN0005562,2026-08-30 08:17:30+00:00,170,CARD,SBI,East,M004,654.48,1,NONE
TXN0004929,2026-08-30 08:17:32+00:00,170,UPI,HDFC,South,M006,2021.5,1,NONE
TXN0004356,2026-08-30 08:17:32+00:00,170,CARD,HDFC,West,M005,3437.39,1,NONE
TXN0006342,2026-08-30 08:17:35+00:00,170,CARD,ICICI,East,M005,4214.08,1,NONE
TXN0003996,2026-08-30 08:17:35+00:00,170,UPI,AXIS,South,M006,4504.42,0,TIMEOUT
TXN0005132,2026-08-30 08:17:36+00:00,170,CARD,HDFC,West,M004,6182.35,0,TIMEOUT
TXN0005801,2026-08-30 08:17:37+00:00,170,CARD,AXIS,West,M001,1519.18,1,NONE
TXN0004685,2026-08-30 08:17:38+00:00,170,NETBANKING,SBI,Central,M004,1388.82,1,NONE
TXN0002007,2026-08-30 08:17:38+00:00,170,UPI,AXIS,North,M003,736.84,1,NONE
TXN0000085,2026-08-30 08:17:38+00:00,170,CARD,KOTAK,South,M004,1154.17,1,NONE
TXN0006570,2026-08-30 08:17:40+00:00,170,CARD,HDFC,Central,M004,2320.45,1,NONE
TXN0005600,2026-08-30 08:17:41+00:00,170,CARD,ICICI,West,M003,2668.31,1,NONE
TXN0002226,2026-08-30 08:17:43+00:00,170,NETBANKING,AXIS,West,M001,1938.32,1,NONE
TXN0006311,2026-08-30 08:17:44+00:00,170,CARD,HDFC,South,M002,418.18,1,NONE
TXN0001115,2026-08-30 08:17:44+00:00,170,UPI,AXIS,Central,M004,1348.26,1,NONE
TXN0001177,2026-08-30 08:17:45+00:00,170,NETBANKING,KOTAK,Central,M002,899.05,1,NONE
TXN0007149,2026-08-30 08:17:45+00:00,170,UPI,SBI,East,M006,10475.45,1,NONE
TXN0004730,2026-08-30 08:17:46+00:00,170,UPI,AXIS,West,M002,360.15,1,NONE
TXN0005043,2026-08-30 08:17:47+00:00,170,UPI,ICICI,Central,M005,565.1,1,NONE
TXN0001672,2026-08-30 08:17:51+00:00,170,WALLET,SBI,West,M003,2130.73,1,NONE
TXN0005866,2026-08-30 08:17:51+00:00,170,UPI,SBI,South,M005,759.81,1,NONE
TXN0001248,2026-08-30 08:17:52+00:00,170,UPI,AXIS,South,M004,5362.75,1,NONE
TXN0006795,2026-08-30 08:17:53+00:00,170,UPI,SBI,North,M001,1074.12,1,NONE
TXN0006392,2026-08-30 08:17:53+00:00,170,CARD,ICICI,South,M003,1146.44,1,NONE
TXN0001077,2026-08-30 08:18:02+00:00,171,CARD,SBI,West,M002,3168.72,1,NONE
TXN0000723,2026-08-30 08:18:03+00:00,171,CARD,KOTAK,East,M002,1837.97,1,NONE
TXN0004362,2026-08-30 08:18:03+00:00,171,UPI,AXIS,West,M004,1646.29,1,NONE
TXN0006024,2026-08-30 08:18:04+00:00,171,NETBANKING,HDFC,North,M002,1487.56,1,NONE
TXN0006309,2026-08-30 08:18:05+00:00,171,UPI,ICICI,North,M001,690.32,0,ISSUER_TIMEOUT
TXN0003832,2026-08-30 08:18:06+00:00,171,CARD,HDFC,Central,M006,1606.91,1,NONE
TXN0000977,2026-08-30 08:18:07+00:00,171,UPI,AXIS,West,M001,1481.78,0,BANK_DECLINED
TXN0006669,2026-08-30 08:18:08+00:00,171,WALLET,ICICI,South,M004,1728.38,1,NONE
TXN0005139,2026-08-30 08:18:08+00:00,171,CARD,HDFC,South,M006,2460.01,1,NONE
TXN0005088,2026-08-30 08:18:10+00:00,171,UPI,HDFC,West,M002,3007.77,1,NONE
TXN0006012,2026-08-30 08:18:12+00:00,171,UPI,AXIS,South,M003,1309.69,1,NONE
TXN0002194,2026-08-30 08:18:14+00:00,171,CARD,AXIS,South,M004,4616.08,0,CUSTOMER_CANCELLED
TXN0000603,2026-08-30 08:18:17+00:00,171,CARD,HDFC,South,M004,2421.81,1,NONE
TXN0003968,2026-08-30 08:18:20+00:00,171,UPI,SBI,North,M001,589.45,1,NONE
TXN0005871,2026-08-30 08:18:20+00:00,171,UPI,ICICI,East,M005,725.01,0,ISSUER_TIMEOUT
TXN0004041,2026-08-30 08:18:22+00:00,171,CARD,SBI,Central,M003,517.24,0,INSUFFICIENT_FUNDS
TXN0001768,2026-08-30 08:18:23+00:00,171,UPI,HDFC,South,M004,514.55,1,NONE
TXN0001131,2026-08-30 08:18:24+00:00,171,CARD,AXIS,East,M006,1475.5,0,INSUFFICIENT_FUNDS
TXN0005402,2026-08-30 08:18:29+00:00,171,UPI,AXIS,South,M004,492.97,1,NONE
TXN0001268,2026-08-30 08:18:31+00:00,171,CARD,KOTAK,North,M002,2359.6,1,NONE
TXN0004864,2026-08-30 08:18:36+00:00,171,UPI,AXIS,North,M005,3340.91,1,NONE
TXN0001687,2026-08-30 08:18:37+00:00,171,UPI,HDFC,West,M006,1274.21,1,NONE
TXN0004342,2026-08-30 08:18:39+00:00,171,CARD,SBI,Central,M002,2118.56,1,NONE
TXN0006100,2026-08-30 08:18:40+00:00,171,UPI,HDFC,East,M004,1285.49,1,NONE
TXN0006049,2026-08-30 08:18:40+00:00,171,NETBANKING,SBI,South,M004,894.22,1,NONE
TXN0002950,2026-08-30 08:18:42+00:00,171,UPI,AXIS,West,M006,279.09,1,NONE
TXN0000950,2026-08-30 08:18:42+00:00,171,CARD,AXIS,North,M001,744.96,1,NONE
TXN0000147,2026-08-30 08:18:43+00:00,171,UPI,AXIS,North,M006,2594.8,0,TIMEOUT
TXN0001041,2026-08-30 08:18:44+00:00,171,UPI,SBI,North,M005,4468.65,1,NONE
TXN0003631,2026-08-30 08:18:45+00:00,171,UPI,SBI,South,M004,360.54,1,NONE
TXN0006470,2026-08-30 08:18:45+00:00,171,UPI,SBI,West,M002,2087.81,1,NONE
TXN0001510,2026-08-30 08:18:46+00:00,171,UPI,SBI,Central,M001,1993.95,1,NONE
TXN0004387,2026-08-30 08:18:49+00:00,171,CARD,AXIS,North,M001,975.34,1,NONE
TXN0004037,2026-08-30 08:18:50+00:00,171,WALLET,AXIS,East,M004,769.97,1,NONE
TXN0001072,2026-08-30 08:18:51+00:00,171,UPI,AXIS,South,M006,4080.35,1,NONE
TXN0002640,2026-08-30 08:18:52+00:00,171,UPI,SBI,Central,M001,3942.64,1,NONE
TXN0000684,2026-08-30 08:18:52+00:00,171,CARD,ICICI,North,M001,1480.55,1,NONE
TXN0000384,2026-08-30 08:18:54+00:00,171,UPI,AXIS,West,M006,2175.72,1,NONE
TXN0004923,2026-08-30 08:18:59+00:00,171,UPI,SBI,South,M006,692.4,1,NONE
TXN0001536,2026-08-30 08:18:59+00:00,171,WALLET,ICICI,West,M001,1520.46,1,NONE
TXN0006842,2026-08-30 08:19:00+00:00,172,UPI,ICICI,South,M005,1354.77,1,NONE
TXN0002833,2026-08-30 08:19:00+00:00,172,UPI,HDFC,West,M001,2287.23,1,NONE
TXN0001821,2026-08-30 08:19:01+00:00,172,UPI,SBI,Central,M002,1436.51,1,NONE
TXN0005373,2026-08-30 08:19:02+00:00,172,CARD,SBI,North,M001,2018.63,1,NONE
TXN0001120,2026-08-30 08:19:04+00:00,172,UPI,KOTAK,North,M006,3493.33,1,NONE
TXN0007016,2026-08-30 08:19:04+00:00,172,UPI,HDFC,North,M001,1732.03,1,NONE
TXN0004562,2026-08-30 08:19:09+00:00,172,CARD,AXIS,South,M001,693.43,1,NONE
TXN0002213,2026-08-30 08:19:10+00:00,172,UPI,HDFC,South,M002,3915.18,1,NONE
TXN0001106,2026-08-30 08:19:11+00:00,172,WALLET,HDFC,East,M006,839.2,1,NONE
TXN0002722,2026-08-30 08:19:13+00:00,172,UPI,ICICI,South,M002,135.41,1,NONE
TXN0001513,2026-08-30 08:19:14+00:00,172,CARD,AXIS,North,M006,1592.36,1,NONE
TXN0000345,2026-08-30 08:19:16+00:00,172,NETBANKING,KOTAK,South,M003,232.64,1,NONE
TXN0003892,2026-08-30 08:19:20+00:00,172,UPI,HDFC,North,M006,895.59,1,NONE
TXN0005636,2026-08-30 08:19:23+00:00,172,CARD,KOTAK,Central,M001,1143.44,1,NONE
TXN0006391,2026-08-30 08:19:24+00:00,172,CARD,KOTAK,West,M006,528.88,1,NONE
TXN0001191,2026-08-30 08:19:25+00:00,172,CARD,KOTAK,Central,M004,1550.81,1,NONE
TXN0005154,2026-08-30 08:19:26+00:00,172,CARD,ICICI,East,M005,4610.2,1,NONE
TXN0002828,2026-08-30 08:19:26+00:00,172,UPI,KOTAK,East,M002,1753.62,1,NONE
TXN0003826,2026-08-30 08:19:27+00:00,172,CARD,SBI,East,M004,605.36,1,NONE
TXN0002847,2026-08-30 08:19:33+00:00,172,UPI,AXIS,West,M002,3325.8,1,NONE
TXN0002123,2026-08-30 08:19:33+00:00,172,CARD,HDFC,West,M001,3604.43,1,NONE
TXN0005380,2026-08-30 08:19:34+00:00,172,CARD,SBI,Central,M002,369.02,1,NONE
TXN0001025,2026-08-30 08:19:37+00:00,172,UPI,SBI,Central,M005,1839.38,1,NONE
TXN0002976,2026-08-30 08:19:39+00:00,172,CARD,KOTAK,West,M001,2253.05,1,NONE
TXN0002957,2026-08-30 08:19:42+00:00,172,UPI,KOTAK,Central,M005,3166.95,1,NONE
TXN0001729,2026-08-30 08:19:43+00:00,172,WALLET,KOTAK,West,M003,1956.69,1,NONE
TXN0005197,2026-08-30 08:19:44+00:00,172,WALLET,HDFC,South,M006,841.4,1,NONE
TXN0000072,2026-08-30 08:19:45+00:00,172,UPI,AXIS,North,M001,580.56,1,NONE
TXN0006866,2026-08-30 08:19:46+00:00,172,UPI,HDFC,West,M005,672.18,1,NONE
TXN0001334,2026-08-30 08:19:47+00:00,172,WALLET,ICICI,North,M004,1291.5,1,NONE
TXN0001846,2026-08-30 08:19:48+00:00,172,CARD,AXIS,East,M005,1312.69,1,NONE
TXN0000220,2026-08-30 08:19:49+00:00,172,NETBANKING,HDFC,North,M004,922.74,1,NONE
TXN0006726,2026-08-30 08:19:50+00:00,172,NETBANKING,AXIS,West,M002,2530.76,1,NONE
TXN0003672,2026-08-30 08:19:51+00:00,172,UPI,AXIS,North,M003,1213.4,1,NONE
TXN0003629,2026-08-30 08:19:52+00:00,172,CARD,ICICI,East,M006,1602.5,1,NONE
TXN0000691,2026-08-30 08:19:52+00:00,172,CARD,HDFC,North,M001,221.77,1,NONE
TXN0001233,2026-08-30 08:19:52+00:00,172,UPI,SBI,South,M003,1138.19,1,NONE
TXN0001442,2026-08-30 08:19:57+00:00,172,CARD,SBI,South,M001,3418.72,1,NONE
TXN0004931,2026-08-30 08:19:57+00:00,172,UPI,SBI,South,M002,560.53,1,NONE
TXN0005336,2026-08-30 08:19:58+00:00,172,CARD,ICICI,East,M001,715.17,1,NONE
TXN0003065,2026-08-30 08:20:01+00:00,173,UPI,HDFC,North,M003,812.24,0,INSUFFICIENT_FUNDS
TXN0006131,2026-08-30 08:20:01+00:00,173,UPI,AXIS,Central,M003,6832.03,1,NONE
TXN0002817,2026-08-30 08:20:01+00:00,173,UPI,SBI,West,M004,652.71,1,NONE
TXN0003369,2026-08-30 08:20:04+00:00,173,UPI,AXIS,South,M005,3856.93,1,NONE
TXN0003760,2026-08-30 08:20:05+00:00,173,UPI,ICICI,West,M004,3139.43,0,ISSUER_TIMEOUT
TXN0001823,2026-08-30 08:20:06+00:00,173,CARD,ICICI,East,M001,5002.49,1,NONE
TXN0002882,2026-08-30 08:20:09+00:00,173,UPI,SBI,East,M002,687.28,1,NONE
TXN0000247,2026-08-30 08:20:10+00:00,173,UPI,AXIS,West,M005,1832.33,1,NONE
TXN0003630,2026-08-30 08:20:11+00:00,173,UPI,ICICI,South,M001,3619.7,1,NONE
TXN0000906,2026-08-30 08:20:13+00:00,173,NETBANKING,SBI,West,M005,1062.68,0,BANK_DECLINED
TXN0002142,2026-08-30 08:20:13+00:00,173,UPI,SBI,West,M001,3559.5,1,NONE
TXN0002448,2026-08-30 08:20:16+00:00,173,CARD,SBI,South,M006,2576.48,1,NONE
TXN0006975,2026-08-30 08:20:18+00:00,173,UPI,SBI,South,M006,551.56,0,INSUFFICIENT_FUNDS
TXN0005346,2026-08-30 08:20:20+00:00,173,CARD,ICICI,North,M004,473.65,1,NONE
TXN0007130,2026-08-30 08:20:21+00:00,173,CARD,ICICI,South,M004,4180.93,1,NONE
TXN0006614,2026-08-30 08:20:21+00:00,173,UPI,AXIS,South,M005,1372.93,1,NONE
TXN0004189,2026-08-30 08:20:23+00:00,173,UPI,AXIS,North,M001,1184.55,0,TIMEOUT
TXN0006909,2026-08-30 08:20:23+00:00,173,CARD,KOTAK,North,M005,1735.5,1,NONE
TXN0000343,2026-08-30 08:20:24+00:00,173,UPI,SBI,West,M004,1834.91,1,NONE
TXN0005722,2026-08-30 08:20:24+00:00,173,CARD,KOTAK,West,M005,727.33,1,NONE
TXN0004813,2026-08-30 08:20:24+00:00,173,UPI,SBI,East,M002,3080.98,1,NONE
TXN0004159,2026-08-30 08:20:27+00:00,173,UPI,KOTAK,West,M005,1739.12,1,NONE
TXN0001899,2026-08-30 08:20:28+00:00,173,WALLET,HDFC,North,M005,317.33,1,NONE
TXN0001390,2026-08-30 08:20:30+00:00,173,UPI,HDFC,North,M006,571.61,1,NONE
TXN0002280,2026-08-30 08:20:31+00:00,173,UPI,SBI,South,M004,1872.02,1,NONE
TXN0004424,2026-08-30 08:20:32+00:00,173,UPI,HDFC,South,M002,3086.6,1,NONE
TXN0002770,2026-08-30 08:20:33+00:00,173,CARD,KOTAK,South,M005,2589.0,0,CUSTOMER_CANCELLED
TXN0003680,2026-08-30 08:20:35+00:00,173,UPI,HDFC,West,M002,1001.59,1,NONE
TXN0000915,2026-08-30 08:20:37+00:00,173,UPI,ICICI,South,M006,3783.87,1,NONE
TXN0004274,2026-08-30 08:20:38+00:00,173,CARD,KOTAK,South,M006,1787.68,1,NONE
TXN0001410,2026-08-30 08:20:42+00:00,173,UPI,SBI,South,M006,1919.63,1,NONE
TXN0001974,2026-08-30 08:20:43+00:00,173,UPI,SBI,West,M001,961.8,1,NONE
TXN0001495,2026-08-30 08:20:43+00:00,173,UPI,SBI,South,M002,1796.47,1,NONE
TXN0000601,2026-08-30 08:20:45+00:00,173,CARD,KOTAK,South,M004,659.04,1,NONE
TXN0001052,2026-08-30 08:20:46+00:00,173,UPI,HDFC,North,M006,2844.28,1,NONE
TXN0005846,2026-08-30 08:20:49+00:00,173,WALLET,ICICI,East,M003,2912.75,1,NONE
TXN0005297,2026-08-30 08:20:51+00:00,173,UPI,SBI,South,M004,1662.19,1,NONE
TXN0000138,2026-08-30 08:20:54+00:00,173,NETBANKING,SBI,Central,M004,1641.54,1,NONE
TXN0006376,2026-08-30 08:20:54+00:00,173,UPI,ICICI,South,M004,1794.56,1,NONE
TXN0002850,2026-08-30 08:20:58+00:00,173,CARD,HDFC,Central,M001,3054.21,1,NONE
TXN0000040,2026-08-30 08:21:00+00:00,174,UPI,HDFC,East,M006,1131.12,1,NONE
TXN0006538,2026-08-30 08:21:01+00:00,174,UPI,HDFC,East,M001,1316.41,1,NONE
TXN0003032,2026-08-30 08:21:02+00:00,174,CARD,KOTAK,South,M005,1200.98,1,NONE
TXN0001618,2026-08-30 08:21:02+00:00,174,CARD,KOTAK,South,M001,3941.17,1,NONE
TXN0000316,2026-08-30 08:21:05+00:00,174,UPI,HDFC,West,M001,1422.57,1,NONE
TXN0000827,2026-08-30 08:21:06+00:00,174,CARD,SBI,West,M006,445.2,1,NONE
TXN0001890,2026-08-30 08:21:07+00:00,174,UPI,HDFC,North,M001,1204.76,1,NONE
TXN0000099,2026-08-30 08:21:08+00:00,174,NETBANKING,SBI,South,M006,3330.48,1,NONE
TXN0003598,2026-08-30 08:21:10+00:00,174,CARD,AXIS,Central,M002,4123.84,1,NONE
TXN0003004,2026-08-30 08:21:15+00:00,174,CARD,SBI,East,M001,1079.28,1,NONE
TXN0006297,2026-08-30 08:21:17+00:00,174,UPI,SBI,West,M004,616.67,1,NONE
TXN0000662,2026-08-30 08:21:19+00:00,174,CARD,SBI,East,M001,3147.21,1,NONE
TXN0000470,2026-08-30 08:21:19+00:00,174,NETBANKING,KOTAK,North,M001,601.24,1,NONE
TXN0003154,2026-08-30 08:21:19+00:00,174,CARD,ICICI,South,M006,1961.24,1,NONE
TXN0000300,2026-08-30 08:21:20+00:00,174,CARD,HDFC,West,M006,705.22,1,NONE
TXN0004219,2026-08-30 08:21:20+00:00,174,CARD,KOTAK,West,M005,1344.77,0,CUSTOMER_CANCELLED
TXN0005133,2026-08-30 08:21:21+00:00,174,UPI,KOTAK,North,M003,10715.97,1,NONE
TXN0004643,2026-08-30 08:21:22+00:00,174,UPI,SBI,West,M001,1126.97,1,NONE
TXN0002536,2026-08-30 08:21:24+00:00,174,CARD,SBI,West,M005,186.99,1,NONE
TXN0003759,2026-08-30 08:21:24+00:00,174,WALLET,ICICI,South,M002,2194.44,1,NONE
TXN0000377,2026-08-30 08:21:24+00:00,174,UPI,SBI,Central,M006,439.94,1,NONE
TXN0006527,2026-08-30 08:21:31+00:00,174,CARD,SBI,North,M002,2424.56,1,NONE
TXN0006481,2026-08-30 08:21:31+00:00,174,NETBANKING,SBI,East,M002,1422.17,1,NONE
TXN0003288,2026-08-30 08:21:31+00:00,174,UPI,ICICI,Central,M006,2835.29,0,ISSUER_TIMEOUT
TXN0006425,2026-08-30 08:21:32+00:00,174,UPI,HDFC,East,M004,432.04,1,NONE
TXN0006363,2026-08-30 08:21:33+00:00,174,NETBANKING,AXIS,West,M006,2689.33,1,NONE
TXN0000891,2026-08-30 08:21:33+00:00,174,NETBANKING,AXIS,Central,M005,4190.28,1,NONE
TXN0000105,2026-08-30 08:21:34+00:00,174,UPI,ICICI,South,M001,1478.75,0,ISSUER_TIMEOUT
TXN0002803,2026-08-30 08:21:35+00:00,174,UPI,HDFC,West,M006,2428.59,1,NONE
TXN0003515,2026-08-30 08:21:36+00:00,174,CARD,ICICI,North,M006,6455.07,1,NONE
TXN0001702,2026-08-30 08:21:37+00:00,174,NETBANKING,HDFC,East,M004,1796.18,1,NONE
TXN0003485,2026-08-30 08:21:38+00:00,174,CARD,KOTAK,West,M001,2659.27,1,NONE
TXN0006745,2026-08-30 08:21:38+00:00,174,UPI,HDFC,North,M004,1963.07,1,NONE
TXN0002783,2026-08-30 08:21:48+00:00,174,CARD,ICICI,South,M006,2457.03,1,NONE
TXN0000775,2026-08-30 08:21:53+00:00,174,CARD,AXIS,West,M003,6018.79,1,NONE
TXN0004894,2026-08-30 08:21:53+00:00,174,UPI,HDFC,East,M005,433.95,1,NONE
TXN0006398,2026-08-30 08:21:54+00:00,174,UPI,KOTAK,East,M001,1076.24,1,NONE
TXN0005889,2026-08-30 08:21:57+00:00,174,UPI,HDFC,North,M006,3656.64,1,NONE
TXN0002300,2026-08-30 08:21:57+00:00,174,UPI,SBI,Central,M004,1646.38,1,NONE
TXN0001238,2026-08-30 08:21:59+00:00,174,CARD,HDFC,North,M005,4047.59,1,NONE
TXN0000535,2026-08-30 08:22:01+00:00,175,CARD,KOTAK,East,M004,3110.11,1,NONE
TXN0005757,2026-08-30 08:22:01+00:00,175,UPI,KOTAK,North,M003,3735.02,1,NONE
TXN0005393,2026-08-30 08:22:02+00:00,175,CARD,KOTAK,West,M006,3781.39,1,NONE
TXN0005612,2026-08-30 08:22:05+00:00,175,UPI,ICICI,South,M004,542.0,1,NONE
TXN0002547,2026-08-30 08:22:07+00:00,175,UPI,SBI,Central,M001,825.56,1,NONE
TXN0000650,2026-08-30 08:22:08+00:00,175,WALLET,SBI,South,M005,2209.74,1,NONE
TXN0001183,2026-08-30 08:22:11+00:00,175,NETBANKING,AXIS,East,M001,2438.1,1,NONE
TXN0000622,2026-08-30 08:22:12+00:00,175,UPI,HDFC,East,M001,1281.59,1,NONE
TXN0006326,2026-08-30 08:22:12+00:00,175,CARD,KOTAK,North,M002,1839.51,1,NONE
TXN0002384,2026-08-30 08:22:16+00:00,175,UPI,AXIS,West,M004,884.58,1,NONE
TXN0000069,2026-08-30 08:22:16+00:00,175,UPI,HDFC,Central,M003,1659.35,1,NONE
TXN0000984,2026-08-30 08:22:17+00:00,175,NETBANKING,ICICI,East,M001,983.99,1,NONE
TXN0002183,2026-08-30 08:22:17+00:00,175,WALLET,AXIS,North,M004,832.19,1,NONE
TXN0000393,2026-08-30 08:22:17+00:00,175,UPI,AXIS,West,M006,3928.75,1,NONE
TXN0006298,2026-08-30 08:22:18+00:00,175,WALLET,KOTAK,Central,M001,1462.83,1,NONE
TXN0003811,2026-08-30 08:22:21+00:00,175,CARD,HDFC,South,M002,981.57,1,NONE
TXN0003158,2026-08-30 08:22:21+00:00,175,CARD,HDFC,South,M005,1067.87,1,NONE
TXN0004148,2026-08-30 08:22:21+00:00,175,UPI,ICICI,North,M001,2395.45,0,ISSUER_TIMEOUT
TXN0005129,2026-08-30 08:22:22+00:00,175,NETBANKING,SBI,West,M006,359.53,1,NONE
TXN0003116,2026-08-30 08:22:23+00:00,175,CARD,ICICI,North,M004,1140.53,1,NONE
TXN0006266,2026-08-30 08:22:24+00:00,175,CARD,KOTAK,South,M001,1268.14,1,NONE
TXN0006436,2026-08-30 08:22:29+00:00,175,CARD,ICICI,West,M004,1017.2,1,NONE
TXN0003550,2026-08-30 08:22:33+00:00,175,UPI,AXIS,West,M004,1242.96,1,NONE
TXN0002942,2026-08-30 08:22:34+00:00,175,UPI,AXIS,West,M004,1236.58,1,NONE
TXN0007038,2026-08-30 08:22:36+00:00,175,CARD,HDFC,South,M005,2058.61,1,NONE
TXN0006665,2026-08-30 08:22:37+00:00,175,UPI,ICICI,West,M004,1106.99,1,NONE
TXN0000391,2026-08-30 08:22:39+00:00,175,UPI,AXIS,East,M005,707.68,1,NONE
TXN0004054,2026-08-30 08:22:39+00:00,175,NETBANKING,ICICI,West,M001,4080.57,1,NONE
TXN0003135,2026-08-30 08:22:39+00:00,175,UPI,HDFC,South,M004,3437.73,1,NONE
TXN0002006,2026-08-30 08:22:39+00:00,175,CARD,HDFC,South,M006,2131.49,1,NONE
TXN0007081,2026-08-30 08:22:41+00:00,175,WALLET,AXIS,Central,M006,1789.21,1,NONE
TXN0003513,2026-08-30 08:22:42+00:00,175,WALLET,SBI,North,M001,412.1,1,NONE
TXN0007048,2026-08-30 08:22:46+00:00,175,CARD,HDFC,South,M006,1422.81,1,NONE
TXN0003566,2026-08-30 08:22:46+00:00,175,CARD,SBI,South,M002,605.69,0,TIMEOUT
TXN0005160,2026-08-30 08:22:48+00:00,175,WALLET,SBI,West,M002,3144.5,1,NONE
TXN0004976,2026-08-30 08:22:49+00:00,175,CARD,ICICI,West,M003,1828.44,1,NONE
TXN0002664,2026-08-30 08:22:50+00:00,175,UPI,HDFC,West,M006,1308.26,0,BANK_DECLINED
TXN0006155,2026-08-30 08:22:53+00:00,175,NETBANKING,AXIS,West,M005,1161.2,1,NONE
TXN0000583,2026-08-30 08:22:57+00:00,175,UPI,ICICI,South,M005,2599.0,1,NONE
TXN0005575,2026-08-30 08:22:58+00:00,175,UPI,HDFC,West,M001,2700.0,1,NONE
TXN0002924,2026-08-30 08:23:00+00:00,176,UPI,HDFC,North,M004,498.32,1,NONE
TXN0007104,2026-08-30 08:23:00+00:00,176,UPI,ICICI,West,M003,5179.04,0,ISSUER_TIMEOUT
TXN0005886,2026-08-30 08:23:01+00:00,176,CARD,ICICI,East,M004,540.66,1,NONE
TXN0003637,2026-08-30 08:23:02+00:00,176,CARD,ICICI,Central,M005,511.83,1,NONE
TXN0000546,2026-08-30 08:23:05+00:00,176,CARD,HDFC,West,M003,1087.62,1,NONE
TXN0006273,2026-08-30 08:23:06+00:00,176,NETBANKING,SBI,South,M001,2158.92,1,NONE
TXN0003656,2026-08-30 08:23:07+00:00,176,UPI,AXIS,South,M006,1487.72,1,NONE
TXN0000489,2026-08-30 08:23:09+00:00,176,CARD,HDFC,West,M001,374.48,1,NONE
TXN0007059,2026-08-30 08:23:11+00:00,176,UPI,AXIS,Central,M001,1216.68,1,NONE
TXN0002178,2026-08-30 08:23:12+00:00,176,WALLET,SBI,South,M004,5879.9,1,NONE
TXN0006624,2026-08-30 08:23:16+00:00,176,UPI,SBI,West,M001,2037.69,1,NONE
TXN0004423,2026-08-30 08:23:17+00:00,176,UPI,KOTAK,North,M004,4433.9,1,NONE
TXN0003961,2026-08-30 08:23:24+00:00,176,UPI,HDFC,South,M002,1001.49,1,NONE
TXN0000591,2026-08-30 08:23:25+00:00,176,CARD,AXIS,West,M004,1185.01,1,NONE
TXN0001735,2026-08-30 08:23:25+00:00,176,CARD,AXIS,East,M003,2457.51,1,NONE
TXN0004993,2026-08-30 08:23:26+00:00,176,WALLET,HDFC,North,M005,1401.15,1,NONE
TXN0004512,2026-08-30 08:23:27+00:00,176,WALLET,AXIS,South,M005,1168.0,1,NONE
TXN0004184,2026-08-30 08:23:32+00:00,176,UPI,SBI,South,M005,3795.01,1,NONE
TXN0002875,2026-08-30 08:23:33+00:00,176,NETBANKING,HDFC,South,M002,1665.44,1,NONE
TXN0001664,2026-08-30 08:23:34+00:00,176,CARD,KOTAK,South,M002,1216.8,1,NONE
TXN0000054,2026-08-30 08:23:34+00:00,176,CARD,SBI,Central,M001,1566.13,1,NONE
TXN0001069,2026-08-30 08:23:35+00:00,176,CARD,SBI,East,M001,3452.49,1,NONE
TXN0005316,2026-08-30 08:23:38+00:00,176,CARD,AXIS,West,M004,7359.62,1,NONE
TXN0006807,2026-08-30 08:23:40+00:00,176,UPI,ICICI,East,M006,2121.8,1,NONE
TXN0004108,2026-08-30 08:23:41+00:00,176,UPI,KOTAK,North,M002,1916.42,1,NONE
TXN0002740,2026-08-30 08:23:42+00:00,176,CARD,ICICI,South,M001,1747.88,1,NONE
TXN0000071,2026-08-30 08:23:44+00:00,176,UPI,ICICI,West,M003,465.39,0,ISSUER_TIMEOUT
TXN0003668,2026-08-30 08:23:44+00:00,176,NETBANKING,KOTAK,West,M004,1784.99,1,NONE
TXN0005405,2026-08-30 08:23:44+00:00,176,CARD,ICICI,North,M005,799.35,0,BANK_DECLINED
TXN0006772,2026-08-30 08:23:44+00:00,176,UPI,SBI,West,M004,3128.88,1,NONE
TXN0007144,2026-08-30 08:23:45+00:00,176,UPI,HDFC,West,M004,1291.01,1,NONE
TXN0001692,2026-08-30 08:23:46+00:00,176,CARD,AXIS,West,M001,1503.54,1,NONE
TXN0004139,2026-08-30 08:23:46+00:00,176,CARD,ICICI,East,M003,1137.88,1,NONE
TXN0002916,2026-08-30 08:23:48+00:00,176,UPI,SBI,North,M004,188.65,1,NONE
TXN0004221,2026-08-30 08:23:53+00:00,176,UPI,HDFC,West,M001,1071.2,1,NONE
TXN0004825,2026-08-30 08:23:55+00:00,176,CARD,KOTAK,West,M002,534.56,1,NONE
TXN0006887,2026-08-30 08:23:57+00:00,176,CARD,ICICI,East,M003,3042.18,1,NONE
TXN0002612,2026-08-30 08:23:57+00:00,176,UPI,SBI,West,M005,4033.23,1,NONE
TXN0001172,2026-08-30 08:23:58+00:00,176,UPI,KOTAK,West,M006,1748.03,1,NONE
TXN0004547,2026-08-30 08:23:59+00:00,176,CARD,HDFC,Central,M005,3208.15,0,CUSTOMER_CANCELLED
TXN0000636,2026-08-30 08:24:01+00:00,177,CARD,AXIS,South,M001,1266.73,1,NONE
TXN0003179,2026-08-30 08:24:01+00:00,177,UPI,ICICI,South,M002,1114.58,1,NONE
TXN0003041,2026-08-30 08:24:02+00:00,177,CARD,SBI,West,M003,784.92,1,NONE
TXN0005267,2026-08-30 08:24:03+00:00,177,UPI,HDFC,South,M001,1452.11,1,NONE
TXN0000970,2026-08-30 08:24:04+00:00,177,UPI,SBI,North,M002,746.66,1,NONE
TXN0002637,2026-08-30 08:24:05+00:00,177,CARD,KOTAK,Central,M003,2315.28,1,NONE
TXN0007198,2026-08-30 08:24:06+00:00,177,CARD,ICICI,North,M002,702.38,1,NONE
TXN0003000,2026-08-30 08:24:08+00:00,177,UPI,HDFC,Central,M003,1183.68,1,NONE
TXN0000773,2026-08-30 08:24:08+00:00,177,NETBANKING,AXIS,West,M002,2968.56,1,NONE
TXN0006130,2026-08-30 08:24:09+00:00,177,NETBANKING,ICICI,North,M005,1226.77,1,NONE
TXN0006584,2026-08-30 08:24:11+00:00,177,UPI,HDFC,North,M003,1247.86,1,NONE
TXN0004454,2026-08-30 08:24:13+00:00,177,CARD,KOTAK,North,M001,400.17,1,NONE
TXN0000963,2026-08-30 08:24:16+00:00,177,UPI,KOTAK,North,M002,996.81,1,NONE
TXN0000748,2026-08-30 08:24:17+00:00,177,UPI,SBI,Central,M003,3065.11,1,NONE
TXN0003561,2026-08-30 08:24:17+00:00,177,UPI,AXIS,South,M002,2066.19,1,NONE
TXN0002853,2026-08-30 08:24:19+00:00,177,UPI,AXIS,South,M005,3247.06,1,NONE
TXN0000790,2026-08-30 08:24:19+00:00,177,UPI,SBI,Central,M003,111.12,1,NONE
TXN0001117,2026-08-30 08:24:19+00:00,177,UPI,AXIS,North,M006,2791.59,1,NONE
TXN0000983,2026-08-30 08:24:22+00:00,177,CARD,KOTAK,South,M004,5824.55,1,NONE
TXN0004933,2026-08-30 08:24:22+00:00,177,UPI,SBI,East,M006,818.89,1,NONE
TXN0003916,2026-08-30 08:24:23+00:00,177,CARD,SBI,South,M002,2927.58,1,NONE
TXN0003537,2026-08-30 08:24:24+00:00,177,UPI,KOTAK,North,M005,428.32,1,NONE
TXN0005459,2026-08-30 08:24:25+00:00,177,NETBANKING,HDFC,South,M006,1828.36,0,BANK_DECLINED
TXN0001961,2026-08-30 08:24:27+00:00,177,WALLET,KOTAK,West,M003,1362.22,1,NONE
TXN0000417,2026-08-30 08:24:29+00:00,177,UPI,KOTAK,North,M002,7863.47,1,NONE
TXN0007124,2026-08-30 08:24:30+00:00,177,UPI,AXIS,East,M004,1529.83,1,NONE
TXN0000612,2026-08-30 08:24:31+00:00,177,UPI,ICICI,North,M001,1263.09,0,ISSUER_TIMEOUT
TXN0005845,2026-08-30 08:24:32+00:00,177,CARD,SBI,East,M004,1249.73,1,NONE
TXN0004727,2026-08-30 08:24:34+00:00,177,UPI,KOTAK,South,M002,1101.24,1,NONE
TXN0003134,2026-08-30 08:24:34+00:00,177,UPI,SBI,South,M006,1538.35,1,NONE
TXN0004809,2026-08-30 08:24:39+00:00,177,WALLET,AXIS,Central,M001,2119.19,1,NONE
TXN0005454,2026-08-30 08:24:39+00:00,177,CARD,AXIS,North,M004,620.42,1,NONE
TXN0006774,2026-08-30 08:24:39+00:00,177,UPI,HDFC,East,M006,1317.69,1,NONE
TXN0004678,2026-08-30 08:24:43+00:00,177,UPI,KOTAK,West,M004,2453.95,1,NONE
TXN0001727,2026-08-30 08:24:47+00:00,177,UPI,HDFC,North,M004,7645.44,1,NONE
TXN0002210,2026-08-30 08:24:48+00:00,177,UPI,KOTAK,North,M006,299.66,0,CUSTOMER_CANCELLED
TXN0004466,2026-08-30 08:24:53+00:00,177,CARD,HDFC,South,M006,1268.29,1,NONE
TXN0001122,2026-08-30 08:24:53+00:00,177,NETBANKING,ICICI,South,M004,339.69,1,NONE
TXN0004212,2026-08-30 08:24:54+00:00,177,UPI,KOTAK,North,M001,2904.83,1,NONE
TXN0005512,2026-08-30 08:24:55+00:00,177,CARD,HDFC,Central,M001,655.95,1,NONE
TXN0000130,2026-08-30 08:25:00+00:00,178,UPI,HDFC,South,M004,857.87,1,NONE
TXN0001003,2026-08-30 08:25:02+00:00,178,UPI,ICICI,Central,M005,649.6,1,NONE
TXN0001891,2026-08-30 08:25:02+00:00,178,UPI,AXIS,North,M004,3333.55,1,NONE
TXN0004700,2026-08-30 08:25:03+00:00,178,UPI,ICICI,East,M002,9428.67,1,NONE
TXN0005510,2026-08-30 08:25:03+00:00,178,WALLET,ICICI,West,M004,251.38,1,NONE
TXN0001053,2026-08-30 08:25:06+00:00,178,UPI,AXIS,South,M004,942.84,1,NONE
TXN0004352,2026-08-30 08:25:07+00:00,178,NETBANKING,ICICI,North,M005,1456.28,1,NONE
TXN0002450,2026-08-30 08:25:07+00:00,178,UPI,HDFC,East,M002,1498.12,1,NONE
TXN0002001,2026-08-30 08:25:11+00:00,178,CARD,ICICI,Central,M002,2291.24,0,CUSTOMER_CANCELLED
TXN0000244,2026-08-30 08:25:11+00:00,178,CARD,ICICI,South,M002,1611.58,1,NONE
TXN0002825,2026-08-30 08:25:13+00:00,178,UPI,KOTAK,South,M006,678.26,1,NONE
TXN0002794,2026-08-30 08:25:13+00:00,178,WALLET,ICICI,West,M006,1837.56,1,NONE
TXN0002778,2026-08-30 08:25:14+00:00,178,UPI,HDFC,East,M002,7777.42,1,NONE
TXN0001791,2026-08-30 08:25:14+00:00,178,CARD,ICICI,East,M006,1934.06,0,CUSTOMER_CANCELLED
TXN0003527,2026-08-30 08:25:20+00:00,178,CARD,SBI,South,M002,1182.48,1,NONE
TXN0007001,2026-08-30 08:25:20+00:00,178,UPI,ICICI,North,M006,2035.65,0,ISSUER_TIMEOUT
TXN0000285,2026-08-30 08:25:21+00:00,178,WALLET,ICICI,East,M002,2156.78,1,NONE
TXN0004438,2026-08-30 08:25:22+00:00,178,UPI,SBI,West,M004,14728.93,1,NONE
TXN0003675,2026-08-30 08:25:23+00:00,178,CARD,ICICI,South,M002,1118.28,1,NONE
TXN0005022,2026-08-30 08:25:24+00:00,178,CARD,SBI,South,M001,5124.39,1,NONE
TXN0002908,2026-08-30 08:25:24+00:00,178,CARD,HDFC,West,M001,299.48,1,NONE
TXN0005423,2026-08-30 08:25:27+00:00,178,UPI,AXIS,West,M001,741.63,1,NONE
TXN0000214,2026-08-30 08:25:29+00:00,178,NETBANKING,SBI,South,M001,664.18,1,NONE
TXN0001222,2026-08-30 08:25:31+00:00,178,WALLET,SBI,North,M004,7170.16,1,NONE
TXN0003779,2026-08-30 08:25:31+00:00,178,UPI,HDFC,South,M001,1103.9,1,NONE
TXN0003743,2026-08-30 08:25:31+00:00,178,CARD,AXIS,West,M004,1067.65,1,NONE
TXN0006281,2026-08-30 08:25:34+00:00,178,CARD,AXIS,North,M002,628.42,0,CUSTOMER_CANCELLED
TXN0005616,2026-08-30 08:25:38+00:00,178,UPI,HDFC,West,M005,1560.92,1,NONE
TXN0005170,2026-08-30 08:25:38+00:00,178,UPI,SBI,Central,M005,1541.29,1,NONE
TXN0002230,2026-08-30 08:25:39+00:00,178,UPI,ICICI,South,M005,284.0,1,NONE
TXN0001272,2026-08-30 08:25:39+00:00,178,WALLET,HDFC,Central,M004,966.05,0,INSUFFICIENT_FUNDS
TXN0007033,2026-08-30 08:25:40+00:00,178,UPI,HDFC,West,M002,2795.25,1,NONE
TXN0002374,2026-08-30 08:25:41+00:00,178,NETBANKING,SBI,South,M003,1356.28,1,NONE
TXN0003627,2026-08-30 08:25:42+00:00,178,UPI,HDFC,East,M003,1879.71,1,NONE
TXN0006283,2026-08-30 08:25:45+00:00,178,UPI,HDFC,East,M003,1163.27,1,NONE
TXN0007003,2026-08-30 08:25:51+00:00,178,UPI,SBI,North,M004,3397.95,1,NONE
TXN0004196,2026-08-30 08:25:53+00:00,178,NETBANKING,AXIS,North,M005,811.18,1,NONE
TXN0002805,2026-08-30 08:25:55+00:00,178,UPI,SBI,South,M002,2577.71,1,NONE
TXN0004430,2026-08-30 08:25:57+00:00,178,UPI,SBI,Central,M001,4784.2,1,NONE
TXN0003459,2026-08-30 08:25:58+00:00,178,CARD,KOTAK,West,M002,1648.96,1,NONE
TXN0002157,2026-08-30 08:26:01+00:00,179,CARD,SBI,West,M005,729.85,1,NONE
TXN0002526,2026-08-30 08:26:01+00:00,179,UPI,HDFC,Central,M005,1995.46,1,NONE
TXN0005840,2026-08-30 08:26:04+00:00,179,WALLET,HDFC,North,M003,3803.5,1,NONE
TXN0006567,2026-08-30 08:26:07+00:00,179,NETBANKING,AXIS,East,M005,1927.26,1,NONE
TXN0006343,2026-08-30 08:26:10+00:00,179,UPI,HDFC,South,M004,552.71,1,NONE
TXN0004641,2026-08-30 08:26:10+00:00,179,UPI,SBI,East,M001,904.25,1,NONE
TXN0006511,2026-08-30 08:26:10+00:00,179,CARD,AXIS,West,M003,472.91,0,CUSTOMER_CANCELLED
TXN0005228,2026-08-30 08:26:12+00:00,179,UPI,SBI,South,M005,624.88,1,NONE
TXN0005326,2026-08-30 08:26:12+00:00,179,UPI,SBI,West,M003,1386.81,1,NONE
TXN0006717,2026-08-30 08:26:14+00:00,179,UPI,SBI,West,M002,1511.7,1,NONE
TXN0007050,2026-08-30 08:26:15+00:00,179,WALLET,AXIS,East,M003,3292.21,1,NONE
TXN0003100,2026-08-30 08:26:18+00:00,179,NETBANKING,KOTAK,South,M005,2136.86,1,NONE
TXN0000821,2026-08-30 08:26:20+00:00,179,NETBANKING,SBI,West,M003,916.38,1,NONE
TXN0005666,2026-08-30 08:26:20+00:00,179,CARD,HDFC,North,M004,3067.35,1,NONE
TXN0004229,2026-08-30 08:26:21+00:00,179,UPI,SBI,North,M005,1657.7,1,NONE
TXN0007107,2026-08-30 08:26:22+00:00,179,UPI,AXIS,North,M006,1388.96,1,NONE
TXN0002546,2026-08-30 08:26:23+00:00,179,UPI,KOTAK,West,M004,2016.57,1,NONE
TXN0006548,2026-08-30 08:26:25+00:00,179,NETBANKING,KOTAK,Central,M001,2511.42,1,NONE
TXN0003220,2026-08-30 08:26:27+00:00,179,UPI,SBI,Central,M005,3212.43,1,NONE
TXN0001711,2026-08-30 08:26:30+00:00,179,UPI,AXIS,Central,M006,864.15,1,NONE
TXN0004016,2026-08-30 08:26:30+00:00,179,CARD,ICICI,South,M002,2024.82,1,NONE
TXN0006526,2026-08-30 08:26:33+00:00,179,UPI,AXIS,West,M003,283.24,1,NONE
TXN0000276,2026-08-30 08:26:33+00:00,179,UPI,KOTAK,East,M004,8329.78,1,NONE
TXN0006404,2026-08-30 08:26:33+00:00,179,CARD,HDFC,Central,M006,2869.67,1,NONE
TXN0003092,2026-08-30 08:26:36+00:00,179,UPI,SBI,South,M002,3395.99,1,NONE
TXN0000933,2026-08-30 08:26:38+00:00,179,UPI,AXIS,Central,M006,1263.8,1,NONE
TXN0003500,2026-08-30 08:26:39+00:00,179,UPI,HDFC,East,M001,1498.78,1,NONE
TXN0002675,2026-08-30 08:26:40+00:00,179,CARD,SBI,South,M004,1235.83,1,NONE
TXN0003603,2026-08-30 08:26:40+00:00,179,WALLET,KOTAK,West,M004,2134.14,1,NONE
TXN0004059,2026-08-30 08:26:41+00:00,179,UPI,ICICI,East,M001,1554.51,0,ISSUER_TIMEOUT
TXN0004388,2026-08-30 08:26:42+00:00,179,CARD,SBI,South,M003,2390.53,1,NONE
TXN0005606,2026-08-30 08:26:48+00:00,179,NETBANKING,KOTAK,South,M002,497.74,1,NONE
TXN0006200,2026-08-30 08:26:49+00:00,179,WALLET,AXIS,Central,M001,12951.63,1,NONE
TXN0001018,2026-08-30 08:26:52+00:00,179,UPI,HDFC,East,M003,3162.26,1,NONE
TXN0003927,2026-08-30 08:26:52+00:00,179,UPI,SBI,West,M003,1557.73,1,NONE
TXN0001275,2026-08-30 08:26:53+00:00,179,CARD,ICICI,West,M003,658.23,1,NONE
TXN0001070,2026-08-30 08:26:54+00:00,179,CARD,SBI,East,M002,2803.42,1,NONE
TXN0001716,2026-08-30 08:26:58+00:00,179,NETBANKING,SBI,South,M003,1511.72,1,NONE
TXN0001015,2026-08-30 08:26:58+00:00,179,CARD,KOTAK,Central,M001,2334.6,1,NONE
TXN0001110,2026-08-30 08:26:59+00:00,179,UPI,ICICI,South,M003,7688.6,1,NONE
